marca,modelo,versao,preco_orcamento,ano,potencia_cv,lugares_grupo,cambio,categoria,ambiente_ideal
toyota,Bandeirante,bandeirante-jipe-3-8-capota-aco-curto-1979,,1979,953.0,5,Manual,Indefinido,Rural
toyota,Bandeirante,bandeirante-jipe-3-8-capota-lona-1979,,1979,953.0,5,Manual,Indefinido,Rural
toyota,Bandeirante,bandeirante-picape-3-8-chassi-curto-cs-1979,,1979,953.0,5,Manual,Indefinido,Rural
toyota,Bandeirante,bandeirante-jipe-3-8-capota-aco-curto-1981,,1981,953.0,5,Manual,Indefinido,Rural
toyota,Bandeirante,bandeirante-jipe-3-8-capota-lona-1981,,1981,953.0,5,Manual,Indefinido,Rural
toyota,Bandeirante,bandeirante-picape-3-8-chassi-curto-cs-1981,,1981,953.0,5,Manual,Indefinido,Rural
toyota,Bandeirante,bandeirante-jipe-3-8-capota-aco-curto-1984,,1984,85.0,5,Manual,Indefinido,Rural
toyota,Bandeirante,bandeirante-jipe-3-8-capota-aco-curto-1985,,1985,85.0,5,Manual,Indefinido,Rural
toyota,Bandeirante,bandeirante-jipe-3-8-capota-aco-longo-1985,,1985,85.0,5,Manual,Indefinido,Rural
toyota,Bandeirante,bandeirante-jipe-3-8-capota-lona-1985,,1985,85.0,5,Manual,Indefinido,Rural
toyota,Bandeirante,bandeirante-picape-3-8-chassi-curto-cs-1985,,1985,85.0,5,Manual,Indefinido,Rural
toyota,Bandeirante,bandeirante-picape-3-8-chassi-longo-cd-1985,,1985,85.0,5,Manual,Indefinido,Rural
toyota,Bandeirante,bandeirante-picape-3-8-chassi-longo-cs-1985,,1985,85.0,5,Manual,Indefinido,Rural
toyota,Bandeirante,bandeirante-jipe-3-8-capota-aco-curto-1987,,1987,85.0,5,Manual,Indefinido,Rural
toyota,Bandeirante,bandeirante-jipe-3-8-capota-aco-curto-1988,,1988,,5,Manual,Indefinido,Rural
toyota,Bandeirante,bandeirante-jipe-3-8-capota-aco-longo-1988,,1988,,5,Manual,Indefinido,Rural
toyota,Bandeirante,bandeirante-jipe-3-8-capota-lona-1988,,1988,,5,Manual,Indefinido,Rural
toyota,Bandeirante,bandeirante-picape-3-8-chassi-curto-cs-1988,,1988,,5,Manual,Indefinido,Rural
toyota,Bandeirante,bandeirante-picape-3-8-chassi-longo-cd-1988,,1988,,5,Manual,Indefinido,Rural
toyota,Bandeirante,bandeirante-picape-3-8-chassi-longo-cs-1988,,1988,,5,Manual,Indefinido,Rural
toyota,Bandeirante,bandeirante-jipe-3-8-capota-aco-longo-1989,,1989,85.0,5,Manual,Indefinido,Rural
toyota,Bandeirante,bandeirante-jipe-4-0-capota-aco-curto-1990,,1990,90.0,5,Manual,Indefinido,Rural
toyota,Bandeirante,bandeirante-jipe-4-0-capota-aco-longo-1990,,1990,90.0,5,Manual,Indefinido,Rural
toyota,Bandeirante,bandeirante-jipe-4-0-capota-lona-1990,,1990,90.0,5,Manual,Indefinido,Rural
toyota,Bandeirante,bandeirante-picape-4-0-chassi-curto-cs-1990,,1990,90.0,5,Manual,Indefinido,Rural
toyota,Bandeirante,bandeirante-picape-4-0-chassi-longo-cd-1990,,1990,90.0,5,Manual,Indefinido,Rural
toyota,Bandeirante,bandeirante-picape-4-0-chassi-longo-cs-1990,,1990,90.0,5,Manual,Indefinido,Rural
toyota,Bandeirante,bandeirante-jipe-4-0-capota-aco-curto-1991,,1991,90.0,5,Manual,Indefinido,Rural
toyota,Bandeirante,bandeirante-jipe-4-0-capota-aco-longo-1991,,1991,90.0,5,Manual,Indefinido,Rural
toyota,Bandeirante,bandeirante-jipe-4-0-capota-aco-curto-1992,,1992,90.0,5,Manual,Indefinido,Rural
toyota,Bandeirante,bandeirante-jipe-4-0-capota-aco-longo-1992,,1992,90.0,5,Manual,Indefinido,Rural
toyota,Bandeirante,bandeirante-jipe-4-0-capota-aco-curto-1993,,1993,90.0,5,Manual,Indefinido,Rural
toyota,Bandeirante,bandeirante-jipe-4-0-capota-aco-longo-1993,,1993,90.0,5,Manual,Indefinido,Rural
toyota,Bandeirante,bandeirante-jipe-4-0-capota-lona-1993,,1993,90.0,5,Manual,Indefinido,Rural
toyota,Bandeirante,bandeirante-picape-4-0-chassi-curto-cs-1993,,1993,90.0,5,Manual,Indefinido,Rural
toyota,Bandeirante,bandeirante-picape-4-0-chassi-longo-cd-1993,,1993,90.0,5,Manual,Indefinido,Rural
toyota,Bandeirante,bandeirante-picape-4-0-chassi-longo-cs-1993,,1993,90.0,5,Manual,Indefinido,Rural
toyota,Bandeirante,bandeirante-jipe-3-7-capota-aco-curto-1994,,1994,102.0,5,Manual,Indefinido,Rural
toyota,Bandeirante,bandeirante-jipe-3-7-capota-aco-longo-1994,,1994,102.0,5,Manual,Indefinido,Rural
toyota,Bandeirante,bandeirante-jipe-3-7-capota-lona-1994,,1994,102.0,5,Manual,Indefinido,Rural
toyota,Bandeirante,bandeirante-picape-3-7-chassi-curto-cs-1994,,1994,102.0,5,Manual,Indefinido,Rural
toyota,Bandeirante,bandeirante-picape-3-7-chassi-longo-cd-1994,,1994,102.0,5,Manual,Indefinido,Rural
toyota,Bandeirante,bandeirante-picape-3-7-chassi-longo-cs-1994,,1994,102.0,5,Manual,Indefinido,Rural
toyota,Bandeirante,bandeirante-jipe-3-7-capota-aco-longo-1995,,1995,102.0,5,Manual,Indefinido,Rural
toyota,Bandeirante,bandeirante-jipe-3-7-capota-aco-curto-1996,,1996,6.0,5,Manual,Indefinido,Rural
toyota,Bandeirante,bandeirante-jipe-3-7-capota-aco-longo-1996,,1996,96.0,5,Manual,Indefinido,Rural
toyota,Bandeirante,bandeirante-jipe-3-7-capota-lona-1996,,1996,96.0,5,Manual,Indefinido,Rural
toyota,Bandeirante,bandeirante-picape-3-7-chassi-curto-cs-1996,,1996,96.0,5,Manual,Indefinido,Rural
toyota,Bandeirante,bandeirante-picape-3-7-chassi-longo-cd-1996,,1996,96.0,5,Manual,Indefinido,Rural
toyota,Bandeirante,bandeirante-picape-3-7-chassi-longo-cs-1996,,1996,96.0,5,Manual,Indefinido,Rural
toyota,Bandeirante,bandeirante-jipe-3-7-capota-aco-curto-1998,,1998,6.0,5,Manual,Indefinido,Rural
toyota,Bandeirante,bandeirante-jipe-3-7-capota-aco-curto-1999,,1999,96.0,5,Manual,Indefinido,Rural
toyota,Bandeirante,bandeirante-jipe-3-7-capota-aco-longo-1999,,1999,96.0,5,Manual,Indefinido,Rural
toyota,Bandeirante,bandeirante-jipe-3-7-capota-lona-1999,,1999,96.0,5,Manual,Indefinido,Rural
toyota,Bandeirante,bandeirante-picape-3-7-chassi-curto-cs-1999,,1999,96.0,5,Manual,Indefinido,Rural
toyota,Bandeirante,bandeirante-picape-3-7-chassi-longo-cd-1999,,1999,96.0,5,Manual,Indefinido,Rural
toyota,Bandeirante,bandeirante-picape-3-7-chassi-longo-cd-1999-diesel,,1999,96.0,5,Manual,Indefinido,Rural
toyota,Bandeirante,bandeirante-picape-3-7-chassi-longo-cs-1999,,1999,96.0,5,Manual,Indefinido,Rural
toyota,Bandeirante,bandeirante-jipe-3-7-capota-aco-curto-2000,,2000,,5,Manual,Indefinido,Rural
toyota,Bandeirante,bandeirante-jipe-3-7-capota-aco-longo-2000,,2000,6.0,5,Manual,Indefinido,Rural
toyota,Bandeirante,bandeirante-jipe-3-7-capota-lona-2000,,2000,,5,Manual,Indefinido,Rural
toyota,Bandeirante,bandeirante-picape-3-7-chassi-curto-cs-2000,,2000,6.0,5,Manual,Indefinido,Rural
toyota,Bandeirante,bandeirante-picape-3-7-chassi-longo-cd-2000,,2000,6.0,5,Manual,Indefinido,Rural
toyota,Bandeirante,bandeirante-picape-3-7-chassi-longo-cd-2000-diesel,,2000,6.0,5,Manual,Indefinido,Rural
toyota,Bandeirante,bandeirante-picape-3-7-chassi-longo-cs-2000,,2000,6.0,5,Manual,Indefinido,Rural
toyota,Bandeirante,bandeirante-jipe-3-7-capota-aco-curto-2001,,2001,96.0,5,Manual,Indefinido,Rural
toyota,Bandeirante,bandeirante-jipe-3-7-capota-aco-longo-2001,,2001,96.0,5,Manual,Indefinido,Rural
toyota,Bandeirante,bandeirante-jipe-3-7-capota-lona-2001,,2001,96.0,5,Manual,Indefinido,Rural
toyota,Bandeirante,bandeirante-picape-3-7-chassi-curto-cs-2001,,2001,96.0,5,Manual,Indefinido,Rural
toyota,Bandeirante,bandeirante-picape-3-7-chassi-longo-cd-2001,,2001,96.0,5,Manual,Indefinido,Rural
toyota,Bandeirante,bandeirante-picape-3-7-chassi-longo-cd-2001-diesel,,2001,96.0,5,Manual,Indefinido,Rural
toyota,Bandeirante,bandeirante-picape-3-7-chassi-longo-cs-2001,,2001,96.0,5,Manual,Indefinido,Rural
toyota,Camry,camry-xle-3-0-v6-1992,,1992,188.0,5,Auto,Indefinido,Urbano
toyota,Camry,camry-xle-3-0-v6-1993,,1993,,5,Auto,Indefinido,Urbano
toyota,Camry,camry-le-2-2-1994,,1994,136.0,5,Auto,Indefinido,Urbano
toyota,Camry,camry-xle-3-0-v6-1994,,1994,,5,Auto,Indefinido,Urbano
toyota,Camry,camry-le-2-2-1995,,1995,127.0,5,Auto,Indefinido,Urbano
toyota,Camry,camry-xle-3-0-v6-1995,,1995,188.0,5,Auto,Indefinido,Urbano
toyota,Camry,camry-le-2-2-1996,,1996,,5,Auto,Indefinido,Urbano
toyota,Camry,camry-xle-3-0-v6-1996,,1996,,5,Auto,Indefinido,Urbano
toyota,Camry,camry-le-2-2-1997,,1997,131.0,5,Auto,Indefinido,Urbano
toyota,Camry,camry-xle-3-0-v6-1997,,1997,,5,Auto,Indefinido,Urbano
toyota,Camry,camry-le-2-2-1998,,1998,131.0,5,Auto,Indefinido,Urbano
toyota,Camry,camry-xle-3-0-v6-1998,,1998,191.0,5,Auto,Indefinido,Urbano
toyota,Camry,camry-le-2-2-1999,,1999,131.0,5,Auto,Indefinido,Urbano
toyota,Camry,camry-xle-3-0-v6-1999,,1999,,5,Auto,Indefinido,Urbano
toyota,Camry,camry-le-2-2-2000,,2000,131.0,5,Auto,Indefinido,Urbano
toyota,Camry,camry-xle-3-0-v6-2000,,2000,191.0,5,Auto,Indefinido,Urbano
toyota,Camry,camry-xle-3-0-v6-2001,,2001,191.0,5,Auto,Indefinido,Urbano
toyota,Camry,camry-xle-3-0-v6-2002,,2002,,5,Auto,Indefinido,Urbano
toyota,Camry,camry-xle-3-0-v6-2003,,2003,186.0,5,Auto,Indefinido,Urbano
toyota,Camry,camry-xle-3-0-v6-2004,,2004,,5,Auto,Indefinido,Urbano
toyota,Camry,camry-xle-3-0-v6-2005,,2005,186.0,5,Auto,Indefinido,Urbano
toyota,Camry,camry-xle-3-0-v6-2006,,2006,186.0,5,Auto,Indefinido,Urbano
toyota,Camry,camry-xle-3-5-v6-2007,,2007,284.0,5,Auto,Indefinido,Urbano
toyota,Camry,camry-xle-3-5-v6-2008,,2008,284.0,5,Auto,Indefinido,Urbano
toyota,Camry,camry-xle-3-5-v6-2009,,2009,284.0,5,Auto,Indefinido,Urbano
toyota,Camry,camry-xle-3-5-v6-2010,,2010,284.0,5,Auto,Indefinido,Urbano
toyota,Camry,camry-xle-3-5-v6-2011,,2011,284.0,5,Auto,Indefinido,Urbano
toyota,Camry,camry-xle-3-5-v6-2012,,2012,277.0,5,Auto,Indefinido,Urbano
toyota,Camry,camry-xle-3-5-v6-2013,,2013,277.0,5,Auto,Indefinido,Urbano
toyota,Camry,camry-xle-3-5-v6-2014,,2014,277.0,5,Auto,Indefinido,Urbano
toyota,Camry,camry-xle-3-5-v6-2015,,2015,277.0,5,Auto,Indefinido,Urbano
toyota,Camry,camry-xle-3-5-v6-2016,,2016,277.0,5,Auto,Indefinido,Urbano
toyota,Camry,camry-xle-3-5-v6-2017,,2017,277.0,5,Auto,Indefinido,Urbano
toyota,Camry,camry-xle-3-5-v6-2018,,2018,310.0,5,Auto,Indefinido,Urbano
toyota,Camry,camry-xle-3-5-v6-2019,,2019,310.0,5,Auto,Indefinido,Urbano
toyota,Camry,camry-xle-3-5-v6-2020,,2020,310.0,5,Auto,Indefinido,Urbano
toyota,Camry,camry-xle-2-5-hybrid-2023,,2023,178.0,5,Auto,Indefinido,Urbano
toyota,Camry,camry-xle-hybrid-2-5-2024,,2024,178.0,5,Auto,Indefinido,Urbano
toyota,Corolla,corolla-le-1-8-1993,,1993,115.0,5,Manual,Indefinido,Urbano
toyota,Corolla,corolla-le-1-8-at-1993,,1993,115.0,5,Auto,Indefinido,Urbano
toyota,Corolla,corolla-dx-1-6-1994,,1994,106.0,5,Manual,Indefinido,Urbano
toyota,Corolla,corolla-le-1-8-1994,,1994,115.0,5,Manual,Indefinido,Urbano
toyota,Corolla,corolla-le-1-8-at-1994,,1994,115.0,5,Auto,Indefinido,Urbano
toyota,Corolla,corolla-dx-1-6-1995,,1995,100.0,5,Manual,Indefinido,Urbano
toyota,Corolla,corolla-le-1-8-1995,,1995,115.0,5,Manual,Indefinido,Urbano
toyota,Corolla,corolla-le-1-8-at-1995,,1995,115.0,5,Auto,Indefinido,Urbano
toyota,Corolla,corolla-dx-1-6-1996,,1996,106.0,5,Manual,Indefinido,Urbano
toyota,Corolla,corolla-le-1-8-1996,,1996,115.0,5,Manual,Indefinido,Urbano
toyota,Corolla,corolla-le-1-8-at-1996,,1996,115.0,5,Auto,Indefinido,Urbano
toyota,Corolla,corolla-le-1-8-1997,,1997,115.0,5,Manual,Indefinido,Urbano
toyota,Corolla,corolla-le-1-8-at-1997,,1997,115.0,5,Auto,Indefinido,Urbano
toyota,Corolla,corolla-gli-1-6-1998,,1998,106.0,5,Manual,Indefinido,Urbano
toyota,Corolla,corolla-se-g-1-8-1999,,1999,116.0,5,Manual,Indefinido,Urbano
toyota,Corolla,corolla-se-g-1-8-at-1999,,1999,116.0,5,Auto,Indefinido,Urbano
toyota,Corolla,corolla-xei-1-8-1999,,1999,116.0,5,Manual,Indefinido,Urbano
toyota,Corolla,corolla-xei-1-8-at-1999,,1999,116.0,5,Auto,Indefinido,Urbano
toyota,Corolla,corolla-xli-1-8-1999,,1999,116.0,5,Manual,Indefinido,Urbano
toyota,Corolla,corolla-se-g-1-8-at-2000,,2000,116.0,5,Auto,Indefinido,Urbano
toyota,Corolla,corolla-xei-1-8-2000,,2000,116.0,5,Manual,Indefinido,Urbano
toyota,Corolla,corolla-xei-1-8-at-2000,,2000,116.0,5,Auto,Indefinido,Urbano
toyota,Corolla,corolla-xli-1-8-2000,,2000,116.0,5,Manual,Indefinido,Urbano
toyota,Corolla,corolla-se-g-1-8-at-2001,,2001,116.0,5,Auto,Indefinido,Urbano
toyota,Corolla,corolla-xei-1-8-2001,,2001,116.0,5,Manual,Indefinido,Urbano
toyota,Corolla,corolla-xei-1-8-at-2001,,2001,116.0,5,Auto,Indefinido,Urbano
toyota,Corolla,corolla-xli-1-8-2001,,2001,116.0,5,Manual,Indefinido,Urbano
toyota,Corolla,corolla-xli-1-8-at-2001,,2001,116.0,5,Auto,Indefinido,Urbano
toyota,Corolla,corolla-se-g-1-8-2002,,2002,136.0,5,Manual,Indefinido,Urbano
toyota,Corolla,corolla-se-g-1-8-at-2002,,2002,136.0,5,Auto,Indefinido,Urbano
toyota,Corolla,corolla-xei-1-8-2002,,2002,136.0,5,Manual,Indefinido,Urbano
toyota,Corolla,corolla-xei-1-8-at-2002,,2002,,5,Auto,Indefinido,Urbano
toyota,Corolla,corolla-xli-1-8-2002,,2002,136.0,5,Manual,Indefinido,Urbano
toyota,Corolla,corolla-xli-1-8-at-2002,,2002,136.0,5,Auto,Indefinido,Urbano
toyota,Corolla,corolla-se-g-1-8-at-2003,,2003,136.0,5,Auto,Indefinido,Urbano
toyota,Corolla,corolla-xei-1-8-2003,,2003,136.0,5,Manual,Indefinido,Urbano
toyota,Corolla,corolla-xei-1-8-at-2003,,2003,136.0,5,Auto,Indefinido,Urbano
toyota,Corolla,corolla-xli-1-6-2003,,2003,110.0,5,Manual,Indefinido,Urbano
toyota,Corolla,corolla-xli-1-6-at-2003,,2003,110.0,5,Auto,Indefinido,Urbano
toyota,Corolla,corolla-se-g-1-8-at-2004,,2004,136.0,5,Auto,Indefinido,Urbano
toyota,Corolla,corolla-xei-1-8-2004,,2004,136.0,5,Manual,Indefinido,Urbano
toyota,Corolla,corolla-xei-1-8-at-2004,,2004,136.0,5,Auto,Indefinido,Urbano
toyota,Corolla,corolla-xli-1-6-2004,,2004,110.0,5,Manual,Indefinido,Urbano
toyota,Corolla,corolla-xli-1-6-at-2004,,2004,110.0,5,Auto,Indefinido,Urbano
toyota,Corolla,corolla-se-g-1-8-at-2005,,2005,136.0,5,Auto,Indefinido,Urbano
toyota,Corolla,corolla-xei-1-8-2005,,2005,136.0,5,Manual,Indefinido,Urbano
toyota,Corolla,corolla-xei-1-8-at-2005,,2005,136.0,5,Auto,Indefinido,Urbano
toyota,Corolla,corolla-xli-1-6-2005,,2005,110.0,5,Manual,Indefinido,Urbano
toyota,Corolla,corolla-xli-1-6-at-2005,,2005,110.0,5,Auto,Indefinido,Urbano
toyota,Corolla,corolla-se-g-1-8-at-2006,,2006,136.0,5,Auto,Indefinido,Urbano
toyota,Corolla,corolla-xei-1-8-2006,,2006,136.0,5,Manual,Indefinido,Urbano
toyota,Corolla,corolla-xei-1-8-at-2006,,2006,136.0,5,Auto,Indefinido,Urbano
toyota,Corolla,corolla-xli-1-6-2006,,2006,110.0,5,Manual,Indefinido,Urbano
toyota,Corolla,corolla-xli-1-6-at-2006,,2006,110.0,5,Auto,Indefinido,Urbano
toyota,Corolla,corolla-s-1-8-2007,,2007,136.0,5,Manual,Indefinido,Urbano
toyota,Corolla,corolla-s-1-8-at-2007,,2007,136.0,5,Auto,Indefinido,Urbano
toyota,Corolla,corolla-se-g-1-8-at-2007,,2007,136.0,5,Auto,Indefinido,Urbano
toyota,Corolla,corolla-xei-1-8-2007,,2007,136.0,5,Manual,Indefinido,Urbano
toyota,Corolla,corolla-xei-1-8-at-2007,,2007,136.0,5,Auto,Indefinido,Urbano
toyota,Corolla,corolla-xli-1-6-2007,,2007,110.0,5,Manual,Indefinido,Urbano
toyota,Corolla,corolla-xli-1-6-at-2007,,2007,110.0,5,Auto,Indefinido,Urbano
toyota,Corolla,corolla-se-g-1-8-at-2008,,2008,136.0,5,Auto,Indefinido,Urbano
toyota,Corolla,corolla-xei-1-8-2008,,2008,136.0,5,Manual,Indefinido,Urbano
toyota,Corolla,corolla-xei-1-8-at-2008,,2008,136.0,5,Auto,Indefinido,Urbano
toyota,Corolla,corolla-xli-1-6-at-2008,,2008,110.0,5,Auto,Indefinido,Urbano
toyota,Corolla,corolla-xli-1-8-2008,,2008,,5,Manual,Indefinido,Urbano
toyota,Corolla,corolla-xli-1-8-at-2008,,2008,136.0,5,Auto,Indefinido,Urbano
toyota,Corolla,corolla-se-g-1-8-at-2009,,2009,136.0,5,Auto,Indefinido,Urbano
toyota,Corolla,corolla-xei-1-8-2009,,2009,136.0,5,Manual,Indefinido,Urbano
toyota,Corolla,corolla-xei-1-8-at-2009,,2009,136.0,5,Auto,Indefinido,Urbano
toyota,Corolla,corolla-xli-1-6-at-2009,,2009,110.0,5,Auto,Indefinido,Urbano
toyota,Corolla,corolla-xli-1-8-2009,,2009,136.0,5,Manual,Indefinido,Urbano
toyota,Corolla,corolla-xli-1-8-at-2009,,2009,136.0,5,Auto,Indefinido,Urbano
toyota,Corolla,corolla-gli-1-8-2010,,2010,136.0,5,Manual,Indefinido,Urbano
toyota,Corolla,corolla-gli-1-8-at-2010,,2010,136.0,5,Auto,Indefinido,Urbano
toyota,Corolla,corolla-se-g-1-8-at-2010,,2010,136.0,5,Auto,Indefinido,Urbano
toyota,Corolla,corolla-xei-1-8-2010,,2010,136.0,5,Manual,Indefinido,Urbano
toyota,Corolla,corolla-xei-1-8-at-2010,,2010,136.0,5,Auto,Indefinido,Urbano
toyota,Corolla,corolla-xli-1-6-at-2010,,2010,110.0,5,Auto,Indefinido,Urbano
toyota,Corolla,corolla-xli-1-8-2010,,2010,136.0,5,Manual,Indefinido,Urbano
toyota,Corolla,corolla-xli-1-8-at-2010,,2010,136.0,5,Auto,Indefinido,Urbano
toyota,Corolla,corolla-altis-2-0-2011,,2011,153.0,5,Auto,Indefinido,Urbano
toyota,Corolla,corolla-gli-1-8-2011,,2011,136.0,5,Manual,Indefinido,Urbano
toyota,Corolla,corolla-gli-1-8-at-2011,,2011,136.0,5,Auto,Indefinido,Urbano
toyota,Corolla,corolla-xei-2-0-2011,,2011,153.0,5,Auto,Indefinido,Urbano
toyota,Corolla,corolla-xli-1-8-2011,,2011,136.0,5,Manual,Indefinido,Urbano
toyota,Corolla,corolla-xli-1-8-at-2011,,2011,136.0,5,Auto,Indefinido,Urbano
toyota,Corolla,corolla-altis-2-0-2012,,2012,153.0,5,Auto,Indefinido,Urbano
toyota,Corolla,corolla-gli-1-8-2012,,2012,144.0,5,Manual,Indefinido,Urbano
toyota,Corolla,corolla-gli-1-8-at-2012,,2012,144.0,5,Auto,Indefinido,Urbano
toyota,Corolla,corolla-xei-2-0-2012,,2012,153.0,5,Auto,Indefinido,Urbano
toyota,Corolla,corolla-xli-1-8-2012,,2012,144.0,5,Manual,Indefinido,Urbano
toyota,Corolla,corolla-xli-1-8-at-2012,,2012,144.0,5,Auto,Indefinido,Urbano
toyota,Corolla,corolla-altis-2-0-2013,,2013,153.0,5,Auto,Indefinido,Urbano
toyota,Corolla,corolla-gli-1-8-2013,,2013,144.0,5,Manual,Indefinido,Urbano
toyota,Corolla,corolla-gli-1-8-at-2013,,2013,144.0,5,Auto,Indefinido,Urbano
toyota,Corolla,corolla-xei-2-0-2013,,2013,153.0,5,Auto,Indefinido,Urbano
toyota,Corolla,corolla-xli-1-8-2013,,2013,144.0,5,Manual,Indefinido,Urbano
toyota,Corolla,corolla-xli-1-8-at-2013,,2013,144.0,5,Auto,Indefinido,Urbano
toyota,Corolla,corolla-xrs-2-0-2013,,2013,153.0,5,Auto,Indefinido,Urbano
toyota,Corolla,corolla-altis-2-0-2014,,2014,153.0,5,Auto,Indefinido,Urbano
toyota,Corolla,corolla-gli-1-8-2014,,2014,144.0,5,Manual,Indefinido,Urbano
toyota,Corolla,corolla-gli-1-8-at-2014,,2014,144.0,5,Auto,Indefinido,Urbano
toyota,Corolla,corolla-xei-2-0-2014,,2014,153.0,5,Auto,Indefinido,Urbano
toyota,Corolla,corolla-xli-1-8-2014,,2014,144.0,5,Manual,Indefinido,Urbano
toyota,Corolla,corolla-xli-1-8-at-2014,,2014,144.0,5,Auto,Indefinido,Urbano
toyota,Corolla,corolla-xrs-2-0-2014,,2014,153.0,5,Auto,Indefinido,Urbano
toyota,Corolla,corolla-altis-2-0-2015,,2015,154.0,5,Auto,Indefinido,Urbano
toyota,Corolla,corolla-gli-1-8-2015,,2015,144.0,5,Manual,Indefinido,Urbano
toyota,Corolla,corolla-gli-1-8-at-2015,,2015,144.0,5,Auto,Indefinido,Urbano
toyota,Corolla,corolla-xei-2-0-2015,,2015,154.0,5,Auto,Indefinido,Urbano
toyota,Corolla,corolla-altis-2-0-2016,,2016,154.0,5,Auto,Indefinido,Urbano
toyota,Corolla,corolla-gli-1-8-2016,,2016,144.0,5,Manual,Indefinido,Urbano
toyota,Corolla,corolla-gli-1-8-at-2016,,2016,144.0,5,Auto,Indefinido,Urbano
toyota,Corolla,corolla-gli-upper-1-8-2016,,2016,144.0,5,Auto,Indefinido,Urbano
toyota,Corolla,corolla-xei-2-0-2016,,2016,154.0,5,Auto,Indefinido,Urbano
toyota,Corolla,corolla-altis-2-0-2017,,2017,154.0,5,Auto,Indefinido,Urbano
toyota,Corolla,corolla-dynamic-2-0-2017,,2017,154.0,5,Auto,Indefinido,Urbano
toyota,Corolla,corolla-gli-1-8-2017,,2017,144.0,5,Manual,Indefinido,Urbano
toyota,Corolla,corolla-gli-1-8-at-2017,,2017,144.0,5,Auto,Indefinido,Urbano
toyota,Corolla,corolla-gli-upper-1-8-2017,,2017,144.0,5,Auto,Indefinido,Urbano
toyota,Corolla,corolla-gli-upper-black-1-8-2017,,2017,144.0,5,Auto,Indefinido,Urbano
toyota,Corolla,corolla-xei-2-0-2017,,2017,154.0,5,Auto,Indefinido,Urbano
toyota,Corolla,corolla-altis-2-0-2018,,2018,154.0,5,Auto,Indefinido,Urbano
toyota,Corolla,corolla-gli-1-8-at-2018,,2018,144.0,5,Auto,Indefinido,Urbano
toyota,Corolla,corolla-gli-upper-1-8-2018,,2018,144.0,5,Auto,Indefinido,Urbano
toyota,Corolla,corolla-xei-2-0-2018,,2018,154.0,5,Auto,Indefinido,Urbano
toyota,Corolla,corolla-xrs-2-0-2018,,2018,154.0,5,Auto,Indefinido,Urbano
toyota,Corolla,corolla-altis-2-0-2019,,2019,154.0,5,Auto,Indefinido,Urbano
toyota,Corolla,corolla-gli-1-8-at-2019,,2019,,5,Auto,Indefinido,Urbano
toyota,Corolla,corolla-gli-upper-1-8-2019,,2019,144.0,5,Auto,Indefinido,Urbano
toyota,Corolla,corolla-xei-2-0-2019,,2019,154.0,5,Auto,Indefinido,Urbano
toyota,Corolla,corolla-xrs-2-0-2019,,2019,154.0,5,Auto,Indefinido,Urbano
toyota,Corolla,corolla-altis-2-0-2020,,2020,,5,Auto,Indefinido,Urbano
toyota,Corolla,corolla-altis-hybrid-1-8-2020,,2020,101.0,5,Auto,Indefinido,Urbano
toyota,Corolla,corolla-altis-premium-hybrid-1-8-2020,,2020,101.0,5,Auto,Indefinido,Urbano
toyota,Corolla,corolla-gli-2-0-2020,,2020,,5,Auto,Indefinido,Urbano
toyota,Corolla,corolla-xei-2-0-2020,,2020,,5,Auto,Indefinido,Urbano
toyota,Corolla,corolla-altis-2-0-2021,,2021,,5,Auto,Indefinido,Urbano
toyota,Corolla,corolla-altis-hybrid-1-8-2021,,2021,101.0,5,Auto,Indefinido,Urbano
toyota,Corolla,corolla-altis-premium-hybrid-1-8-2021,,2021,101.0,5,Auto,Indefinido,Urbano
toyota,Corolla,corolla-gli-2-0-2021,,2021,,5,Auto,Indefinido,Urbano
toyota,Corolla,corolla-gr-s-2-0-2021,,2021,177.0,5,Auto,Indefinido,Urbano
toyota,Corolla,corolla-xei-2-0-2021,,2021,,5,Auto,Indefinido,Urbano
toyota,Corolla,corolla-altis-2-0-2022,,2022,,5,Auto,Indefinido,Urbano
toyota,Corolla,corolla-altis-hybrid-1-8-2022,,2022,101.0,5,Auto,Indefinido,Urbano
toyota,Corolla,corolla-altis-premium-hybrid-1-8-2022,,2022,101.0,5,Auto,Indefinido,Urbano
toyota,Corolla,corolla-gli-2-0-2022,,2022,177.0,5,Auto,Indefinido,Urbano
toyota,Corolla,corolla-xei-2-0-2022,,2022,,5,Auto,Indefinido,Urbano
toyota,Corolla,corolla-altis-2-0-2023,,2023,,5,Auto,Indefinido,Urbano
toyota,Corolla,corolla-altis-hybrid-1-8-2023,,2023,101.0,5,Auto,Indefinido,Urbano
toyota,Corolla,corolla-altis-premium-hybrid-1-8-2023,,2023,101.0,5,Auto,Indefinido,Urbano
toyota,Corolla,corolla-gli-2-0-2023,,2023,,5,Auto,Indefinido,Urbano
toyota,Corolla,corolla-gr-s-2-0-2023,,2023,,5,Auto,Indefinido,Urbano
toyota,Corolla,corolla-xei-2-0-2023,,2023,,5,Auto,Indefinido,Urbano
toyota,Corolla,corolla-altis-2-0-2024,,2024,,5,Auto,Indefinido,Urbano
toyota,Corolla,corolla-altis-hybrid-1-8-2024,,2024,101.0,5,Auto,Indefinido,Urbano
toyota,Corolla,corolla-altis-premium-hybrid-1-8-2024,,2024,101.0,5,Auto,Indefinido,Urbano
toyota,Corolla,corolla-gli-2-0-2024,,2024,,5,Auto,Indefinido,Urbano
toyota,Corolla,corolla-gr-s-2-0-2024,,2024,,5,Auto,Indefinido,Urbano
toyota,Corolla,corolla-xei-2-0-2024,,2024,,5,Auto,Indefinido,Urbano
toyota,Corolla,corolla-altis-2-0-2025,,2025,,5,Auto,Indefinido,Urbano
toyota,Corolla,corolla-altis-premium-hybrid-1-8-2025,,2025,101.0,5,Auto,Indefinido,Urbano
toyota,Corolla,corolla-gli-2-0-2025,,2025,,5,Auto,Indefinido,Urbano
toyota,Corolla,corolla-gr-s-2-0-2025,,2025,,5,Auto,Indefinido,Urbano
toyota,Corolla,corolla-xei-2-0-2025,,2025,,5,Auto,Indefinido,Urbano
toyota,Corolla,corolla-altis-2-0-2026,,2026,,5,Auto,Indefinido,Urbano
toyota,Corolla,corolla-altis-premium-hybrid-1-8-2026,,2026,101.0,5,Auto,Indefinido,Urbano
toyota,Corolla,corolla-gli-hybrid-1-8-2026,,2026,101.0,5,Auto,Indefinido,Urbano
toyota,Corolla,corolla-gr-s-2-0-2026,,2026,,5,Auto,Indefinido,Urbano
toyota,Corolla,corolla-xei-2-0-2026,,2026,,5,Auto,Indefinido,Urbano
toyota,Corolla Cross,corolla-cross-altis-2-0-2022,,2022,177.0,5,Auto,Indefinido,Urbano
toyota,Corolla Cross,corolla-cross-altis-hybrid-1-8-2022,,2022,101.0,5,Auto,Indefinido,Urbano
toyota,Corolla Cross,corolla-cross-altis-premium-hybrid-1-8-2022,,2022,101.0,5,Auto,Indefinido,Urbano
toyota,Corolla Cross,corolla-cross-special-edition-hybrid-1-8-2022,,2022,101.0,5,Auto,Indefinido,Urbano
toyota,Corolla Cross,corolla-cross-xei-2-0-2022,,2022,177.0,5,Auto,Indefinido,Urbano
toyota,Corolla Cross,corolla-cross-gr-sport-2-0-2023,,2023,,5,Auto,Indefinido,Urbano
toyota,Corolla Cross,corolla-cross-xr-2-0-2023,,2023,,5,Auto,Indefinido,Urbano
toyota,Corolla Cross,corolla-cross-xre-2-0-2023,,2023,,5,Auto,Indefinido,Urbano
toyota,Corolla Cross,corolla-cross-xrv-hybrid-1-8-2023,,2023,101.0,5,Auto,Indefinido,Urbano
toyota,Corolla Cross,corolla-cross-xrx-hybrid-1-8-2023,,2023,101.0,5,Auto,Indefinido,Urbano
toyota,Corolla Cross,corolla-cross-gr-sport-2-0-2024,,2024,,5,Auto,Indefinido,Urbano
toyota,Corolla Cross,corolla-cross-xr-2-0-2024,,2024,,5,Auto,Indefinido,Urbano
toyota,Corolla Cross,corolla-cross-xre-2-0-2024,,2024,,5,Auto,Indefinido,Urbano
toyota,Corolla Cross,corolla-cross-xrv-hybrid-1-8-2024,,2024,101.0,5,Auto,Indefinido,Urbano
toyota,Corolla Cross,corolla-cross-xrx-2-0-2024,,2024,,5,Auto,Indefinido,Urbano
toyota,Corolla Cross,corolla-cross-xrx-hybrid-1-8-2024,,2024,101.0,5,Auto,Indefinido,Urbano
toyota,Corolla Cross,corolla-cross-gr-sport-2-0-2025,,2025,,5,Auto,Indefinido,Urbano
toyota,Corolla Cross,corolla-cross-xr-2-0-2025,,2025,,5,Auto,Indefinido,Urbano
toyota,Corolla Cross,corolla-cross-xre-2-0-2025,,2025,,5,Auto,Indefinido,Urbano
toyota,Corolla Cross,corolla-cross-xrv-hybrid-1-8-2025,,2025,101.0,5,Auto,Indefinido,Urbano
toyota,Corolla Cross,corolla-cross-xrx-2-0-2025,,2025,,5,Auto,Indefinido,Urbano
toyota,Corolla Cross,corolla-cross-xrx-hybrid-1-8-2025,,2025,101.0,5,Auto,Indefinido,Urbano
toyota,Corolla Cross,corolla-cross-gr-sport-2-0-2026,,2026,,5,Auto,Indefinido,Urbano
toyota,Corolla Cross,corolla-cross-xr-2-0-2026,,2026,,5,Auto,Indefinido,Urbano
toyota,Corolla Cross,corolla-cross-xre-2-0-2026,,2026,,5,Auto,Indefinido,Urbano
toyota,Corolla Cross,corolla-cross-xrv-hybrid-1-8-2026,,2026,101.0,5,Auto,Indefinido,Urbano
toyota,Corolla Cross,corolla-cross-xrx-2-0-2026,,2026,,5,Auto,Indefinido,Urbano
toyota,Corolla Cross,corolla-cross-xrx-hybrid-1-8-2026,,2026,101.0,5,Auto,Indefinido,Urbano
toyota,Corolla Hatch,corolla-hatch-gr-circuit-edition-1-6-2024,,2024,304.0,5,Manual,Indefinido,Rural
toyota,Corolla Hatch,corolla-hatch-gr-core-1-6-2024,,2024,304.0,5,Manual,Indefinido,Rural
toyota,Corolla Hatch,corolla-hatch-gr-circuit-edition-1-6-2025,,2025,304.0,5,Manual,Indefinido,Rural
toyota,Corolla Hatch,corolla-hatch-gr-core-1-6-2025,,2025,304.0,5,Manual,Indefinido,Rural
toyota,Corolla Wagon,corolla-wagon-le-1-8-1993,,1993,117.0,5,Auto,Indefinido,Urbano
toyota,Corolla Wagon,corolla-wagon-le-1-8-1994,,1994,117.0,5,Auto,Indefinido,Urbano
toyota,Corolla Wagon,corolla-wagon-le-1-8-1995,,1995,117.0,5,Auto,Indefinido,Urbano
toyota,Corolla Wagon,corolla-wagon-le-1-8-1996,,1996,117.0,5,Auto,Indefinido,Urbano
toyota,Corolla Wagon,corolla-wagon-le-1-8-1997,,1997,117.0,5,Auto,Indefinido,Urbano
toyota,Corolla Wagon,corolla-wagon-xli-1-6-1998,,1998,106.0,5,Manual,Indefinido,Urbano
toyota,Corona,corona-2-0-at-1996,,1996,126.0,5,Auto,Indefinido,Urbano
toyota,Corona,corona-gli-2-0-1996,,1996,126.0,5,Manual,Indefinido,Urbano
toyota,Corona,corona-2-0-at-1997,,1997,126.0,5,Auto,Indefinido,Urbano
toyota,Corona,corona-gli-2-0-1997,,1997,126.0,5,Manual,Indefinido,Urbano
toyota,Corona,corona-2-0-at-1998,,1998,128.0,5,Auto,Indefinido,Urbano
toyota,Corona,corona-gli-2-0-1998,,1998,128.0,5,Manual,Indefinido,Urbano
toyota,Etios,etios-1-3-2013,,2013,90.0,5,Manual,Indefinido,Urbano
toyota,Etios,etios-x-1-3-2013,,2013,90.0,5,Manual,Indefinido,Urbano
toyota,Etios,etios-xls-1-5-2013,,2013,96.5,5,Manual,Indefinido,Urbano
toyota,Etios,etios-xs-1-3-2013,,2013,90.0,5,Manual,Indefinido,Urbano
toyota,Etios,etios-1-3-2014,,2014,90.0,5,Manual,Indefinido,Urbano
toyota,Etios,etios-cross-1-5-2014,,2014,96.5,5,Manual,Indefinido,Urbano
toyota,Etios,etios-platinum-1-5-2014,,2014,96.5,5,Manual,Indefinido,Urbano
toyota,Etios,etios-x-1-3-2014,,2014,90.0,5,Manual,Indefinido,Urbano
toyota,Etios,etios-xls-1-5-2014,,2014,96.5,5,Manual,Indefinido,Urbano
toyota,Etios,etios-xs-1-5-2014,,2014,96.5,5,Manual,Indefinido,Urbano
toyota,Etios,etios-cross-1-5-2015,,2015,96.5,5,Manual,Indefinido,Urbano
toyota,Etios,etios-platinum-1-5-2015,,2015,96.5,5,Manual,Indefinido,Urbano
toyota,Etios,etios-x-1-3-2015,,2015,90.0,5,Manual,Indefinido,Urbano
toyota,Etios,etios-xls-1-5-2015,,2015,96.5,5,Manual,Indefinido,Urbano
toyota,Etios,etios-xs-1-5-2015,,2015,96.5,5,Manual,Indefinido,Urbano
toyota,Etios,etios-cross-1-5-2016,,2016,96.5,5,Manual,Indefinido,Urbano
toyota,Etios,etios-platinum-1-5-2016,,2016,96.5,5,Manual,Indefinido,Urbano
toyota,Etios,etios-x-1-3-2016,,2016,90.0,5,Manual,Indefinido,Urbano
toyota,Etios,etios-xls-1-5-2016,,2016,96.5,5,Manual,Indefinido,Urbano
toyota,Etios,etios-xs-1-5-2016,,2016,96.5,5,Manual,Indefinido,Urbano
toyota,Etios,etios-cross-1-5-2017,,2017,107.0,5,Manual,Indefinido,Urbano
toyota,Etios,etios-cross-1-5-at-2017,,2017,107.0,5,Auto,Indefinido,Urbano
toyota,Etios,etios-platinum-1-5-at-2017,,2017,107.0,5,Auto,Indefinido,Urbano
toyota,Etios,etios-ready-1-5-at-2017,,2017,107.0,5,Auto,Indefinido,Urbano
toyota,Etios,etios-x-1-3-2017,,2017,98.0,5,Manual,Indefinido,Urbano
toyota,Etios,etios-x-1-3-at-2017,,2017,98.0,5,Auto,Indefinido,Urbano
toyota,Etios,etios-xls-1-5-2017,,2017,107.0,5,Manual,Indefinido,Urbano
toyota,Etios,etios-xls-1-5-at-2017,,2017,107.0,5,Auto,Indefinido,Urbano
toyota,Etios,etios-xs-1-5-2017,,2017,107.0,5,Manual,Indefinido,Urbano
toyota,Etios,etios-xs-1-5-at-2017,,2017,107.0,5,Auto,Indefinido,Urbano
toyota,Etios,etios-cross-1-5-2018,,2018,,5,Manual,Indefinido,Urbano
toyota,Etios,etios-cross-1-5-at-2018,,2018,107.0,5,Auto,Indefinido,Urbano
toyota,Etios,etios-platinum-1-5-at-2018,,2018,107.0,5,Auto,Indefinido,Urbano
toyota,Etios,etios-ready-1-5-at-2018,,2018,107.0,5,Auto,Indefinido,Urbano
toyota,Etios,etios-x-1-3-2018,,2018,98.0,5,Manual,Indefinido,Urbano
toyota,Etios,etios-x-1-3-at-2018,,2018,98.0,5,Auto,Indefinido,Urbano
toyota,Etios,etios-xls-1-5-at-2018,,2018,107.0,5,Auto,Indefinido,Urbano
toyota,Etios,etios-xs-1-5-2018,,2018,107.0,5,Manual,Indefinido,Urbano
toyota,Etios,etios-xs-1-5-at-2018,,2018,107.0,5,Auto,Indefinido,Urbano
toyota,Etios,etios-platinum-1-5-at-2019,,2019,107.0,5,Auto,Indefinido,Urbano
toyota,Etios,etios-x-1-3-2019,,2019,98.0,5,Manual,Indefinido,Urbano
toyota,Etios,etios-x-1-3-at-2019,,2019,98.0,5,Auto,Indefinido,Urbano
toyota,Etios,etios-x-plus-1-5-2019,,2019,107.0,5,Manual,Indefinido,Urbano
toyota,Etios,etios-x-plus-1-5-at-2019,,2019,107.0,5,Auto,Indefinido,Urbano
toyota,Etios,etios-x-std-1-3-2019,,2019,98.0,5,Manual,Indefinido,Urbano
toyota,Etios,etios-xls-1-5-at-2019,,2019,107.0,5,Auto,Indefinido,Urbano
toyota,Etios,etios-x-1-3-2020,,2020,,5,Manual,Indefinido,Urbano
toyota,Etios,etios-x-1-3-at-2020,,2020,,5,Auto,Indefinido,Urbano
toyota,Etios,etios-x-plus-1-5-2020,,2020,,5,Manual,Indefinido,Urbano
toyota,Etios,etios-x-plus-1-5-at-2020,,2020,,5,Auto,Indefinido,Urbano
toyota,Etios,etios-x-1-3-2021,,2021,,5,Manual,Indefinido,Urbano
toyota,Etios,etios-x-1-3-at-2021,,2021,,5,Auto,Indefinido,Urbano
toyota,Etios,etios-x-plus-1-5-2021,,2021,,5,Manual,Indefinido,Urbano
toyota,Etios,etios-x-plus-1-5-at-2021,,2021,107.0,5,Auto,Indefinido,Urbano
toyota,Etios Sedan,etios-sedan-x-1-5-2013,,2013,96.5,5,Manual,Indefinido,Urbano
toyota,Etios Sedan,etios-sedan-xls-1-5-2013,,2013,96.5,5,Manual,Indefinido,Urbano
toyota,Etios Sedan,etios-sedan-xs-1-5-2013,,2013,96.5,5,Manual,Indefinido,Urbano
toyota,Etios Sedan,etios-sedan-platinum-1-5-2014,,2014,96.5,5,Manual,Indefinido,Urbano
toyota,Etios Sedan,etios-sedan-x-1-5-2014,,2014,96.5,5,Manual,Indefinido,Urbano
toyota,Etios Sedan,etios-sedan-xls-1-5-2014,,2014,96.5,5,Manual,Indefinido,Urbano
toyota,Etios Sedan,etios-sedan-xs-1-5-2014,,2014,96.5,5,Manual,Indefinido,Urbano
toyota,Etios Sedan,etios-sedan-platinum-1-5-2015,,2015,96.5,5,Manual,Indefinido,Urbano
toyota,Etios Sedan,etios-sedan-x-1-5-2015,,2015,96.5,5,Manual,Indefinido,Urbano
toyota,Etios Sedan,etios-sedan-xls-1-5-2015,,2015,96.5,5,Manual,Indefinido,Urbano
toyota,Etios Sedan,etios-sedan-xs-1-5-2015,,2015,96.5,5,Manual,Indefinido,Urbano
toyota,Etios Sedan,etios-sedan-platinum-1-5-2016,,2016,96.5,5,Manual,Indefinido,Urbano
toyota,Etios Sedan,etios-sedan-x-1-5-2016,,2016,96.5,5,Manual,Indefinido,Urbano
toyota,Etios Sedan,etios-sedan-xls-1-5-2016,,2016,96.5,5,Manual,Indefinido,Urbano
toyota,Etios Sedan,etios-sedan-xs-1-5-2016,,2016,96.5,5,Manual,Indefinido,Urbano
toyota,Etios Sedan,etios-sedan-platinum-1-5-at-2017,,2017,107.0,5,Auto,Indefinido,Urbano
toyota,Etios Sedan,etios-sedan-x-1-5-2017,,2017,107.0,5,Manual,Indefinido,Urbano
toyota,Etios Sedan,etios-sedan-x-1-5-at-2017,,2017,107.0,5,Auto,Indefinido,Urbano
toyota,Etios Sedan,etios-sedan-xls-1-5-2017,,2017,107.0,5,Manual,Indefinido,Urbano
toyota,Etios Sedan,etios-sedan-xls-1-5-at-2017,,2017,107.0,5,Auto,Indefinido,Urbano
toyota,Etios Sedan,etios-sedan-xs-1-5-2017,,2017,107.0,5,Manual,Indefinido,Urbano
toyota,Etios Sedan,etios-sedan-xs-1-5-at-2017,,2017,107.0,5,Auto,Indefinido,Urbano
toyota,Etios Sedan,etios-sedan-platinum-1-5-at-2018,,2018,107.0,5,Auto,Indefinido,Urbano
toyota,Etios Sedan,etios-sedan-x-1-5-2018,,2018,107.0,5,Manual,Indefinido,Urbano
toyota,Etios Sedan,etios-sedan-x-1-5-at-2018,,2018,107.0,5,Auto,Indefinido,Urbano
toyota,Etios Sedan,etios-sedan-xls-1-5-at-2018,,2018,107.0,5,Auto,Indefinido,Urbano
toyota,Etios Sedan,etios-sedan-xs-1-5-2018,,2018,107.0,5,Manual,Indefinido,Urbano
toyota,Etios Sedan,etios-sedan-xs-1-5-at-2018,,2018,107.0,5,Auto,Indefinido,Urbano
toyota,Etios Sedan,etios-sedan-platinum-1-5-at-2019,,2019,107.0,5,Auto,Indefinido,Urbano
toyota,Etios Sedan,etios-sedan-x-1-5-2019,,2019,107.0,5,Manual,Indefinido,Urbano
toyota,Etios Sedan,etios-sedan-x-1-5-at-2019,,2019,107.0,5,Auto,Indefinido,Urbano
toyota,Etios Sedan,etios-sedan-x-plus-1-5-2019,,2019,107.0,5,Manual,Indefinido,Urbano
toyota,Etios Sedan,etios-sedan-x-plus-1-5-at-2019,,2019,107.0,5,Auto,Indefinido,Urbano
toyota,Etios Sedan,etios-sedan-x-std-1-5-2019,,2019,107.0,5,Manual,Indefinido,Urbano
toyota,Etios Sedan,etios-sedan-xls-1-5-at-2019,,2019,107.0,5,Auto,Indefinido,Urbano
toyota,Etios Sedan,etios-sedan-x-1-5-2020,,2020,,5,Manual,Indefinido,Urbano
toyota,Etios Sedan,etios-sedan-x-1-5-at-2020,,2020,,5,Auto,Indefinido,Urbano
toyota,Etios Sedan,etios-sedan-x-plus-1-5-2020,,2020,,5,Manual,Indefinido,Urbano
toyota,Etios Sedan,etios-sedan-x-plus-1-5-at-2020,,2020,,5,Auto,Indefinido,Urbano
toyota,Etios Sedan,etios-sedan-x-1-5-2021,,2021,107.0,5,Manual,Indefinido,Urbano
toyota,Etios Sedan,etios-sedan-x-1-5-at-2021,,2021,,5,Auto,Indefinido,Urbano
toyota,Etios Sedan,etios-sedan-x-plus-1-5-2021,,2021,,5,Manual,Indefinido,Urbano
toyota,Etios Sedan,etios-sedan-x-plus-1-5-at-2021,,2021,,5,Auto,Indefinido,Urbano
toyota,Fielder,fielder-1-8-2005,,2005,136.0,5,Manual,Indefinido,Urbano
toyota,Fielder,fielder-1-8-at-2005,,2005,136.0,5,Auto,Indefinido,Urbano
toyota,Fielder,fielder-1-8-2006,,2006,136.0,5,Manual,Indefinido,Urbano
toyota,Fielder,fielder-1-8-at-2006,,2006,136.0,5,Auto,Indefinido,Urbano
toyota,Fielder,fielder-1-8-2007,,2007,136.0,5,Manual,Indefinido,Urbano
toyota,Fielder,fielder-1-8-at-2007,,2007,136.0,5,Auto,Indefinido,Urbano
toyota,Fielder,fielder-s-1-8-2007,,2007,136.0,5,Manual,Indefinido,Urbano
toyota,Fielder,fielder-s-1-8-at-2007,,2007,136.0,5,Auto,Indefinido,Urbano
toyota,Fielder,fielder-se-g-1-8-at-2008,,2008,136.0,5,Auto,Indefinido,Urbano
toyota,Fielder,fielder-xei-1-8-2008,,2008,136.0,5,Manual,Indefinido,Urbano
toyota,Fielder,fielder-xei-1-8-at-2008,,2008,136.0,5,Auto,Indefinido,Urbano
toyota,Hilux,hilux-2-4-cd-1992,,1992,83.0,5,Manual,Indefinido,Urbano
toyota,Hilux,hilux-2-4-cs-1992,,1992,83.0,5,Manual,Indefinido,Urbano
toyota,Hilux,hilux-2-8-4x4-cs-1992,,1992,88.0,5,Manual,Indefinido,Rural
toyota,Hilux,hilux-2-8-cd-1992,,1992,88.0,5,Manual,Indefinido,Rural
toyota,Hilux,hilux-2-4-cd-1993,,1993,83.0,5,Manual,Indefinido,Urbano
toyota,Hilux,hilux-2-4-cs-1993,,1993,83.0,5,Manual,Indefinido,Urbano
toyota,Hilux,hilux-2-8-4x4-cs-1993,,1993,88.0,5,Manual,Indefinido,Rural
toyota,Hilux,hilux-2-8-cd-1993,,1993,88.0,5,Manual,Indefinido,Rural
toyota,Hilux,hilux-2-4-cd-1994,,1994,83.0,5,Manual,Indefinido,Urbano
toyota,Hilux,hilux-2-4-cs-1994,,1994,,5,Manual,Indefinido,Urbano
toyota,Hilux,hilux-2-8-cd-1994,,1994,88.0,5,Manual,Indefinido,Rural
toyota,Hilux,hilux-2-8-cs-1994,,1994,,5,Manual,Indefinido,Rural
toyota,Hilux,hilux-2-4-cd-1995,,1995,,5,Manual,Indefinido,Urbano
toyota,Hilux,hilux-2-4-cs-1995,,1995,,5,Manual,Indefinido,Urbano
toyota,Hilux,hilux-2-8-cd-1995,,1995,,5,Manual,Indefinido,Rural
toyota,Hilux,hilux-2-8-cs-1995,,1995,,5,Manual,Indefinido,Rural
toyota,Hilux,hilux-2-4-cd-1996,,1996,,5,Manual,Indefinido,Urbano
toyota,Hilux,hilux-2-8-cd-1996,,1996,,5,Manual,Indefinido,Rural
toyota,Hilux,hilux-dlx-2-8-4x2-cd-1997,,1997,77.0,5,Manual,Indefinido,Urbano
toyota,Hilux,hilux-dlx-2-8-4x4-cd-1997,,1997,77.0,5,Manual,Indefinido,Rural
toyota,Hilux,hilux-sr5-2-8-4x4-cd-1997,,1997,77.0,5,Manual,Indefinido,Rural
toyota,Hilux,hilux-dlx-2-8-4x2-cd-1998,,1998,77.0,5,Manual,Indefinido,Urbano
toyota,Hilux,hilux-dlx-2-8-4x4-cd-1998,,1998,77.0,5,Manual,Indefinido,Rural
toyota,Hilux,hilux-sr5-2-8-4x4-cd-1998,,1998,78.0,5,Manual,Indefinido,Rural
toyota,Hilux,hilux-sr5-2-8-4x4-cs-1998,,1998,77.0,5,Manual,Indefinido,Rural
toyota,Hilux,hilux-2-8-4x4-cs-1999,,1999,77.0,5,Manual,Indefinido,Rural
toyota,Hilux,hilux-dlx-2-8-4x2-cd-1999,,1999,77.0,5,Manual,Indefinido,Urbano
toyota,Hilux,hilux-dlx-2-8-4x2-cs-1999,,1999,77.0,5,Manual,Indefinido,Urbano
toyota,Hilux,hilux-dlx-2-8-4x4-cd-1999,,1999,77.0,5,Manual,Indefinido,Rural
toyota,Hilux,hilux-sr5-2-8-4x4-cd-1999,,1999,78.0,5,Manual,Indefinido,Rural
toyota,Hilux,hilux-sr5-2-8-4x4-cs-1999,,1999,77.0,5,Manual,Indefinido,Rural
toyota,Hilux,hilux-sr5-2-8-4x4-cd-2000,,2000,78.0,5,Manual,Indefinido,Rural
toyota,Hilux,hilux-sr5-2-8-4x4-cd-2001,,2001,,5,Manual,Indefinido,Rural
toyota,Hilux,hilux-dx-2-7-4x2-cd-2002,,2002,142.0,5,Manual,Indefinido,Urbano
toyota,Hilux,hilux-dx-2-7-4x2-cs-2002,,2002,142.0,5,Manual,Indefinido,Urbano
toyota,Hilux,hilux-dx-3-0-4x2-cd-2002,,2002,90.0,5,Manual,Indefinido,Urbano
toyota,Hilux,hilux-dx-3-0-4x2-cs-2002,,2002,90.0,5,Manual,Indefinido,Urbano
toyota,Hilux,hilux-dx-3-0-4x4-cd-2002,,2002,90.0,5,Manual,Indefinido,Rural
toyota,Hilux,hilux-dx-3-0-4x4-cs-2002,,2002,90.0,5,Manual,Indefinido,Rural
toyota,Hilux,hilux-sr-3-0-4x4-cd-2002,,2002,90.0,5,Manual,Indefinido,Rural
toyota,Hilux,hilux-sr-3-0-turbo-4x4-cd-2002,,2002,116.0,5,Manual,Indefinido,Rural
toyota,Hilux,hilux-srv-2-7-4x2-cd-2002,,2002,142.0,5,Manual,Indefinido,Urbano
toyota,Hilux,hilux-srv-2-7-4x2-cs-2002,,2002,142.0,5,Manual,Indefinido,Urbano
toyota,Hilux,hilux-srv-3-0-4x2-cd-2002,,2002,90.0,5,Manual,Indefinido,Urbano
toyota,Hilux,hilux-srv-3-0-turbo-4x4-cd-2002,,2002,116.0,5,Manual,Indefinido,Rural
toyota,Hilux,hilux-dx-2-7-4x2-cd-2003,,2003,142.0,5,Manual,Indefinido,Urbano
toyota,Hilux,hilux-dx-2-7-4x2-cs-2003,,2003,142.0,5,Manual,Indefinido,Urbano
toyota,Hilux,hilux-dx-3-0-4x2-cd-2003,,2003,,5,Manual,Indefinido,Urbano
toyota,Hilux,hilux-dx-3-0-4x4-cd-2003,,2003,90.0,5,Manual,Indefinido,Rural
toyota,Hilux,hilux-dx-3-0-4x4-cs-2003,,2003,,5,Manual,Indefinido,Rural
toyota,Hilux,hilux-sr-3-0-4x4-cd-2003,,2003,90.0,5,Manual,Indefinido,Rural
toyota,Hilux,hilux-sr-3-0-turbo-4x4-cd-2003,,2003,116.0,5,Manual,Indefinido,Rural
toyota,Hilux,hilux-srv-2-7-4x2-cd-2003,,2003,142.0,5,Manual,Indefinido,Urbano
toyota,Hilux,hilux-srv-3-0-4x2-cd-2003,,2003,,5,Manual,Indefinido,Urbano
toyota,Hilux,hilux-srv-3-0-turbo-4x4-cd-2003,,2003,116.0,5,Manual,Indefinido,Rural
toyota,Hilux,hilux-std-3-0-4x2-cs-2003,,2003,,5,Manual,Indefinido,Urbano
toyota,Hilux,hilux-dx-3-0-4x2-cd-2004,,2004,90.0,5,Manual,Indefinido,Urbano
toyota,Hilux,hilux-dx-3-0-4x2-cs-2004,,2004,90.0,5,Manual,Indefinido,Urbano
toyota,Hilux,hilux-dx-3-0-4x4-cd-2004,,2004,90.0,5,Manual,Indefinido,Rural
toyota,Hilux,hilux-dx-3-0-4x4-cs-2004,,2004,90.0,5,Manual,Indefinido,Rural
toyota,Hilux,hilux-sr-3-0-4x4-cd-2004,,2004,90.0,5,Manual,Indefinido,Rural
toyota,Hilux,hilux-sr-3-0-turbo-4x4-cd-2004,,2004,116.0,5,Manual,Indefinido,Rural
toyota,Hilux,hilux-srv-3-0-4x2-cd-2004,,2004,90.0,5,Manual,Indefinido,Urbano
toyota,Hilux,hilux-srv-3-0-turbo-4x4-cd-2004,,2004,116.0,5,Manual,Indefinido,Rural
toyota,Hilux,hilux-dx-3-0-4x2-cd-2005,,2005,,5,Manual,Indefinido,Urbano
toyota,Hilux,hilux-dx-3-0-4x2-cs-2005,,2005,90.0,5,Manual,Indefinido,Urbano
toyota,Hilux,hilux-dx-3-0-4x4-cd-2005,,2005,90.0,5,Manual,Indefinido,Rural
toyota,Hilux,hilux-dx-3-0-4x4-cs-2005,,2005,,5,Manual,Indefinido,Rural
toyota,Hilux,hilux-sr-3-0-4x4-cd-2005,,2005,90.0,5,Manual,Indefinido,Rural
toyota,Hilux,hilux-srv-3-0-4x2-cd-2005,,2005,,5,Manual,Indefinido,Urbano
toyota,Hilux,hilux-srv-3-0-turbo-4x4-cd-2005,,2005,116.0,5,Manual,Indefinido,Rural
toyota,Hilux,hilux-2-5-turbo-4x2-cd-2006,,2006,102.0,5,Manual,Indefinido,Urbano
toyota,Hilux,hilux-2-5-turbo-4x2-cs-2006,,2006,102.0,5,Manual,Indefinido,Urbano
toyota,Hilux,hilux-2-5-turbo-4x4-cd-2006,,2006,102.0,5,Manual,Indefinido,Rural
toyota,Hilux,hilux-2-5-turbo-4x4-cs-2006,,2006,102.0,5,Manual,Indefinido,Rural
toyota,Hilux,hilux-sr-3-0-turbo-4x4-cd-2006,,2006,163.0,5,Manual,Indefinido,Rural
toyota,Hilux,hilux-srv-3-0-turbo-4x2-cd-2006,,2006,163.0,5,Manual,Indefinido,Urbano
toyota,Hilux,hilux-srv-3-0-turbo-4x4-at-cd-2006,,2006,163.0,5,Auto,Indefinido,Rural
toyota,Hilux,hilux-srv-3-0-turbo-4x4-cd-2006,,2006,163.0,5,Manual,Indefinido,Rural
toyota,Hilux,hilux-2-5-turbo-4x2-cd-2007,,2007,102.0,5,Manual,Indefinido,Urbano
toyota,Hilux,hilux-2-5-turbo-4x2-cs-2007,,2007,102.0,5,Manual,Indefinido,Urbano
toyota,Hilux,hilux-2-5-turbo-4x4-cd-2007,,2007,102.0,5,Manual,Indefinido,Rural
toyota,Hilux,hilux-2-5-turbo-4x4-cs-2007,,2007,102.0,5,Manual,Indefinido,Rural
toyota,Hilux,hilux-sr-3-0-turbo-4x4-cd-2007,,2007,163.0,5,Manual,Indefinido,Rural
toyota,Hilux,hilux-srv-3-0-turbo-4x2-cd-2007,,2007,163.0,5,Manual,Indefinido,Urbano
toyota,Hilux,hilux-srv-3-0-turbo-4x4-at-cd-2007,,2007,163.0,5,Auto,Indefinido,Rural
toyota,Hilux,hilux-srv-3-0-turbo-4x4-cd-2007,,2007,163.0,5,Manual,Indefinido,Rural
toyota,Hilux,hilux-2-5-turbo-4x2-cd-2008,,2008,102.0,5,Manual,Indefinido,Urbano
toyota,Hilux,hilux-2-5-turbo-4x2-cs-2008,,2008,102.0,5,Manual,Indefinido,Urbano
toyota,Hilux,hilux-2-5-turbo-4x4-cd-2008,,2008,102.0,5,Manual,Indefinido,Rural
toyota,Hilux,hilux-2-5-turbo-4x4-cs-2008,,2008,102.0,5,Manual,Indefinido,Rural
toyota,Hilux,hilux-srv-3-0-turbo-4x2-cd-2008,,2008,163.0,5,Manual,Indefinido,Urbano
toyota,Hilux,hilux-srv-3-0-turbo-4x4-at-cd-2008,,2008,163.0,5,Auto,Indefinido,Rural
toyota,Hilux,hilux-srv-3-0-turbo-4x4-cd-2008,,2008,163.0,5,Manual,Indefinido,Rural
toyota,Hilux,hilux-2-5-turbo-4x2-cd-2009,,2009,102.0,5,Manual,Indefinido,Urbano
toyota,Hilux,hilux-2-5-turbo-4x2-cs-2009,,2009,102.0,5,Manual,Indefinido,Urbano
toyota,Hilux,hilux-2-5-turbo-4x4-cd-2009,,2009,102.0,5,Manual,Indefinido,Rural
toyota,Hilux,hilux-2-5-turbo-4x4-cs-2009,,2009,102.0,5,Manual,Indefinido,Rural
toyota,Hilux,hilux-sr-2-7-4x2-cd-2009,,2009,158.0,5,Manual,Indefinido,Urbano
toyota,Hilux,hilux-sr-3-0-turbo-4x2-cd-2009,,2009,163.0,5,Manual,Indefinido,Urbano
toyota,Hilux,hilux-sr-3-0-turbo-4x4-cd-2009,,2009,163.0,5,Manual,Indefinido,Rural
toyota,Hilux,hilux-srv-3-0-turbo-4x2-cd-2009,,2009,163.0,5,Manual,Indefinido,Urbano
toyota,Hilux,hilux-srv-3-0-turbo-4x4-at-cd-2009,,2009,163.0,5,Auto,Indefinido,Rural
toyota,Hilux,hilux-srv-3-0-turbo-4x4-cd-2009,,2009,163.0,5,Manual,Indefinido,Rural
toyota,Hilux,hilux-2-5-turbo-4x2-cs-2010,,2010,102.0,5,Manual,Indefinido,Urbano
toyota,Hilux,hilux-2-5-turbo-4x4-cd-2010,,2010,102.0,5,Manual,Indefinido,Rural
toyota,Hilux,hilux-2-5-turbo-4x4-cs-2010,,2010,102.0,5,Manual,Indefinido,Rural
toyota,Hilux,hilux-sr-2-7-4x2-at-cd-2010,,2010,158.0,5,Auto,Indefinido,Urbano
toyota,Hilux,hilux-sr-2-7-4x2-cd-2010,,2010,158.0,5,Manual,Indefinido,Urbano
toyota,Hilux,hilux-srv-3-0-turbo-4x2-cd-2010,,2010,163.0,5,Manual,Indefinido,Urbano
toyota,Hilux,hilux-srv-3-0-turbo-4x4-at-cd-2010,,2010,163.0,5,Auto,Indefinido,Rural
toyota,Hilux,hilux-srv-3-0-turbo-4x4-cd-2010,,2010,163.0,5,Manual,Indefinido,Rural
toyota,Hilux,hilux-2-5-turbo-4x2-cs-2011,,2011,102.0,5,Manual,Indefinido,Urbano
toyota,Hilux,hilux-2-5-turbo-4x4-cd-2011,,2011,102.0,5,Manual,Indefinido,Rural
toyota,Hilux,hilux-2-5-turbo-4x4-cs-2011,,2011,102.0,5,Manual,Indefinido,Rural
toyota,Hilux,hilux-sr-3-0-turbo-4x4-cd-2011,,2011,163.0,5,Manual,Indefinido,Rural
toyota,Hilux,hilux-srv-3-0-turbo-4x2-cd-2011,,2011,163.0,5,Manual,Indefinido,Urbano
toyota,Hilux,hilux-srv-3-0-turbo-4x4-at-cd-2011,,2011,163.0,5,Auto,Indefinido,Rural
toyota,Hilux,hilux-srv-3-0-turbo-4x4-cd-2011,,2011,163.0,5,Manual,Indefinido,Rural
toyota,Hilux,hilux-2-5-turbo-4x4-cd-2012,,2012,102.0,5,Manual,Indefinido,Rural
toyota,Hilux,hilux-2-5-turbo-4x4-cs-2012,,2012,102.0,5,Manual,Indefinido,Rural
toyota,Hilux,hilux-chassi-3-0-turbo-4x4-2012,,2012,171.0,5,Manual,Indefinido,Rural
toyota,Hilux,hilux-sr-2-7-4x2-at-cd-2012,,2012,163.0,5,Auto,Indefinido,Urbano
toyota,Hilux,hilux-sr-3-0-turbo-4x4-at-cd-2012,,2012,171.0,5,Auto,Indefinido,Rural
toyota,Hilux,hilux-sr-3-0-turbo-4x4-at-cd-2012-diesel,,2012,171.0,5,Auto,Indefinido,Rural
toyota,Hilux,hilux-sr-3-0-turbo-4x4-cd-2012,,2012,171.0,5,Manual,Indefinido,Rural
toyota,Hilux,hilux-srv-2-7-4x4-at-cd-2012,,2012,163.0,5,Auto,Indefinido,Rural
toyota,Hilux,hilux-srv-3-0-turbo-4x4-at-cd-2012,,2012,171.0,5,Auto,Indefinido,Rural
toyota,Hilux,hilux-srv-3-0-turbo-4x4-cd-2012,,2012,171.0,5,Manual,Indefinido,Rural
toyota,Hilux,hilux-srv-top-3-0-turbo-4x4-at-cd-2012,,2012,171.0,5,Auto,Indefinido,Rural
toyota,Hilux,hilux-std-3-0-turbo-4x4-cs-2012,,2012,171.0,5,Manual,Indefinido,Rural
toyota,Hilux,hilux-chassi-3-0-turbo-4x4-2013,,2013,171.0,5,Manual,Indefinido,Rural
toyota,Hilux,hilux-sr-2-7-4x2-at-cd-2013,,2013,163.0,5,Auto,Indefinido,Urbano
toyota,Hilux,hilux-sr-3-0-turbo-4x4-at-cd-2013,,2013,171.0,5,Auto,Indefinido,Rural
toyota,Hilux,hilux-sr-3-0-turbo-4x4-cd-2013,,2013,171.0,5,Manual,Indefinido,Rural
toyota,Hilux,hilux-srv-2-7-4x4-at-cd-2013,,2013,,5,Auto,Indefinido,Rural
toyota,Hilux,hilux-srv-3-0-turbo-4x4-at-cd-2013,,2013,171.0,5,Auto,Indefinido,Rural
toyota,Hilux,hilux-srv-3-0-turbo-4x4-cd-2013,,2013,171.0,5,Manual,Indefinido,Rural
toyota,Hilux,hilux-std-3-0-turbo-4x4-cs-2013,,2013,171.0,5,Manual,Indefinido,Rural
toyota,Hilux,hilux-chassi-3-0-turbo-4x4-2014,,2014,171.0,5,Manual,Indefinido,Rural
toyota,Hilux,hilux-sr-2-7-4x2-at-cd-2014,,2014,163.0,5,Auto,Indefinido,Urbano
toyota,Hilux,hilux-sr-3-0-turbo-4x4-at-cd-2014,,2014,171.0,5,Auto,Indefinido,Rural
toyota,Hilux,hilux-sr-3-0-turbo-4x4-cd-2014,,2014,171.0,5,Manual,Indefinido,Rural
toyota,Hilux,hilux-srv-2-7-4x4-at-cd-2014,,2014,163.0,5,Auto,Indefinido,Rural
toyota,Hilux,hilux-srv-3-0-turbo-4x4-at-cd-2014,,2014,171.0,5,Auto,Indefinido,Rural
toyota,Hilux,hilux-srv-3-0-turbo-4x4-cd-2014,,2014,171.0,5,Manual,Indefinido,Rural
toyota,Hilux,hilux-srv-top-3-0-turbo-4x4-at-cd-2014,,2014,171.0,5,Auto,Indefinido,Rural
toyota,Hilux,hilux-std-2-7-cd-2014,,2014,163.0,5,Manual,Indefinido,Rural
toyota,Hilux,hilux-std-3-0-turbo-4x4-cd-2014,,2014,171.0,5,Manual,Indefinido,Rural
toyota,Hilux,hilux-std-3-0-turbo-4x4-cs-2014,,2014,171.0,5,Manual,Indefinido,Rural
toyota,Hilux,hilux-chassi-3-0-turbo-4x4-2015,,2015,171.0,5,Manual,Indefinido,Rural
toyota,Hilux,hilux-limited-3-0-turbo-4x4-at-cd-2015,,2015,171.0,5,Auto,Indefinido,Rural
toyota,Hilux,hilux-sr-2-7-4x2-at-cd-2015,,2015,163.0,5,Auto,Indefinido,Urbano
toyota,Hilux,hilux-sr-3-0-turbo-4x4-at-cd-2015,,2015,171.0,5,Auto,Indefinido,Rural
toyota,Hilux,hilux-sr-3-0-turbo-4x4-cd-2015,,2015,171.0,5,Manual,Indefinido,Rural
toyota,Hilux,hilux-srv-2-7-4x2-at-cd-2015,,2015,163.0,5,Auto,Indefinido,Urbano
toyota,Hilux,hilux-srv-2-7-4x4-at-cd-2015,,2015,163.0,5,Auto,Indefinido,Rural
toyota,Hilux,hilux-srv-3-0-turbo-4x4-at-cd-2015,,2015,171.0,5,Auto,Indefinido,Rural
toyota,Hilux,hilux-srv-3-0-turbo-4x4-cd-2015,,2015,171.0,5,Manual,Indefinido,Rural
toyota,Hilux,hilux-srv-top-3-0-turbo-4x4-at-cd-2015,,2015,171.0,5,Auto,Indefinido,Rural
toyota,Hilux,hilux-std-2-7-cd-2015,,2015,163.0,5,Manual,Indefinido,Rural
toyota,Hilux,hilux-std-3-0-turbo-4x4-cd-2015,,2015,171.0,5,Manual,Indefinido,Rural
toyota,Hilux,hilux-std-3-0-turbo-4x4-cs-2015,,2015,171.0,5,Manual,Indefinido,Rural
toyota,Hilux,hilux-chassi-2-8-turbo-4x4-2016,,2016,177.0,5,Manual,Indefinido,Rural
toyota,Hilux,hilux-sr-2-8-turbo-4x4-at-cd-2016,,2016,177.0,5,Auto,Indefinido,Rural
toyota,Hilux,hilux-srv-2-8-turbo-4x4-at-cd-2016,,2016,177.0,5,Auto,Indefinido,Rural
toyota,Hilux,hilux-srx-2-8-turbo-4x4-at-cd-2016,,2016,177.0,5,Auto,Indefinido,Rural
toyota,Hilux,hilux-std-2-8-turbo-4x4-cd-2016,,2016,177.0,5,Manual,Indefinido,Rural
toyota,Hilux,hilux-std-2-8-turbo-4x4-cs-2016,,2016,177.0,5,Manual,Indefinido,Rural
toyota,Hilux,hilux-chassi-2-8-turbo-4x4-2017,,2017,177.0,5,Manual,Indefinido,Rural
toyota,Hilux,hilux-sr-2-7-4x2-at-cd-2017,,2017,163.0,5,Auto,Indefinido,Urbano
toyota,Hilux,hilux-sr-2-8-turbo-4x4-at-cd-2017,,2017,177.0,5,Auto,Indefinido,Rural
toyota,Hilux,hilux-srv-2-7-4x2-at-cd-2017,,2017,163.0,5,Auto,Indefinido,Urbano
toyota,Hilux,hilux-srv-2-7-4x4-at-cd-2017,,2017,163.0,5,Auto,Indefinido,Rural
toyota,Hilux,hilux-srv-2-8-turbo-4x4-at-cd-2017,,2017,177.0,5,Auto,Indefinido,Rural
toyota,Hilux,hilux-srx-2-8-turbo-4x4-at-cd-2017,,2017,177.0,5,Auto,Indefinido,Rural
toyota,Hilux,hilux-std-2-8-turbo-4x4-cd-2017,,2017,177.0,5,Manual,Indefinido,Rural
toyota,Hilux,hilux-std-2-8-turbo-4x4-cs-2017,,2017,177.0,5,Manual,Indefinido,Rural
toyota,Hilux,hilux-chassi-2-8-turbo-4x4-2018,,2018,177.0,5,Manual,Indefinido,Rural
toyota,Hilux,hilux-sr-2-7-4x2-at-cd-2018,,2018,163.0,5,Auto,Indefinido,Urbano
toyota,Hilux,hilux-sr-2-7-4x2-cd-2018,,2018,163.0,5,Manual,Indefinido,Urbano
toyota,Hilux,hilux-sr-2-8-turbo-4x4-at-cd-2018,,2018,177.0,5,Auto,Indefinido,Rural
toyota,Hilux,hilux-sr-challenge-2-8-turbo-4x4-at-cd-2018,,2018,177.0,5,Auto,Indefinido,Rural
toyota,Hilux,hilux-srv-2-7-4x2-at-cd-2018,,2018,163.0,5,Auto,Indefinido,Urbano
toyota,Hilux,hilux-srv-2-7-4x4-at-cd-2018,,2018,163.0,5,Auto,Indefinido,Rural
toyota,Hilux,hilux-srv-2-8-turbo-4x4-at-cd-2018,,2018,177.0,5,Auto,Indefinido,Rural
toyota,Hilux,hilux-srx-2-8-turbo-4x4-at-cd-2018,,2018,177.0,5,Auto,Indefinido,Rural
toyota,Hilux,hilux-std-2-8-turbo-4x4-cd-2018,,2018,177.0,5,Manual,Indefinido,Rural
toyota,Hilux,hilux-std-2-8-turbo-4x4-cs-2018,,2018,177.0,5,Manual,Indefinido,Rural
toyota,Hilux,hilux-std-narrow-2-8-turbo-4x4-cd-2018,,2018,177.0,5,Manual,Indefinido,Rural
toyota,Hilux,hilux-chassi-2-8-turbo-4x4-2019,,2019,177.0,5,Manual,Indefinido,Rural
toyota,Hilux,hilux-gr-s-2-8-turbo-4x4-at-cd-2019,,2019,177.0,5,Auto,Indefinido,Rural
toyota,Hilux,hilux-sr-2-7-4x2-at-cd-2019,,2019,163.0,5,Auto,Indefinido,Urbano
toyota,Hilux,hilux-sr-2-7-4x2-cd-2019,,2019,163.0,5,Manual,Indefinido,Urbano
toyota,Hilux,hilux-sr-2-8-turbo-4x4-at-cd-2019,,2019,177.0,5,Auto,Indefinido,Rural
toyota,Hilux,hilux-srv-2-7-4x2-at-cd-2019,,2019,163.0,5,Auto,Indefinido,Urbano
toyota,Hilux,hilux-srv-2-7-4x4-at-cd-2019,,2019,,5,Auto,Indefinido,Rural
toyota,Hilux,hilux-srv-2-8-turbo-4x4-at-cd-2019,,2019,177.0,5,Auto,Indefinido,Rural
toyota,Hilux,hilux-srx-2-8-turbo-4x4-at-cd-2019,,2019,177.0,5,Auto,Indefinido,Rural
toyota,Hilux,hilux-std-2-8-turbo-4x4-cs-2019,,2019,177.0,5,Manual,Indefinido,Rural
toyota,Hilux,hilux-std-narrow-2-8-turbo-4x4-cd-2019,,2019,177.0,5,Manual,Indefinido,Rural
toyota,Hilux,hilux-std-power-pack-2-8-turbo-4x4-cd-2019,,2019,177.0,5,Manual,Indefinido,Rural
toyota,Hilux,hilux-chassi-2-8-turbo-4x4-2020,,2020,177.0,5,Manual,Indefinido,Rural
toyota,Hilux,hilux-gr-s-2-8-turbo-4x4-at-cd-2020,,2020,177.0,5,Auto,Indefinido,Rural
toyota,Hilux,hilux-gr-s-4-0-v6-4x4-at-cd-2020,,2020,234.0,5,Auto,Indefinido,Rural
toyota,Hilux,hilux-sr-2-7-4x2-at-cd-2020,,2020,,5,Auto,Indefinido,Urbano
toyota,Hilux,hilux-sr-2-7-4x2-cd-2020,,2020,,5,Manual,Indefinido,Urbano
toyota,Hilux,hilux-sr-2-8-turbo-4x4-at-cd-2020,,2020,177.0,5,Auto,Indefinido,Rural
toyota,Hilux,hilux-srv-2-7-4x2-at-cd-2020,,2020,,5,Auto,Indefinido,Urbano
toyota,Hilux,hilux-srv-2-7-4x4-at-cd-2020,,2020,,5,Auto,Indefinido,Rural
toyota,Hilux,hilux-srv-2-8-turbo-4x4-at-cd-2020,,2020,177.0,5,Auto,Indefinido,Rural
toyota,Hilux,hilux-srx-2-8-turbo-4x4-at-cd-2020,,2020,177.0,5,Auto,Indefinido,Rural
toyota,Hilux,hilux-std-2-8-turbo-4x4-cs-2020,,2020,177.0,5,Manual,Indefinido,Rural
toyota,Hilux,hilux-std-narrow-2-8-turbo-4x4-cd-2020,,2020,177.0,5,Manual,Indefinido,Rural
toyota,Hilux,hilux-std-power-pack-2-8-turbo-4x4-cd-2020,,2020,177.0,5,Manual,Indefinido,Rural
toyota,Hilux,hilux-chassi-2-8-turbo-4x4-2021,,2021,204.0,5,Manual,Indefinido,Rural
toyota,Hilux,hilux-sr-2-7-4x2-at-cd-2021,,2021,,5,Auto,Indefinido,Urbano
toyota,Hilux,hilux-sr-2-8-turbo-4x4-at-cd-2021,,2021,204.0,5,Auto,Indefinido,Rural
toyota,Hilux,hilux-srv-2-7-4x2-at-cd-2021,,2021,163.0,5,Auto,Indefinido,Urbano
toyota,Hilux,hilux-srv-2-7-4x4-at-cd-2021,,2021,163.0,5,Auto,Indefinido,Rural
toyota,Hilux,hilux-srv-2-8-turbo-4x4-at-cd-2021,,2021,204.0,5,Auto,Indefinido,Rural
toyota,Hilux,hilux-srx-2-8-turbo-4x4-at-cd-2021,,2021,204.0,5,Auto,Indefinido,Rural
toyota,Hilux,hilux-std-2-8-turbo-4x4-cs-2021,,2021,204.0,5,Manual,Indefinido,Rural
toyota,Hilux,hilux-std-power-pack-2-8-turbo-4x4-cd-2021,,2021,204.0,5,Manual,Indefinido,Rural
toyota,Hilux,hilux-chassi-2-8-turbo-4x4-2022,,2022,204.0,5,Manual,Indefinido,Rural
toyota,Hilux,hilux-gr-s-2-8-turbo-4x4-at-cd-2022,,2022,224.0,5,Auto,Indefinido,Rural
toyota,Hilux,hilux-sr-2-8-turbo-4x4-at-cd-2022,,2022,204.0,5,Auto,Indefinido,Rural
toyota,Hilux,hilux-srv-2-8-turbo-4x4-at-cd-2022,,2022,204.0,5,Auto,Indefinido,Rural
toyota,Hilux,hilux-srx-2-8-turbo-4x4-at-cd-2022,,2022,204.0,5,Auto,Indefinido,Rural
toyota,Hilux,hilux-srx-limited-2-8-turbo-4x4-at-cd-2022,,2022,204.0,5,Auto,Indefinido,Rural
toyota,Hilux,hilux-std-2-8-turbo-4x4-cs-2022,,2022,204.0,5,Manual,Indefinido,Rural
toyota,Hilux,hilux-std-power-pack-2-8-turbo-4x4-cd-2022,,2022,204.0,5,Manual,Indefinido,Rural
toyota,Hilux,hilux-chassi-2-8-turbo-4x4-2023,,2023,204.0,5,Manual,Indefinido,Rural
toyota,Hilux,hilux-conquest-2-8-turbo-4x4-at-cd-2023,,2023,204.0,5,Auto,Indefinido,Rural
toyota,Hilux,hilux-gr-s-2-8-turbo-4x4-at-cd-2023,,2023,224.0,5,Auto,Indefinido,Rural
toyota,Hilux,hilux-sr-2-8-turbo-4x4-at-cd-2023,,2023,204.0,5,Auto,Indefinido,Rural
toyota,Hilux,hilux-srv-2-8-turbo-4x4-at-cd-2023,,2023,204.0,5,Auto,Indefinido,Rural
toyota,Hilux,hilux-srx-2-8-turbo-4x4-at-cd-2023,,2023,204.0,5,Auto,Indefinido,Rural
toyota,Hilux,hilux-srx-limited-2-8-turbo-4x4-at-cd-2023,,2023,204.0,5,Auto,Indefinido,Rural
toyota,Hilux,hilux-std-2-8-turbo-4x4-cs-2023,,2023,204.0,5,Manual,Indefinido,Rural
toyota,Hilux,hilux-std-power-pack-2-8-turbo-4x4-cd-2023,,2023,204.0,5,Manual,Indefinido,Rural
toyota,Hilux,hilux-chassi-2-8-turbo-4x4-2024,,2024,204.0,5,Manual,Indefinido,Rural
toyota,Hilux,hilux-conquest-2-8-turbo-4x4-at-cd-2024,,2024,204.0,5,Auto,Indefinido,Rural
toyota,Hilux,hilux-gr-s-2-8-turbo-4x4-at-cd-2024,,2024,224.0,5,Auto,Indefinido,Rural
toyota,Hilux,hilux-sr-2-8-turbo-4x4-at-cd-2024,,2024,204.0,5,Auto,Indefinido,Rural
toyota,Hilux,hilux-srv-2-8-turbo-4x4-at-cd-2024,,2024,204.0,5,Auto,Indefinido,Rural
toyota,Hilux,hilux-srx-2-8-turbo-4x4-at-cd-2024,,2024,204.0,5,Auto,Indefinido,Rural
toyota,Hilux,hilux-srx-plus-2-8-turbo-4x4-at-cd-2024,,2024,204.0,5,Auto,Indefinido,Rural
toyota,Hilux,hilux-std-2-8-turbo-4x4-cs-2024,,2024,204.0,5,Manual,Indefinido,Rural
toyota,Hilux,hilux-std-power-pack-2-8-at-2024,,2024,204.0,5,Auto,Indefinido,Rural
toyota,Hilux,hilux-std-power-pack-2-8-turbo-4x4-cd-2024,,2024,204.0,5,Manual,Indefinido,Rural
toyota,Hilux,hilux-chassi-2-8-turbo-4x4-2025,,2025,204.0,5,Manual,Indefinido,Rural
toyota,Hilux,hilux-chassi-2-8-turbo-4x4-at-2025,,2025,204.0,5,Auto,Indefinido,Rural
toyota,Hilux,hilux-sr-2-8-turbo-4x4-at-cd-2025,,2025,204.0,5,Auto,Indefinido,Rural
toyota,Hilux,hilux-srv-2-8-turbo-4x4-at-cd-2025,,2025,204.0,5,Auto,Indefinido,Rural
toyota,Hilux,hilux-srx-2-8-turbo-4x4-at-cd-2025,,2025,204.0,5,Auto,Indefinido,Rural
toyota,Hilux,hilux-srx-plus-2-8-turbo-4x4-at-cd-2025,,2025,204.0,5,Auto,Indefinido,Rural
toyota,Hilux,hilux-std-2-8-turbo-4x4-cs-2025,,2025,204.0,5,Manual,Indefinido,Rural
toyota,Hilux,hilux-std-2-8-turbo-4x4-cs-at-2025,,2025,204.0,5,Auto,Indefinido,Rural
toyota,Hilux,hilux-std-power-pack-2-8-2025,,2025,204.0,5,Manual,Indefinido,Rural
toyota,Hilux,hilux-std-power-pack-2-8-turbo-4x4-at-cd-2025,,2025,204.0,5,Auto,Indefinido,Rural
toyota,Hilux,hilux-chassi-2-8-2026,,2026,204.0,5,Manual,Indefinido,Rural
toyota,Hilux,hilux-chassi-2-8-at-2026,,2026,204.0,5,Auto,Indefinido,Rural
toyota,Hilux,hilux-sr-2-8-2026,,2026,204.0,5,Auto,Indefinido,Rural
toyota,Hilux,hilux-srv-2-8-2026,,2026,204.0,5,Auto,Indefinido,Rural
toyota,Hilux,hilux-srx-2-8-2026,,2026,204.0,5,Auto,Indefinido,Rural
toyota,Hilux,hilux-srx-plus-2-8-2026,,2026,204.0,5,Auto,Indefinido,Rural
toyota,Hilux,hilux-std-2-8-cs-2026,,2026,204.0,5,Manual,Indefinido,Rural
toyota,Hilux,hilux-std-2-8-cs-at-2026,,2026,204.0,5,Auto,Indefinido,Rural
toyota,Hilux,hilux-std-power-pack-2-8-2026,,2026,204.0,5,Manual,Indefinido,Rural
toyota,Hilux,hilux-std-power-pack-2-8-at-2026,,2026,204.0,5,Auto,Indefinido,Rural
toyota,Land Cruiser Prado,land-cruiser-prado-3-0-turbo-at-2004,,2004,131.0,5,Auto,Indefinido,Rural
toyota,Land Cruiser Prado,land-cruiser-prado-3-0-turbo-2005,,2005,131.0,5,Manual,Indefinido,Rural
toyota,Land Cruiser Prado,land-cruiser-prado-3-0-turbo-at-2005,,2005,131.0,5,Auto,Indefinido,Rural
toyota,Land Cruiser Prado,land-cruiser-prado-3-0-turbo-at-2006,,2006,131.0,5,Auto,Indefinido,Rural
toyota,Land Cruiser Prado,land-cruiser-prado-3-0-turbo-2007,,2007,131.0,5,Manual,Indefinido,Rural
toyota,Land Cruiser Prado,land-cruiser-prado-3-0-turbo-at-2007,,2007,131.0,5,Auto,Indefinido,Rural
toyota,Land Cruiser Prado,land-cruiser-prado-3-0-turbo-at-2008,,2008,131.0,5,Auto,Indefinido,Rural
toyota,Land Cruiser Prado,land-cruiser-prado-3-0-turbo-at-2009,,2009,131.0,5,Auto,Indefinido,Rural
toyota,Paseo,paseo-1-5-1992,,1992,101.0,5,Manual,Indefinido,Urbano
toyota,Paseo,paseo-1-5-1994,,1994,101.0,5,Manual,Indefinido,Urbano
toyota,Paseo,paseo-1-5-1994-gasolina,,1994,101.0,5,Auto,Indefinido,Urbano
toyota,Paseo,paseo-1-5-1995,,1995,101.0,5,Manual,Indefinido,Urbano
toyota,Previa,previa-le-2-4-1991,,1991,131.0,5,Auto,Indefinido,Urbano
toyota,Previa,previa-le-2-4-1992,,1992,131.0,5,Auto,Indefinido,Urbano
toyota,Previa,previa-le-2-4-1993,,1993,131.0,5,Auto,Indefinido,Urbano
toyota,Previa,previa-le-2-4-1994,,1994,131.0,5,Auto,Indefinido,Urbano
toyota,Previa,previa-le-2-4-1995,,1995,131.0,5,Auto,Indefinido,Urbano
toyota,Prius,prius-1-8-2013,,2013,99.0,5,Auto,Indefinido,Urbano
toyota,Prius,prius-1-8-2015,,2015,99.0,5,Auto,Indefinido,Urbano
toyota,Prius,prius-1-8-2016,,2016,98.0,5,Auto,Indefinido,Urbano
toyota,Prius,prius-1-8-2017,,2017,98.0,5,Auto,Indefinido,Urbano
toyota,Prius,prius-1-8-2018,,2018,98.0,5,Auto,Indefinido,Urbano
toyota,Prius,prius-1-8-2019,,2019,98.0,5,Auto,Indefinido,Urbano
toyota,Prius,prius-1-8-2020,,2020,98.0,5,Auto,Indefinido,Urbano
toyota,Prius,prius-1-8-2021,,2021,98.0,5,Auto,Indefinido,Urbano
toyota,Rav4,rav4-2-0-4x4-1999-gasolina,,1999,,5,Manual,Indefinido,Rural
toyota,Rav4,rav4-2-0-4x4-1999,,1999,128.0,5,Auto,Indefinido,Rural
toyota,Rav4,rav4-2-0-4x4-2000,,2000,,5,Manual,Indefinido,Rural
toyota,Rav4,rav4-2-0-4x4-at-2000,,2000,,5,Auto,Indefinido,Rural
toyota,Rav4,rav4-2-0-4x4-2001-gasolina,,2001,,5,Manual,Indefinido,Rural
toyota,Rav4,rav4-2-0-4x4-2001,,2001,150.0,5,Auto,Indefinido,Rural
toyota,Rav4,rav4-2-0-4x4-2002-gasolina,,2002,,5,Manual,Indefinido,Rural
toyota,Rav4,rav4-2-0-4x4-2002,,2002,150.0,5,Auto,Indefinido,Rural
toyota,Rav4,rav4-2-0-4x4-2003,,2003,150.0,5,Auto,Indefinido,Rural
toyota,Rav4,rav4-2-0-4x4-2004,,2004,150.0,5,Auto,Indefinido,Rural
toyota,Rav4,rav4-2-0-4x4-2005,,2005,150.0,5,Auto,Indefinido,Rural
toyota,Rav4,rav4-2-4-4x4-2006,,2006,170.0,5,Auto,Indefinido,Rural
toyota,Rav4,rav4-2-4-4x4-2007,,2007,170.0,5,Auto,Indefinido,Rural
toyota,Rav4,rav4-2-4-4x4-2008,,2008,170.0,5,Auto,Indefinido,Rural
toyota,Rav4,rav4-2-4-4x4-2009,,2009,170.0,5,Auto,Indefinido,Rural
toyota,Rav4,rav4-2-4-4x4-2010,,2010,170.0,5,Auto,Indefinido,Rural
toyota,Rav4,rav4-2-4-4x2-2011,,2011,170.0,5,Auto,Indefinido,Urbano
toyota,Rav4,rav4-2-4-4x4-2011,,2011,170.0,5,Auto,Indefinido,Rural
toyota,Rav4,rav4-2-4-4x2-2012,,2012,170.0,5,Auto,Indefinido,Urbano
toyota,Rav4,rav4-2-4-4x4-2012,,2012,,5,Auto,Indefinido,Rural
toyota,Rav4,rav4-2-0-4x2-2013,,2013,145.0,5,Auto,Indefinido,Urbano
toyota,Rav4,rav4-2-0-4x4-2013,,2013,145.0,5,Auto,Indefinido,Rural
toyota,Rav4,rav4-2-5-4x4-2013,,2013,179.0,5,Auto,Indefinido,Rural
toyota,Rav4,rav4-2-0-4x2-2014,,2014,145.0,5,Auto,Indefinido,Urbano
toyota,Rav4,rav4-2-0-4x4-2014,,2014,145.0,5,Auto,Indefinido,Rural
toyota,Rav4,rav4-2-5-4x4-2014,,2014,179.0,5,Auto,Indefinido,Rural
toyota,Rav4,rav4-2-0-4x2-2015,,2015,145.0,5,Auto,Indefinido,Urbano
toyota,Rav4,rav4-2-0-4x4-2015,,2015,145.0,5,Auto,Indefinido,Rural
toyota,Rav4,rav4-2-5-4x4-2015,,2015,179.0,5,Auto,Indefinido,Rural
toyota,Rav4,rav4-top-2-0-4x2-2015,,2015,145.0,5,Auto,Indefinido,Urbano
toyota,Rav4,rav4-2-5-4x4-2016,,2016,,5,Auto,Indefinido,Rural
toyota,Rav4,rav4-top-2-0-4x2-2017,,2017,145.0,5,Auto,Indefinido,Urbano
toyota,Rav4,rav4-2-0-4x2-2018,,2018,145.0,5,Auto,Indefinido,Urbano
toyota,Rav4,rav4-top-2-0-4x2-2018,,2018,145.0,5,Auto,Indefinido,Urbano
toyota,Rav4,rav4-s-hybrid-2-5-2019,,2019,178.0,5,Auto,Indefinido,Rural
toyota,Rav4,rav4-sx-hybrid-2-5-2019,,2019,178.0,5,Auto,Indefinido,Rural
toyota,Rav4,rav4-top-2-0-4x2-2019,,2019,145.0,5,Auto,Indefinido,Urbano
toyota,Rav4,rav4-s-connect-hybrid-2-5-2020,,2020,178.0,5,Auto,Indefinido,Rural
toyota,Rav4,rav4-s-hybrid-2-5-2020,,2020,178.0,5,Auto,Indefinido,Rural
toyota,Rav4,rav4-sx-connect-hybrid-2-5-2020,,2020,178.0,5,Auto,Indefinido,Rural
toyota,Rav4,rav4-sx-hybrid-2-5-2020,,2020,178.0,5,Auto,Indefinido,Rural
toyota,Rav4,rav4-sx-connect-hybrid-2-5-2021,,2021,178.0,5,Auto,Indefinido,Rural
toyota,Rav4,rav4-sx-connect-hybrid-2-5-2022,,2022,178.0,5,Auto,Indefinido,Rural
toyota,Rav4,rav4-sx-connect-hybrid-2-5-2023,,2023,178.0,5,Auto,Indefinido,Rural
toyota,Rav4,rav4-sx-connect-hybrid-2-5-2024,,2024,178.0,5,Auto,Indefinido,Rural
toyota,Rav4,rav4-xse-2-5-phev-2024,,2024,185.0,5,Auto,Indefinido,Rural
toyota,Rav4,rav4-sx-connect-hybrid-2-5-2025,,2025,178.0,5,Auto,Indefinido,Rural
toyota,Rav4,rav4-xse-2-5-phev-2025,,2025,185.0,5,Auto,Indefinido,Rural
toyota,Sienna,sienna-xse-hybrid-2-5-2021,,2021,189.0,5,Auto,Indefinido,Urbano
toyota,Sienna,sienna-xse-2-5-hybrid-2024,,2024,189.0,5,Auto,Indefinido,Urbano
toyota,Supra,supra-3-0-biturbo-1993,,1993,324.0,5,Manual,Indefinido,Urbano
toyota,Supra,supra-3-0-biturbo-1994,,1994,324.0,5,Manual,Indefinido,Urbano
toyota,Supra,supra-3-0-biturbo-1995,,1995,324.0,5,Manual,Indefinido,Urbano
toyota,Supra,supra-3-0-2022,,2022,340.0,5,Auto,Indefinido,Urbano
toyota,Sw4,sw4-2-8-1992,,1992,88.0,5,Manual,Indefinido,Rural
toyota,Sw4,sw4-2-4-1993,,1993,116.0,5,Manual,Indefinido,Rural
toyota,Sw4,sw4-2-8-1993,,1993,88.0,5,Manual,Indefinido,Rural
toyota,Sw4,sw4-3-0-v6-1993,,1993,152.0,5,Manual,Indefinido,Rural
toyota,Sw4,sw4-2-4-1994,,1994,116.0,5,Manual,Indefinido,Rural
toyota,Sw4,sw4-2-8-1994,,1994,88.0,5,Manual,Indefinido,Rural
toyota,Sw4,sw4-3-0-v6-1994,,1994,152.0,5,Manual,Indefinido,Rural
toyota,Sw4,sw4-3-0-v6-at-1994,,1994,152.0,5,Auto,Indefinido,Rural
toyota,Sw4,sw4-2-4-1995,,1995,116.0,5,Manual,Indefinido,Rural
toyota,Sw4,sw4-2-8-1995,,1995,,5,Manual,Indefinido,Rural
toyota,Sw4,sw4-3-0-v6-1995,,1995,,5,Manual,Indefinido,Rural
toyota,Sw4,sw4-3-0-v6-at-1995,,1995,152.0,5,Auto,Indefinido,Rural
toyota,Sw4,sw4-2-4-1996,,1996,,5,Manual,Indefinido,Rural
toyota,Sw4,sw4-2-8-1996,,1996,,5,Manual,Indefinido,Rural
toyota,Sw4,sw4-3-0-v6-1996,,1996,,5,Manual,Indefinido,Rural
toyota,Sw4,sw4-3-0-v6-at-1996,,1996,152.0,5,Auto,Indefinido,Rural
toyota,Sw4,sw4-2-7-1997,,1997,152.0,5,Manual,Indefinido,Rural
toyota,Sw4,sw4-3-0-turbo-1997,,1997,116.0,5,Manual,Indefinido,Rural
toyota,Sw4,sw4-3-4-v6-1997,,1997,186.0,5,Auto,Indefinido,Rural
toyota,Sw4,sw4-2-7-1998,,1998,152.0,5,Manual,Indefinido,Rural
toyota,Sw4,sw4-3-0-turbo-1998,,1998,116.0,5,Manual,Indefinido,Rural
toyota,Sw4,sw4-3-4-v6-1998,,1998,186.0,5,Auto,Indefinido,Rural
toyota,Sw4,sw4-2-7-1999,,1999,152.0,5,Manual,Indefinido,Rural
toyota,Sw4,sw4-3-0-turbo-1999,,1999,116.0,5,Manual,Indefinido,Rural
toyota,Sw4,sw4-3-4-v6-1999,,1999,186.0,5,Auto,Indefinido,Rural
toyota,Sw4,sw4-2-7-2000,,2000,152.0,5,Manual,Indefinido,Rural
toyota,Sw4,sw4-3-0-turbo-2000,,2000,116.0,5,Manual,Indefinido,Rural
toyota,Sw4,sw4-3-4-v6-2000,,2000,186.0,5,Auto,Indefinido,Rural
toyota,Sw4,sw4-3-0-turbo-2001,,2001,116.0,5,Manual,Indefinido,Rural
toyota,Sw4,sw4-3-4-v6-2001,,2001,186.0,5,Auto,Indefinido,Rural
toyota,Sw4,sw4-3-0-turbo-2002,,2002,116.0,5,Manual,Indefinido,Rural
toyota,Sw4,sw4-srv-3-0-turbo-4x4-2006,,2006,163.0,5,Manual,Indefinido,Rural
toyota,Sw4,sw4-srv-3-0-turbo-4x4-at-2006,,2006,163.0,5,Auto,Indefinido,Rural
toyota,Sw4,sw4-srv-3-0-turbo-4x4-2007,,2007,163.0,5,Manual,Indefinido,Rural
toyota,Sw4,sw4-srv-3-0-turbo-4x4-at-2007,,2007,163.0,5,Auto,Indefinido,Rural
toyota,Sw4,sw4-srv-3-0-turbo-4x4-2008,,2008,163.0,5,Manual,Indefinido,Rural
toyota,Sw4,sw4-srv-3-0-turbo-4x4-at-2008,,2008,163.0,5,Auto,Indefinido,Rural
toyota,Sw4,sw4-sr-2-7-at-2009,,2009,158.0,5,Auto,Indefinido,Urbano
toyota,Sw4,sw4-srv-3-0-turbo-4x4-2009,,2009,163.0,5,Manual,Indefinido,Rural
toyota,Sw4,sw4-srv-3-0-turbo-4x4-at-2009,,2009,163.0,5,Auto,Indefinido,Rural
toyota,Sw4,sw4-srv-4-0-v6-4x4-at-2009,,2009,238.0,5,Auto,Indefinido,Rural
toyota,Sw4,sw4-sr-2-7-at-2010,,2010,158.0,5,Auto,Indefinido,Urbano
toyota,Sw4,sw4-srv-3-0-turbo-4x4-2010,,2010,163.0,5,Manual,Indefinido,Rural
toyota,Sw4,sw4-srv-3-0-turbo-4x4-at-2010,,2010,163.0,5,Auto,Indefinido,Rural
toyota,Sw4,sw4-srv-4-0-v6-4x4-at-2010,,2010,238.0,5,Auto,Indefinido,Rural
toyota,Sw4,sw4-srv-3-0-turbo-4x4-at-2011,,2011,163.0,5,Auto,Indefinido,Rural
toyota,Sw4,sw4-srv-4-0-v6-4x4-at-2011,,2011,238.0,5,Auto,Indefinido,Rural
toyota,Sw4,sw4-sr-2-7-2012,,2012,,5,Manual,Indefinido,Urbano
toyota,Sw4,sw4-sr-2-7-at-2012,,2012,163.0,5,Auto,Indefinido,Urbano
toyota,Sw4,sw4-sr-3-0-turbo-4x4-at-2012,,2012,171.0,5,Auto,Indefinido,Rural
toyota,Sw4,sw4-srv-3-0-turbo-4x4-at-2012,,2012,171.0,5,Auto,Indefinido,Rural
toyota,Sw4,sw4-sr-2-7-2013,,2013,163.0,5,Manual,Indefinido,Urbano
toyota,Sw4,sw4-sr-2-7-at-2013,,2013,,5,Auto,Indefinido,Urbano
toyota,Sw4,sw4-sr-3-0-turbo-4x4-at-2013,,2013,171.0,5,Auto,Indefinido,Rural
toyota,Sw4,sw4-srv-3-0-turbo-4x4-at-2013,,2013,171.0,5,Auto,Indefinido,Rural
toyota,Sw4,sw4-sr-2-7-2014,,2014,163.0,5,Manual,Indefinido,Urbano
toyota,Sw4,sw4-sr-2-7-at-2014,,2014,163.0,5,Auto,Indefinido,Urbano
toyota,Sw4,sw4-sr-3-0-turbo-4x4-at-2014,,2014,171.0,5,Auto,Indefinido,Rural
toyota,Sw4,sw4-srv-3-0-turbo-4x4-at-2014,,2014,171.0,5,Auto,Indefinido,Rural
toyota,Sw4,sw4-sr-2-7-2015,,2015,163.0,5,Manual,Indefinido,Urbano
toyota,Sw4,sw4-sr-2-7-at-2015,,2015,163.0,5,Auto,Indefinido,Urbano
toyota,Sw4,sw4-sr-3-0-turbo-4x4-at-2015,,2015,171.0,5,Auto,Indefinido,Rural
toyota,Sw4,sw4-srv-3-0-turbo-4x4-at-2015,,2015,171.0,5,Auto,Indefinido,Rural
toyota,Sw4,sw4-srx-2-8-turbo-4x4-at-2016,,2016,177.0,5,Auto,Indefinido,Rural
toyota,Sw4,sw4-srx-4-0-v6-4x4-at-2016,,2016,238.0,5,Auto,Indefinido,Rural
toyota,Sw4,sw4-sr-2-7-2017,,2017,163.0,5,Manual,Indefinido,Urbano
toyota,Sw4,sw4-sr-2-7-at-2017,,2017,163.0,5,Auto,Indefinido,Urbano
toyota,Sw4,sw4-srx-2-8-turbo-4x4-at-2017,,2017,177.0,5,Auto,Indefinido,Rural
toyota,Sw4,sw4-srx-4-0-v6-4x4-at-2017,,2017,238.0,5,Auto,Indefinido,Rural
toyota,Sw4,sw4-sr-2-7-2018,,2018,163.0,5,Manual,Indefinido,Urbano
toyota,Sw4,sw4-sr-2-7-at-2018,,2018,163.0,5,Auto,Indefinido,Urbano
toyota,Sw4,sw4-sr-2-8-turbo-4x4-at-2018,,2018,177.0,5,Auto,Indefinido,Rural
toyota,Sw4,sw4-srv-2-7-at-2018,,2018,163.0,5,Auto,Indefinido,Urbano
toyota,Sw4,sw4-srx-2-8-turbo-4x4-at-2018,,2018,177.0,5,Auto,Indefinido,Rural
toyota,Sw4,sw4-sr-2-7-2019,,2019,163.0,5,Manual,Indefinido,Urbano
toyota,Sw4,sw4-sr-2-7-at-2019,,2019,163.0,5,Auto,Indefinido,Urbano
toyota,Sw4,sw4-sr-2-8-turbo-4x4-at-2019,,2019,177.0,5,Auto,Indefinido,Rural
toyota,Sw4,sw4-srv-2-7-at-2019,,2019,163.0,5,Auto,Indefinido,Urbano
toyota,Sw4,sw4-srx-2-8-turbo-4x4-at-2019,,2019,177.0,5,Auto,Indefinido,Rural
toyota,Sw4,sw4-srx-diamond-2-8-turbo-4x4-at-2019,,2019,177.0,5,Auto,Indefinido,Rural
toyota,Sw4,sw4-sr-2-7-2020,,2020,,5,Manual,Indefinido,Urbano
toyota,Sw4,sw4-sr-2-7-at-2020,,2020,,5,Auto,Indefinido,Urbano
toyota,Sw4,sw4-srv-2-7-at-2020,,2020,,5,Auto,Indefinido,Urbano
toyota,Sw4,sw4-srx-2-8-turbo-4x4-at-2020,,2020,177.0,5,Auto,Indefinido,Rural
toyota,Sw4,sw4-srx-2-8-turbo-4x4-at-2020-diesel,,2020,177.0,5,Auto,Indefinido,Rural
toyota,Sw4,sw4-srx-diamond-2-8-turbo-4x4-at-2020,,2020,177.0,5,Auto,Indefinido,Rural
toyota,Sw4,sw4-sr-2-7-at-2021,,2021,163.0,5,Auto,Indefinido,Urbano
toyota,Sw4,sw4-srv-2-7-at-2021,,2021,163.0,5,Auto,Indefinido,Urbano
toyota,Sw4,sw4-srx-2-8-turbo-4x4-at-2021,,2021,204.0,5,Auto,Indefinido,Rural
toyota,Sw4,sw4-srx-2-8-turbo-4x4-at-2021-diesel,,2021,204.0,5,Auto,Indefinido,Rural
toyota,Sw4,sw4-diamond-2-8-turbo-4x4-at-2022,,2022,204.0,5,Auto,Indefinido,Rural
toyota,Sw4,sw4-gr-s-2-8-turbo-4x4-at-2022,,2022,204.0,5,Auto,Indefinido,Rural
toyota,Sw4,sw4-srx-2-8-turbo-4x4-at-2022,,2022,204.0,5,Auto,Indefinido,Rural
toyota,Sw4,sw4-srx-2-8-turbo-4x4-at-2022-diesel,,2022,204.0,5,Auto,Indefinido,Rural
toyota,Sw4,sw4-diamond-2-8-2023,,2023,204.0,5,Auto,Indefinido,Rural
toyota,Sw4,sw4-gr-s-2-8-2023,,2023,224.0,5,Auto,Indefinido,Rural
toyota,Sw4,sw4-srx-2-8-2023,,2023,204.0,5,Auto,Indefinido,Rural
toyota,Sw4,sw4-srx-2-8-2023-diesel,,2023,204.0,5,Auto,Indefinido,Rural
toyota,Sw4,sw4-diamond-2-8-2024,,2024,204.0,5,Auto,Indefinido,Rural
toyota,Sw4,sw4-gr-s-2-8-2024,,2024,224.0,5,Auto,Indefinido,Rural
toyota,Sw4,sw4-srx-2-8-2024,,2024,204.0,5,Auto,Indefinido,Rural
toyota,Sw4,sw4-srx-2-8-2024-diesel,,2024,204.0,5,Auto,Indefinido,Rural
toyota,Sw4,sw4-srx-platinum-2-8-2024,,2024,204.0,5,Auto,Indefinido,Rural
toyota,Sw4,sw4-srx-platinum-2-8-2024-diesel,,2024,204.0,5,Auto,Indefinido,Rural
toyota,Sw4,sw4-diamond-2-8-2025,,2025,204.0,5,Auto,Indefinido,Rural
toyota,Sw4,sw4-srx-platinum-2-8-2025,,2025,204.0,5,Auto,Indefinido,Rural
toyota,Sw4,sw4-srx-platinum-2-8-2025-diesel,,2025,204.0,5,Auto,Indefinido,Rural
toyota,Sw4,sw4-diamond-2-8-2026,,2026,204.0,5,Auto,Indefinido,Rural
toyota,Sw4,sw4-srx-platinum-2-8-2026,,2026,204.0,5,Auto,Indefinido,Rural
toyota,Sw4,sw4-srx-platinum-2-8-2026-diesel,,2026,204.0,5,Auto,Indefinido,Rural
toyota,Tundra,tundra-capstone-3-4-v6-hybrid-2024,,2024,443.0,5,Auto,Indefinido,Rural
toyota,Tundra,tundra-trd-pro-3-4-v6-hybrid-2024,,2024,443.0,5,Auto,Indefinido,Rural
toyota,Yaris,yaris-x-way-1-5-at-2019,,2019,110.0,5,Auto,Indefinido,Urbano
toyota,Yaris,yaris-xl-1-3-2019,,2019,101.0,5,Manual,Indefinido,Urbano
toyota,Yaris,yaris-xl-1-3-at-2019,,2019,101.0,5,Auto,Indefinido,Urbano
toyota,Yaris,yaris-xl-plus-tech-1-3-at-2019,,2019,101.0,5,Auto,Indefinido,Urbano
toyota,Yaris,yaris-xls-1-5-at-2019,,2019,110.0,5,Auto,Indefinido,Urbano
toyota,Yaris,yaris-xs-1-5-at-2019,,2019,110.0,5,Auto,Indefinido,Urbano
toyota,Yaris,yaris-x-way-1-5-at-2020,,2020,,5,Auto,Indefinido,Urbano
toyota,Yaris,yaris-x-way-connect-1-5-at-2020,,2020,,5,Auto,Indefinido,Urbano
toyota,Yaris,yaris-xl-1-3-2020,,2020,,5,Manual,Indefinido,Urbano
toyota,Yaris,yaris-xl-1-3-at-2020,,2020,,5,Auto,Indefinido,Urbano
toyota,Yaris,yaris-xl-live-1-3-2020,,2020,,5,Manual,Indefinido,Urbano
toyota,Yaris,yaris-xl-live-1-3-at-2020,,2020,,5,Auto,Indefinido,Urbano
toyota,Yaris,yaris-xl-plus-connect-1-5-at-2020,,2020,,5,Auto,Indefinido,Urbano
toyota,Yaris,yaris-xl-plus-tech-1-3-at-2020,,2020,,5,Auto,Indefinido,Urbano
toyota,Yaris,yaris-xls-1-5-at-2020,,2020,,5,Auto,Indefinido,Urbano
toyota,Yaris,yaris-xls-connect-1-5-at-2020,,2020,,5,Auto,Indefinido,Urbano
toyota,Yaris,yaris-xs-1-5-at-2020,,2020,,5,Auto,Indefinido,Urbano
toyota,Yaris,yaris-xs-connect-1-5-at-2020,,2020,,5,Auto,Indefinido,Urbano
toyota,Yaris,yaris-s-1-5-at-2021,,2021,,5,Auto,Indefinido,Urbano
toyota,Yaris,yaris-x-way-connect-1-5-at-2021,,2021,,5,Auto,Indefinido,Urbano
toyota,Yaris,yaris-xl-live-1-3-2021,,2021,101.0,5,Manual,Indefinido,Urbano
toyota,Yaris,yaris-xl-live-1-3-at-2021,,2021,101.0,5,Auto,Indefinido,Urbano
toyota,Yaris,yaris-xl-plus-connect-1-5-at-2021,,2021,,5,Auto,Indefinido,Urbano
toyota,Yaris,yaris-xls-connect-1-5-at-2021,,2021,110.0,5,Auto,Indefinido,Urbano
toyota,Yaris,yaris-xs-connect-1-5-at-2021,,2021,,5,Auto,Indefinido,Urbano
toyota,Yaris,yaris-x-way-connect-1-5-at-2022,,2022,,5,Auto,Indefinido,Urbano
toyota,Yaris,yaris-xl-live-1-3-at-2022,,2022,101.0,5,Auto,Indefinido,Urbano
toyota,Yaris,yaris-xl-plus-connect-1-5-at-2022,,2022,,5,Auto,Indefinido,Urbano
toyota,Yaris,yaris-xls-connect-1-5-at-2022,,2022,110.0,5,Auto,Indefinido,Urbano
toyota,Yaris,yaris-xs-connect-1-5-at-2022,,2022,,5,Auto,Indefinido,Urbano
toyota,Yaris,yaris-xl-1-5-at-2023,,2023,,5,Auto,Indefinido,Urbano
toyota,Yaris,yaris-xls-1-5-at-2023,,2023,,5,Auto,Indefinido,Urbano
toyota,Yaris,yaris-xs-1-5-at-2023,,2023,,5,Auto,Indefinido,Urbano
toyota,Yaris,yaris-xl-1-5-at-2024,,2024,,5,Auto,Indefinido,Urbano
toyota,Yaris,yaris-xls-1-5-at-2024,,2024,,5,Auto,Indefinido,Urbano
toyota,Yaris,yaris-xs-1-5-at-2024,,2024,,5,Auto,Indefinido,Urbano
toyota,Yaris,yaris-xl-1-5-at-2025,,2025,,5,Auto,Indefinido,Urbano
toyota,Yaris,yaris-xls-1-5-at-2025,,2025,,5,Auto,Indefinido,Urbano
toyota,Yaris,yaris-xs-1-5-at-2025,,2025,,5,Auto,Indefinido,Urbano
toyota,Yaris Cross,yaris-cross-xr-1-5-2026,,2026,,5,Auto,Indefinido,Urbano
toyota,Yaris Cross,yaris-cross-xre-1-5-2026,,2026,,5,Auto,Indefinido,Urbano
toyota,Yaris Cross,yaris-cross-xre-hybrid-1-5-2026,,2026,91.0,5,Auto,Indefinido,Urbano
toyota,Yaris Cross,yaris-cross-xrx-1-5-2026,,2026,,5,Auto,Indefinido,Urbano
toyota,Yaris Cross,yaris-cross-xrx-hybrid-1-5-2026,,2026,91.0,5,Auto,Indefinido,Urbano
toyota,Yaris Cross,yaris-cross-xs-1-5-2026,,2026,,5,Auto,Indefinido,Urbano
toyota,Yaris Sedan,yaris-sedan-xl-1-5-2019,,2019,110.0,5,Manual,Indefinido,Urbano
toyota,Yaris Sedan,yaris-sedan-xl-1-5-at-2019,,2019,110.0,5,Auto,Indefinido,Urbano
toyota,Yaris Sedan,yaris-sedan-xl-plus-tech-1-5-at-2019,,2019,110.0,5,Auto,Indefinido,Urbano
toyota,Yaris Sedan,yaris-sedan-xls-1-5-at-2019,,2019,110.0,5,Auto,Indefinido,Urbano
toyota,Yaris Sedan,yaris-sedan-xs-1-5-at-2019,,2019,110.0,5,Auto,Indefinido,Urbano
toyota,Yaris Sedan,yaris-sedan-xl-1-5-2020,,2020,,5,Manual,Indefinido,Urbano
toyota,Yaris Sedan,yaris-sedan-xl-1-5-at-2020,,2020,,5,Auto,Indefinido,Urbano
toyota,Yaris Sedan,yaris-sedan-xl-live-1-5-2020,,2020,,5,Manual,Indefinido,Urbano
toyota,Yaris Sedan,yaris-sedan-xl-live-1-5-at-2020,,2020,,5,Auto,Indefinido,Urbano
toyota,Yaris Sedan,yaris-sedan-xl-plus-connect-1-5-at-2020,,2020,,5,Auto,Indefinido,Urbano
toyota,Yaris Sedan,yaris-sedan-xl-plus-tech-1-5-at-2020,,2020,,5,Auto,Indefinido,Urbano
toyota,Yaris Sedan,yaris-sedan-xls-1-5-at-2020,,2020,,5,Auto,Indefinido,Urbano
toyota,Yaris Sedan,yaris-sedan-xls-connect-1-5-at-2020,,2020,,5,Auto,Indefinido,Urbano
toyota,Yaris Sedan,yaris-sedan-xs-1-5-at-2020,,2020,,5,Auto,Indefinido,Urbano
toyota,Yaris Sedan,yaris-sedan-xs-connect-1-5-at-2020,,2020,,5,Auto,Indefinido,Urbano
toyota,Yaris Sedan,yaris-sedan-xl-live-1-5-2021,,2021,110.0,5,Manual,Indefinido,Urbano
toyota,Yaris Sedan,yaris-sedan-xl-live-1-5-at-2021,,2021,,5,Auto,Indefinido,Urbano
toyota,Yaris Sedan,yaris-sedan-xl-plus-connect-1-5-at-2021,,2021,,5,Auto,Indefinido,Urbano
toyota,Yaris Sedan,yaris-sedan-xls-connect-1-5-at-2021,,2021,110.0,5,Auto,Indefinido,Urbano
toyota,Yaris Sedan,yaris-sedan-xs-connect-1-5-at-2021,,2021,,5,Auto,Indefinido,Urbano
toyota,Yaris Sedan,yaris-sedan-xl-live-1-5-at-2022,,2022,110.0,5,Auto,Indefinido,Urbano
toyota,Yaris Sedan,yaris-sedan-xl-plus-connect-1-5-at-2022,,2022,,5,Auto,Indefinido,Urbano
toyota,Yaris Sedan,yaris-sedan-xls-connect-1-5-at-2022,,2022,,5,Auto,Indefinido,Urbano
toyota,Yaris Sedan,yaris-sedan-xs-connect-1-5-at-2022,,2022,,5,Auto,Indefinido,Urbano
toyota,Yaris Sedan,yaris-sedan-xl-1-5-at-2023,,2023,,5,Auto,Indefinido,Urbano
toyota,Yaris Sedan,yaris-sedan-xls-1-5-at-2023,,2023,,5,Auto,Indefinido,Urbano
toyota,Yaris Sedan,yaris-sedan-xs-1-5-at-2023,,2023,,5,Auto,Indefinido,Urbano
toyota,Yaris Sedan,yaris-sedan-xl-1-5-at-2024,,2024,,5,Auto,Indefinido,Urbano
toyota,Yaris Sedan,yaris-sedan-xls-1-5-at-2024,,2024,,5,Auto,Indefinido,Urbano
toyota,Yaris Sedan,yaris-sedan-xs-1-5-at-2024,,2024,,5,Auto,Indefinido,Urbano
toyota,Yaris Sedan,yaris-sedan-xl-1-5-at-2025,,2025,,5,Auto,Indefinido,Urbano
toyota,Yaris Sedan,yaris-sedan-xls-1-5-at-2025,,2025,,5,Auto,Indefinido,Urbano
toyota,Yaris Sedan,yaris-sedan-xs-1-5-at-2025,,2025,,5,Auto,Indefinido,Urbano
