marca,modelo,modelo_slug,versao,versao_slug,url,coletado_em,titulo_pagina,geral__aceleracao_0100_kmh,geral__velocidade_maxima,geral__acoplamento,geral__cambio,geral__codigo_do_cambio,geral__marchas,geral__quantidade_de_marchas,geral__tracao,geral__alimentacao,geral__aspiracao,geral__cilindrada,geral__cilindros,geral__codigo_do_motor,geral__comando_de_valvulas,geral__curso_do_pistao,geral__diametro_do_cilindro,geral__disposicao,geral__instalacao,geral__pesopotencia,geral__pesotorque,geral__potencia_especifica,geral__potencia_maxima,geral__razao_de_compressao,geral__rotacao_potencia_max,geral__rotacao_torque_max,geral__torque_especifico,geral__torque_maximo,geral__valvulas_por_cilindro,geral__altura,geral__comprimento,geral__distancia_entreeixos,geral__largura,geral__peso,geral__portamalas,geral__tanque_de_combustivel,geral__altura_do_flanco,geral__dianteiros,geral__traseiros,geral__assistencia,geral__diametro_de_giro,geral__diametro_minimo_de_giro,geral__dianteira,geral__elemento_elastico,geral__traseira,geral__rodoviaria_g,geral__urbana_g,geral__rodoviario_g,geral__urbano_g,geral__curso_dos_pistoes,geral__diametro_dos_cilindros,geral__potencia,geral__torque,geral__bitola_dianteira,geral__bitola_traseira,geral__carga_util,geral__area_frontal_a,geral__area_frontal_corrigida,geral__coef_de_arrasto_cx,geral__coeficiente_de_arrasto_cx,geral__altura_minima_do_solo,geral__regime_potencia_max,geral__regime_torque_max,geral__acionam_do_comando,geral__variacao_do_comando,geral__rotacao_maxima,geral__reboque_sem_freio,geral__portamalas_5_lugares,geral__portamalas_7_lugares,geral__portamalas_com_5_lugares,geral__portamalas_com_7_lugares,geral__cilindrada_unitaria,geral__deslocamento,geral__angulo_central,geral__angulo_de_entrada,geral__angulo_de_saida,geral__autonomia_eletrica,geral__capacidade_da_bateria,geral__rodoviaria,geral__urbana,geral__rodoviario,geral__urbano,geral__estepe,geral__potencia_de_recarga,geral__reboque_com_freio
chrysler,300c,300c,300c-5-7-v8-2005,300c-5-7-v8-2005,https://www.fichacompleta.com.br/carros/chrysler/300c-5-7-v8-2005,2026-06-20T21:16:40.101666,Chrysler 300c 5.7 V8 2005,"7,5 s",210 km/h,Conversor de torque,Automático,W5A580,5,5,Traseira,Injeção multiponto,Natural,5654 cm³,8 em V,EZ,Único no bloco,"90,9 mm","99,5 mm",Longitudinal,Dianteiro,"5,4 kg/cv","34,3 kg/kgfm","60,1 cv/litro",340 cv,"9,6:1",5000 rpm,4000 rpm,"9,5 kgfm/litro","53,5 kgfm",2,1483 mm,4999 mm,3048 mm,1881 mm,1836 kg,504 litros,72 litros,135 mm,Disco ventilado,Disco sólido,Hidráulica,"11,9 m","11,9 m","Indep., braços sobrepostos",Mola helicoidal,"Indep., multibraço",720 km,446 km,10 km/l,"6,2 km/l",,,,,,,,,,,,,,,,,,,,,,,,,,,,,,,,,,,,
chrysler,300c,300c,300c-5-7-v8-2006,300c-5-7-v8-2006,https://www.fichacompleta.com.br/carros/chrysler/300c-5-7-v8-2006,2026-06-20T21:16:42.664725,Chrysler 300c 5.7 V8 2006,"7,5 s",210 km/h,Conversor de torque,Automático,W5A580,,5,Traseira,Injeção multiponto,Natural,5654 cm³,8 em V,EZ,no bloco,,,Longitudinal,Dianteiro,"5,4 kg/cv","34,3 kg/kgfm","60,1 cv/litro",340 cv a 5000 rpm,"9,6:1",,,"9,5 kgfm/litro","53,5 kgfm a 4000 rpm",2,1483 mm,4999 mm,3048 mm,1881 mm,1836 kg,504 litros,72 litros,135 mm,Disco ventilado,Disco sólido,Hidráulica,,"11,9 m","Independente, braços sobrepostos",Mola helicoidal,"Independente, multibraço",720 km,446 km,10 km/l,"6,2 km/l","90,9 mm","99,5 mm",,,,,,,,,,,,,,,,,,,,,,,,,,,,,,,,,,
chrysler,300c,300c,300c-srt8-6-1-v8-2006,300c-srt8-6-1-v8-2006,https://www.fichacompleta.com.br/carros/chrysler/300c-srt8-6-1-v8-2006,2026-06-20T21:16:45.628060,Chrysler 300c SRT8 6.1 V8 2006,"6,1 s",274 km/h,Conversor de torque,Automático,W5A580,5,,Traseira,Injeção multiponto,Natural,6059 cm³,8 em V,ES,Único no bloco,"90,9 mm",103 mm,Longitudinal,Dianteiro,"4,4 kg/cv","32,3 kg/kgfm","71,1 cv/litro",,"10,3:1",6000 rpm,4800 rpm,"9,7 kgfm/litro",,2,1471 mm,4999 mm,3048 mm,1881 mm,1888 kg,420 litros,72 litros,115 mm,Disco ventilado,Disco ventilado,Hidráulica,"11,9 m",,"Indep., braços sobrepostos",Mola helicoidal,"Indep., multibraço",605 km,324 km,"8,4 km/l","4,5 km/l",,,431 cv,"58,5 kgfm",1600 mm,1605 mm,445 kg,"2,35 m²","0,823 m²","0,35",,,,,,,,,,,,,,,,,,,,,,,,,,
chrysler,300c,300c,300c-3-5-v6-2007,300c-3-5-v6-2007,https://www.fichacompleta.com.br/carros/chrysler/300c-3-5-v6-2007,2026-06-20T21:16:49.955997,Chrysler 300c 3.5 V6 2007,8 s,220 km/h,Conversor de torque,Automático,W5A580,,5,Traseira,Injeção multiponto,Natural,3518 cm³,6 em V,EG,Único no cabeçote,,,Longitudinal,Dianteiro,"6,9 kg/cv","49,8 kg/kgfm","70,8 cv/litro",249 cv a 6400 rpm,"9,9:1",,,"9,9 kgfm/litro","34,7 kgfm a 3800 rpm",4,1483 mm,4999 mm,3048 mm,1880 mm,1729 kg,504 litros,68 litros,135 mm,Disco ventilado,Disco sólido,Hidráulica,,"11,9 m","Independente, braços sobrepostos",Mola helicoidal,"Independente, multibraço",598 km,483 km,"8,8 km/l","7,1 km/l",81 mm,96 mm,,,1600 mm,1603 mm,,"2,37 m²","0,806 m²",,"0,34",143 mm,,,,,,,,,,,,,,,,,,,,,,,,
chrysler,300c,300c,300c-5-7-v8-2007,300c-5-7-v8-2007,https://www.fichacompleta.com.br/carros/chrysler/300c-5-7-v8-2007,2026-06-20T21:16:53.213794,Chrysler 300c 5.7 V8 2007,"7,5 s",210 km/h,Conversor de torque,Automático,W5A580,5,,Traseira,Injeção multiponto,Natural,5654 cm³,8 em V,EZ,Único no bloco,"90,9 mm","99,5 mm",Longitudinal,Dianteiro,"5,4 kg/cv","34,3 kg/kgfm","60,1 cv/litro",340 cv,"9,6:1",,,"9,5 kgfm/litro","53,5 kgfm",2,1483 mm,4999 mm,3048 mm,1881 mm,1836 kg,504 litros,72 litros,135 mm,Disco ventilado,Disco sólido,Hidráulica,"11,9 m",,"Indep., braços sobrepostos",Mola helicoidal,"Indep., multibraço",720 km,446 km,10 km/l,"6,2 km/l",,,,,,,,,,,,,5000 rpm,4000 rpm,,,,,,,,,,,,,,,,,,,,,,
chrysler,300c,300c,300c-srt8-6-1-v8-2007,300c-srt8-6-1-v8-2007,https://www.fichacompleta.com.br/carros/chrysler/300c-srt8-6-1-v8-2007,2026-06-20T21:16:57.735435,Chrysler 300c SRT8 6.1 V8 2007,"6,1 s",274 km/h,Conversor de torque,Automático,W5A580,5,,Traseira,Injeção multiponto,Natural,6059 cm³,8 em V,ES,Único no bloco,"90,9 mm",103 mm,Longitudinal,Dianteiro,"4,4 kg/cv","32,3 kg/kgfm","71,1 cv/litro",,"10,3:1",6000 rpm,4800 rpm,"9,7 kgfm/litro",,2,1471 mm,4999 mm,3048 mm,1881 mm,1888 kg,420 litros,72 litros,115 mm,Disco ventilado,Disco ventilado,Hidráulica,"11,9 m",,"Indep., braços sobrepostos",Mola helicoidal,"Indep., multibraço",605 km,324 km,"8,4 km/l","4,5 km/l",,,431 cv,"58,5 kgfm",1600 mm,1605 mm,445 kg,"2,35 m²","0,823 m²","0,35",,,,,,,,,,,,,,,,,,,,,,,,,,
chrysler,300c,300c,300c-3-5-v6-2008,300c-3-5-v6-2008,https://www.fichacompleta.com.br/carros/chrysler/300c-3-5-v6-2008,2026-06-20T21:17:01.376211,Chrysler 300c 3.5 V6 2008,8 s,220 km/h,Conversor de torque,Automático,W5A580,5,5,Traseira,Injeção multiponto,Natural,3518 cm³,6 em V,EG,Único no cabeçote,81 mm,96 mm,Longitudinal,Dianteiro,"6,9 kg/cv","49,8 kg/kgfm","70,8 cv/litro",249 cv,"9,9:1",6400 rpm,3800 rpm,"9,9 kgfm/litro","34,7 kgfm",4,1483 mm,4999 mm,3048 mm,1880 mm,1729 kg,504 litros,68 litros,135 mm,Disco ventilado,Disco sólido,Hidráulica,"11,9 m","11,9 m","Indep., braços sobrepostos",Mola helicoidal,"Indep., multibraço",598 km,483 km,"8,8 km/l","7,1 km/l",,,,,1600 mm,1603 mm,,"2,37 m²","0,806 m²","0,34","0,34",143 mm,,,,,,,,,,,,,,,,,,,,,,,,
chrysler,300c,300c,300c-5-7-v8-2008,300c-5-7-v8-2008,https://www.fichacompleta.com.br/carros/chrysler/300c-5-7-v8-2008,2026-06-20T21:17:04.673563,Chrysler 300c 5.7 V8 2008,"6,8 s",250 km/h,Conversor de torque,Automático,W5A580,5,5,Traseira,Injeção multiponto,Natural,5654 cm³,8 em V,EZ,Único no bloco,"90,9 mm","99,5 mm",Longitudinal,Dianteiro,"5,5 kg/cv","34,8 kg/kgfm","60,1 cv/litro",340 cv,"9,6:1",5000 rpm,4000 rpm,"9,5 kgfm/litro","53,6 kgfm",2,1475 mm,5015 mm,3048 mm,1880 mm,1865 kg,504 litros,72 litros,135 mm,Disco ventilado,Disco ventilado,Hidráulica,"11,9 m","11,9 m","Indep., braços sobrepostos",Mola helicoidal,"Indep., multibraço",720 km,446 km,10 km/l,"6,2 km/l",,,,,1600 mm,1605 mm,445 kg,"2,36 m²","0,826 m²","0,35","0,35",,,,,,,,,,,,,,,,,,,,,,,,,
chrysler,300c,300c,300c-srt8-6-1-v8-2008,300c-srt8-6-1-v8-2008,https://www.fichacompleta.com.br/carros/chrysler/300c-srt8-6-1-v8-2008,2026-06-20T21:17:08.301815,Chrysler 300c SRT8 6.1 V8 2008,"6,1 s",274 km/h,Conversor de torque,Automático,W5A580,,5,Traseira,Injeção multiponto,Natural,6059 cm³,8 em V,ES,no bloco,"90,9 mm",103 mm,Longitudinal,Dianteiro,"4,4 kg/cv","32,3 kg/kgfm","71,1 cv/litro",431 cv a 6000 rpm,"10,3:1",,,"9,7 kgfm/litro","58,5 kgfm a 4800 rpm",2,1471 mm,4999 mm,3048 mm,1881 mm,1888 kg,420 litros,72 litros,115 mm,Disco ventilado,Disco ventilado,Hidráulica,,"11,9 m","Independente, braços sobrepostos",Mola helicoidal,"Independente, multibraço",605 km,324 km,"8,4 km/l","4,5 km/l",,,,,1600 mm,1605 mm,445 kg,"2,35 m²","0,823 m²",,"0,35",,,,,,,,,,,,,,,,,,,,,,,,,
chrysler,300c,300c,300c-3-5-v6-2009,300c-3-5-v6-2009,https://www.fichacompleta.com.br/carros/chrysler/300c-3-5-v6-2009,2026-06-20T21:17:11.056788,Chrysler 300c 3.5 V6 2009,8 s,220 km/h,Conversor de torque,Automático,W5A580,5,,Traseira,Injeção multiponto,Natural,3518 cm³,6 em V,EG,Único no cabeçote,81 mm,96 mm,Longitudinal,Dianteiro,"6,9 kg/cv","49,8 kg/kgfm","70,8 cv/litro",249 cv,"9,9:1",,,"9,9 kgfm/litro","34,7 kgfm",4,1483 mm,4999 mm,3048 mm,1880 mm,1729 kg,504 litros,68 litros,135 mm,Disco ventilado,Disco sólido,Hidráulica,"11,9 m",,"Indep., braços sobrepostos",Mola helicoidal,"Indep., multibraço",598 km,483 km,"8,8 km/l","7,1 km/l",,,,,1600 mm,1603 mm,,"2,37 m²","0,806 m²","0,34",,143 mm,6400 rpm,3800 rpm,,,,,,,,,,,,,,,,,,,,,,
chrysler,300c,300c,300c-srt8-6-1-v8-2009,300c-srt8-6-1-v8-2009,https://www.fichacompleta.com.br/carros/chrysler/300c-srt8-6-1-v8-2009,2026-06-20T21:17:14.235777,Chrysler 300c SRT8 6.1 V8 2009,"6,1 s",274 km/h,Conversor de torque,Automático,W5A580,5,,Traseira,Injeção multiponto,Natural,6059 cm³,8 em V,ES,Único no bloco,"90,9 mm",103 mm,Longitudinal,Dianteiro,"4,4 kg/cv","32,3 kg/kgfm","71,1 cv/litro",,"10,3:1",6000 rpm,4800 rpm,"9,7 kgfm/litro",,2,1471 mm,4999 mm,3048 mm,1881 mm,1888 kg,420 litros,72 litros,115 mm,Disco ventilado,Disco ventilado,Hidráulica,"11,9 m",,"Indep., braços sobrepostos",Mola helicoidal,"Indep., multibraço",605 km,324 km,"8,4 km/l","4,5 km/l",,,431 cv,"58,5 kgfm",1600 mm,1605 mm,445 kg,"2,35 m²","0,823 m²","0,35",,,,,,,,,,,,,,,,,,,,,,,,,,
chrysler,300c,300c,300c-srt8-6-1-v8-2010,300c-srt8-6-1-v8-2010,https://www.fichacompleta.com.br/carros/chrysler/300c-srt8-6-1-v8-2010,2026-06-20T21:17:18.897157,Chrysler 300c SRT8 6.1 V8 2010,"6,1 s",274 km/h,Conversor de torque,Automático,W5A580,,5,Traseira,Injeção multiponto,Natural,6059 cm³,8 em V,ES,no bloco,"90,9 mm",103 mm,Longitudinal,Dianteiro,"4,4 kg/cv","32,3 kg/kgfm","71,1 cv/litro",431 cv a 6000 rpm,"10,3:1",,,"9,7 kgfm/litro","58,5 kgfm a 4800 rpm",2,1471 mm,4999 mm,3048 mm,1881 mm,1888 kg,420 litros,72 litros,115 mm,Disco ventilado,Disco ventilado,Hidráulica,,"11,9 m","Independente, braços sobrepostos",Mola helicoidal,"Independente, multibraço",605 km,324 km,"8,4 km/l","4,5 km/l",,,,,1600 mm,1605 mm,445 kg,"2,35 m²","0,823 m²",,"0,35",,,,,,,,,,,,,,,,,,,,,,,,,
chrysler,300c,300c,300c-3-6-v6-2012,300c-3-6-v6-2012,https://www.fichacompleta.com.br/carros/chrysler/300c-3-6-v6-2012,2026-06-20T21:17:21.335067,Chrysler 300c 3.6 V6 2012,"7,8 s",235 km/h,Conversor de torque,Automático,ZF 8HP,8,8,Traseira,Injeção multiponto,Natural,3604 cm³,6 em V,Pentastar,Duplo no cabeçote,83 mm,96 mm,Longitudinal,Dianteiro,"6,3 kg/cv","52,3 kg/kgfm","79,4 cv/litro",286 cv,"10,2:1",6350 rpm,4650 rpm,"9,6 kgfm/litro","34,7 kgfm",4,1485 mm,5044 mm,3052 mm,1902 mm,1814 kg,462 litros,72 litros,135 mm,Disco ventilado,Disco sólido,Eletro-hidráulica,"11,9 m","11,9 m","Indep., braços sobrepostos",Mola helicoidal,"Indep., multibraço",727 km,511 km,"10,1 km/l","7,1 km/l",,,,,1611 mm,1620 mm,,"2,4 m²","0,768 m²","0,32","0,32",120 mm,,,Corrente,Admissão,,,,,,,,,,,,,,,,,,,,
chrysler,300c,300c,300c-3-6-v6-2014,300c-3-6-v6-2014,https://www.fichacompleta.com.br/carros/chrysler/300c-3-6-v6-2014,2026-06-20T21:17:26.224442,Chrysler 300c 3.6 V6 2014,"7,8 s",235 km/h,Conversor de torque,Automático,ZF 8HP,,8,Traseira,Injeção multiponto,Natural,3604 cm³,6 em V,Pentastar,"Duplo no cabeçote, corrente",83 mm,96 mm,Longitudinal,Dianteiro,"6,3 kg/cv","52,3 kg/kgfm","79,4 cv/litro",286 cv a 6350 rpm,"10,2:1",,,"9,6 kgfm/litro","34,7 kgfm a 4650 rpm",4,1485 mm,5044 mm,3052 mm,1902 mm,1814 kg,462 litros,72 litros,135 mm,Disco ventilado,Disco sólido,Eletro-hidráulica,,"11,9 m","Independente, braços sobrepostos",Mola helicoidal,"Independente, multibraço",727 km,511 km,"10,1 km/l","7,1 km/l",,,,,1611 mm,1620 mm,,"2,4 m²","0,768 m²",,"0,32",120 mm,,,,Admissão,,,,,,,,,,,,,,,,,,,,
chrysler,300c,300c,300c-3-6-v6-2015,300c-3-6-v6-2015,https://www.fichacompleta.com.br/carros/chrysler/300c-3-6-v6-2015,2026-06-20T21:17:28.936800,Chrysler 300c 3.6 V6 2015,"7,9 s",240 km/h,Conversor de torque,Automático,ZF 8HP,,8,Traseira,Injeção multiponto,Natural,3604 cm³,6 em V,Pentastar,"Duplo no cabeçote, corrente",,,Longitudinal,Dianteiro,"6,2 kg/cv","50,8 kg/kgfm","82,1 cv/litro",296 cv a 6350 rpm,"10,2:1",,,"10,0 kgfm/litro",36 kgfm a 4800 rpm,4,1485 mm,5044 mm,3052 mm,1902 mm,1828 kg,500 litros,70 litros,110 mm,Disco ventilado,Disco sólido,Elétrica,,"11,9 m","Independente, braços sobrepostos",Mola helicoidal,"Independente, multibraço",707 km,497 km,"10,1 km/l","7,1 km/l",83 mm,96 mm,,,1611 mm,1620 mm,,"2,4 m²","0,768 m²",,"0,32",120 mm,,,,Admissão,6400 rpm,454 kg,,,,,,,,,,,,,,,,,,
chrysler,300c,300c,300c-3-6-v6-2016,300c-3-6-v6-2016,https://www.fichacompleta.com.br/carros/chrysler/300c-3-6-v6-2016,2026-06-20T21:17:31.400176,Chrysler 300c 3.6 V6 2016,"7,9 s",240 km/h,Conversor de torque,Automático,ZF 8HP,,8,Traseira,Injeção multiponto,Natural,3604 cm³,6 em V,Pentastar,"Duplo no cabeçote, corrente",83 mm,96 mm,Longitudinal,Dianteiro,"6,2 kg/cv","50,8 kg/kgfm","82,1 cv/litro",296 cv a 6350 rpm,"10,2:1",,,"10,0 kgfm/litro",36 kgfm a 4800 rpm,4,1485 mm,5044 mm,3052 mm,1902 mm,1828 kg,500 litros,70 litros,110 mm,Disco ventilado,Disco sólido,Elétrica,,"11,9 m","Independente, braços sobrepostos",Mola helicoidal,"Independente, multibraço",707 km,497 km,"10,1 km/l","7,1 km/l",,,,,1611 mm,1620 mm,,"2,4 m²","0,768 m²",,"0,32",120 mm,,,,Admissão,6400 rpm,454 kg,,,,,,,,,,,,,,,,,,
chrysler,300c Touring,300c-touring,300c-touring-5-7-v8-2005,300c-touring-5-7-v8-2005,https://www.fichacompleta.com.br/carros/chrysler/300c-touring-5-7-v8-2005,2026-06-20T21:17:47.824542,Chrysler 300c Touring 5.7 V8 2005,"7,2 s",250 km/h,Conversor de torque,Automático,W5A580,5,,Traseira,Injeção multiponto,Natural,5654 cm³,8 em V,EZ,Único no bloco,"90,9 mm","99,5 mm",Longitudinal,Dianteiro,"5,5 kg/cv","35,0 kg/kgfm","60,1 cv/litro",,"9,6:1",5000 rpm,4000 rpm,"9,5 kgfm/litro",,2,1475 mm,4999 mm,3048 mm,1880 mm,1875 kg,630 litros,72 litros,135 mm,Disco ventilado,Disco ventilado,Hidráulica,"11,9 m",,"Indep., braços sobrepostos",Mola helicoidal,"Indep., multibraço",720 km,396 km,10 km/l,"5,5 km/l",,,340 cv,"53,6 kgfm",1600 mm,1605 mm,445 kg,"2,36 m²","0,826 m²","0,35",,,,,,,,,,,,,,,,,,,,,,,,,,
chrysler,300c Touring,300c-touring,300c-touring-5-7-v8-2006,300c-touring-5-7-v8-2006,https://www.fichacompleta.com.br/carros/chrysler/300c-touring-5-7-v8-2006,2026-06-20T21:17:51.383925,Chrysler 300c Touring 5.7 V8 2006,"7,2 s",250 km/h,Conversor de torque,Automático,W5A580,5,,Traseira,Injeção multiponto,Natural,5654 cm³,8 em V,EZ,Único no bloco,"90,9 mm","99,5 mm",Longitudinal,Dianteiro,"5,5 kg/cv","35,0 kg/kgfm","60,1 cv/litro",340 cv,"9,6:1",,,"9,5 kgfm/litro","53,6 kgfm",2,1475 mm,4999 mm,3048 mm,1880 mm,1875 kg,630 litros,72 litros,135 mm,Disco ventilado,Disco ventilado,Hidráulica,"11,9 m",,"Indep., braços sobrepostos",Mola helicoidal,"Indep., multibraço",720 km,396 km,10 km/l,"5,5 km/l",,,,,1600 mm,1605 mm,445 kg,"2,36 m²","0,826 m²","0,35",,,5000 rpm,4000 rpm,,,,,,,,,,,,,,,,,,,,,,
chrysler,300c Touring,300c-touring,300c-touring-5-7-v8-2007,300c-touring-5-7-v8-2007,https://www.fichacompleta.com.br/carros/chrysler/300c-touring-5-7-v8-2007,2026-06-20T21:17:55.131621,Chrysler 300c Touring 5.7 V8 2007,"7,2 s",250 km/h,Conversor de torque,Automático,W5A580,5,,Traseira,Injeção multiponto,Natural,5654 cm³,8 em V,EZ,Único no bloco,"90,9 mm","99,5 mm",Longitudinal,Dianteiro,"5,5 kg/cv","35,0 kg/kgfm","60,1 cv/litro",,"9,6:1",5000 rpm,4000 rpm,"9,5 kgfm/litro",,2,1475 mm,4999 mm,3048 mm,1880 mm,1875 kg,630 litros,72 litros,135 mm,Disco ventilado,Disco ventilado,Hidráulica,"11,9 m",,"Indep., braços sobrepostos",Mola helicoidal,"Indep., multibraço",720 km,396 km,10 km/l,"5,5 km/l",,,340 cv,"53,6 kgfm",1600 mm,1605 mm,445 kg,"2,36 m²","0,826 m²","0,35",,,,,,,,,,,,,,,,,,,,,,,,,,
chrysler,300c Touring,300c-touring,300c-touring-5-7-v8-2008,300c-touring-5-7-v8-2008,https://www.fichacompleta.com.br/carros/chrysler/300c-touring-5-7-v8-2008,2026-06-20T21:17:59.656653,Chrysler 300c Touring 5.7 V8 2008,"7,2 s",250 km/h,,Automático,,,5,Traseira,Injeção multiponto,Natural,5654 cm³,8 em V,,no bloco,,,Longitudinal,Dianteiro,"5,5 kg/cv","35,0 kg/kgfm","60,1 cv/litro",340 cv a 5000 rpm,"9,6:1",,,"9,5 kgfm/litro","53,6 kgfm a 4000 rpm",2,1475 mm,4999 mm,3048 mm,1880 mm,1875 kg,630 litros,72 litros,135 mm,225/60 R18,Disco ventilado,Hidráulica,,"11,9 m","Independente, braços sobrepostos",Mola helicoidal,"Independente, multibraço",720 km,396 km,10 km/l,"5,5 km/l","90,9 mm","99,5 mm",,,1600 mm,1605 mm,445 kg,"2,36 m²",,,"0,35",,,,,,,,,,,,,,,,,,,,,,,,,
chrysler,300c Touring,300c-touring,300c-touring-5-7-v8-2009,300c-touring-5-7-v8-2009,https://www.fichacompleta.com.br/carros/chrysler/300c-touring-5-7-v8-2009,2026-06-20T21:18:04.421285,Chrysler 300c Touring 5.7 V8 2009,"7,2 s",250 km/h,Conversor de torque,Automático,W5A580,5,,Traseira,Injeção multiponto,Natural,5654 cm³,8 em V,EZ,Único no bloco,"90,9 mm","99,5 mm",Longitudinal,Dianteiro,"5,5 kg/cv","35,0 kg/kgfm","60,1 cv/litro",,"9,6:1",5000 rpm,4000 rpm,"9,5 kgfm/litro",,2,1475 mm,4999 mm,3048 mm,1880 mm,1875 kg,630 litros,72 litros,135 mm,Disco ventilado,Disco ventilado,Hidráulica,"11,9 m",,"Indep., braços sobrepostos",Mola helicoidal,"Indep., multibraço",720 km,396 km,10 km/l,"5,5 km/l",,,340 cv,"53,6 kgfm",1600 mm,1605 mm,445 kg,"2,36 m²","0,826 m²","0,35",,,,,,,,,,,,,,,,,,,,,,,,,,
chrysler,300m,300m,300m-3-5-v6-1999,300m-3-5-v6-1999,https://www.fichacompleta.com.br/carros/chrysler/300m-3-5-v6-1999,2026-06-20T21:18:22.399899,Chrysler 300m 3.5 V6 1999,"8,8 s",230 km/h,Conversor de torque,Automático,Ultradrive A604,4,4,Dianteira,Injeção multiponto,Natural,3518 cm³,6 em V,EG,Único no cabeçote,81 mm,96 mm,Longitudinal,Dianteiro,"6,5 kg/cv","48,0 kg/kgfm","72,2 cv/litro",254 cv,"9,6:1",6400 rpm,3850 rpm,"9,8 kgfm/litro","34,6 kgfm",4,1416 mm,5000 mm,2870 mm,1892 mm,1660 kg,530 litros,64 litros,135 mm,Disco ventilado,Disco sólido,Hidráulica,"11,5 m","11,5 m","Indep., braços sobrepostos",Mola helicoidal,"Indep., braços sobrepostos",544 km,352 km,"8,5 km/l","5,5 km/l",,,,,1574 mm,1564 mm,460 kg,"2,28 m²","0,707 m²","0,31","0,31",,,,,,,,,,,,,,,,,,,,,,,,,
chrysler,300m,300m,300m-3-5-v6-2000,300m-3-5-v6-2000,https://www.fichacompleta.com.br/carros/chrysler/300m-3-5-v6-2000,2026-06-20T21:18:26.090273,Chrysler 300m 3.5 V6 2000,"8,8 s",230 km/h,,Automático,,,4,Dianteira,Injeção multiponto,Natural,3518 cm³,6 em V,EG,Único no cabeçote,,,Longitudinal,Dianteiro,"6,5 kg/cv","48,0 kg/kgfm","72,2 cv/litro",254 cv a 6400 rpm,"9,6:1",,,"9,8 kgfm/litro","34,6 kgfm a 3850 rpm",4,1416 mm,5000 mm,2870 mm,1892 mm,1660 kg,530 litros,64 litros,135 mm,225/60 R16,Disco sólido,Hidráulica,,"11,5 m","Independente, braços sobrepostos",Mola helicoidal,"Independente, braços sobrepostos",544 km,352 km,"8,5 km/l","5,5 km/l",81 mm,96 mm,,,1574 mm,1564 mm,460 kg,"2,28 m²",,,"0,31",,,,,,,,,,,,,,,,,,,,,,,,,
chrysler,300m,300m,300m-3-5-v6-2001,300m-3-5-v6-2001,https://www.fichacompleta.com.br/carros/chrysler/300m-3-5-v6-2001,2026-06-20T21:18:28.690240,Chrysler 300m 3.5 V6 2001,"8,8 s",230 km/h,Conversor de torque,Automático,Ultradrive A604,4,,Dianteira,Injeção multiponto,Natural,3518 cm³,6 em V,EG,Único no cabeçote,81 mm,96 mm,Longitudinal,Dianteiro,"6,5 kg/cv","48,0 kg/kgfm","72,2 cv/litro",,"9,6:1",6400 rpm,3850 rpm,"9,8 kgfm/litro",,4,1416 mm,5000 mm,2870 mm,1892 mm,1660 kg,530 litros,64 litros,135 mm,Disco ventilado,Disco sólido,Hidráulica,"11,5 m",,"Indep., braços sobrepostos",Mola helicoidal,"Indep., braços sobrepostos",544 km,352 km,"8,5 km/l","5,5 km/l",,,254 cv,"34,6 kgfm",1574 mm,1564 mm,460 kg,"2,28 m²","0,707 m²","0,31",,,,,,,,,,,,,,,,,,,,,,,,,,
chrysler,Caravan,caravan,caravan-se-3-3-v6-1994,caravan-se-3-3-v6-1994,https://www.fichacompleta.com.br/carros/chrysler/caravan-se-3-3-v6-1994,2026-06-20T21:18:47.502238,Chrysler Caravan SE 3.3 V6 1994,"11,5 s",175 km/h,Conversor de torque,Automático,A604,4,,Dianteira,Injeção multiponto,Natural,3301 cm³,6 em V,EG,Único no bloco,81 mm,93 mm,Transversal,Dianteiro,"10,3 kg/cv","63,1 kg/kgfm","49,7 cv/litro",164 cv,"8,9:1",,,"8,1 kgfm/litro","26,8 kgfm",2,1676 mm,4524 mm,2852 mm,1829 mm,1691 kg,,76 litros,144 mm,Disco ventilado,Tambor,Hidráulica,"12,5 m",,"Indep., McPherson",Feixe de molas semielípticas,Eixo rígido,669 km,494 km,"8,8 km/l","6,5 km/l",,,,,1521 mm,1577 mm,,"2,61 m²","1,018 m²","0,39",,,4800 rpm,3600 rpm,,,,,377 litros,120 litros,,,,,,,,,,,,,,,,
chrysler,Caravan,caravan,caravan-le-3-3-v6-1996,caravan-le-3-3-v6-1996,https://www.fichacompleta.com.br/carros/chrysler/caravan-le-3-3-v6-1996,2026-06-20T21:18:51.288791,Chrysler Caravan LE 3.3 V6 1996,"11,5 s",175 km/h,Conversor de torque,Automático,A604,4,,Dianteira,Injeção multiponto,Natural,3301 cm³,6 em V,EG,Único no bloco,81 mm,93 mm,Transversal,Dianteiro,"11,0 kg/cv","62,8 kg/kgfm","48,5 cv/litro",160 cv,"8,9:1",4850 rpm,3250 rpm,"8,5 kgfm/litro",28 kgfm,2,1740 mm,4732 mm,2878 mm,1905 mm,1757 kg,,76 litros,140 mm,Disco ventilado,Tambor,Hidráulica,"11,5 m",,"Indep., McPherson",Feixe de molas semielípticas,Eixo rígido,692 km,540 km,"9,1 km/l","7,1 km/l",,,,,1600 mm,1626 mm,,"2,82 m²","0,987 m²","0,35",,135 mm,,,,,,907 kg,450 litros,120 litros,,,,,,,,,,,,,,,,
chrysler,Caravan,caravan,caravan-le-3-3-v6-1997,caravan-le-3-3-v6-1997,https://www.fichacompleta.com.br/carros/chrysler/caravan-le-3-3-v6-1997,2026-06-20T21:18:55.087874,Chrysler Caravan LE 3.3 V6 1997,"11,5 s",175 km/h,Conversor de torque,Automático,A604,4,,Dianteira,Injeção multiponto,Natural,3301 cm³,6 em V,EG,Único no bloco,81 mm,93 mm,Transversal,Dianteiro,"11,0 kg/cv","62,8 kg/kgfm","48,5 cv/litro",,"8,9:1",4850 rpm,3250 rpm,"8,5 kgfm/litro",,2,1740 mm,4732 mm,2878 mm,1905 mm,1757 kg,,76 litros,140 mm,Disco ventilado,Tambor,Hidráulica,"11,5 m",,"Indep., McPherson",Feixe de molas semielípticas,Eixo rígido,692 km,540 km,"9,1 km/l","7,1 km/l",,,160 cv,28 kgfm,1600 mm,1626 mm,,"2,82 m²","0,987 m²","0,35",,135 mm,,,,,,907 kg,450 litros,120 litros,,,,,,,,,,,,,,,,
chrysler,Caravan,caravan,caravan-lx-3-8-v6-1997,caravan-lx-3-8-v6-1997,https://www.fichacompleta.com.br/carros/chrysler/caravan-lx-3-8-v6-1997,2026-06-20T21:18:59.919447,Chrysler Caravan LX 3.8 V6 1997,"11,5 s",175 km/h,Conversor de torque,Automático,,4,,Integral permanente,Injeção multiponto,Natural,3778 cm³,6 em V,EGH,Único no bloco,87 mm,96 mm,Transversal,Dianteiro,"10,2 kg/cv","55,6 kg/kgfm","47,6 cv/litro",,9:1,4400 rpm,3200 rpm,"8,8 kgfm/litro",,2,1789 mm,4732 mm,2878 mm,1905 mm,1840 kg,,76 litros,140 mm,Disco ventilado,Disco sólido,Hidráulica,"11,5 m",,"Indep., McPherson",Feixe de molas semielípticas,Eixo rígido,684 km,479 km,9 km/l,"6,3 km/l",,,180 cv,"33,1 kgfm",1600 mm,1626 mm,,"2,9 m²","1,015 m²","0,35",,135 mm,,,,,,,450 litros,120 litros,,,,,,,,,,,,,,,,
chrysler,Caravan,caravan,caravan-lx-3-8-v6-1997-gasolina,caravan-lx-3-8-v6-1997-gasolina,https://www.fichacompleta.com.br/carros/chrysler/caravan-lx-3-8-v6-1997-gasolina,2026-06-20T21:19:03.039441,Chrysler Caravan LX 3.8 V6 1997,"11,5 s",175 km/h,Conversor de torque,Automático,,4,,Integral permanente,Injeção multiponto,Natural,3778 cm³,6 em V,EGH,Único no bloco,87 mm,96 mm,Transversal,Dianteiro,"10,2 kg/cv","55,6 kg/kgfm","47,6 cv/litro",,9:1,4400 rpm,3200 rpm,"8,8 kgfm/litro",,2,1789 mm,4732 mm,2878 mm,1905 mm,1840 kg,,76 litros,140 mm,Disco ventilado,Disco sólido,Hidráulica,"11,5 m",,"Indep., McPherson",Feixe de molas semielípticas,Eixo rígido,684 km,479 km,9 km/l,"6,3 km/l",,,180 cv,"33,1 kgfm",1600 mm,1626 mm,,"2,9 m²","1,015 m²","0,35",,135 mm,,,,,,,450 litros,120 litros,,,,,,,,,,,,,,,,
chrysler,Caravan,caravan,caravan-le-3-3-v6-1998,caravan-le-3-3-v6-1998,https://www.fichacompleta.com.br/carros/chrysler/caravan-le-3-3-v6-1998,2026-06-20T21:19:06.825456,Chrysler Caravan LE 3.3 V6 1998,"11,5 s",175 km/h,Conversor de torque,Automático,A604,4,,Dianteira,Injeção multiponto,Natural,3301 cm³,6 em V,EG,Único no bloco,81 mm,93 mm,Transversal,Dianteiro,"11,0 kg/cv","62,8 kg/kgfm","48,5 cv/litro",,"8,9:1",4850 rpm,3250 rpm,"8,5 kgfm/litro",,2,1740 mm,4732 mm,2878 mm,1905 mm,1757 kg,,76 litros,140 mm,Disco ventilado,Tambor,Hidráulica,"11,5 m",,"Indep., McPherson",Feixe de molas semielípticas,Eixo rígido,692 km,540 km,"9,1 km/l","7,1 km/l",,,160 cv,28 kgfm,1600 mm,1626 mm,,"2,82 m²","0,987 m²","0,35",,135 mm,,,,,,907 kg,450 litros,120 litros,,,,,,,,,,,,,,,,
chrysler,Caravan,caravan,caravan-lx-3-8-v6-1998,caravan-lx-3-8-v6-1998,https://www.fichacompleta.com.br/carros/chrysler/caravan-lx-3-8-v6-1998,2026-06-20T21:19:10.078209,Chrysler Caravan LX 3.8 V6 1998,"11,5 s",175 km/h,Conversor de torque,Automático,,4,,Integral permanente,Injeção multiponto,Natural,3778 cm³,6 em V,EGH,Único no bloco,87 mm,96 mm,Transversal,Dianteiro,"10,2 kg/cv","55,6 kg/kgfm","47,6 cv/litro",180 cv,9:1,4400 rpm,3200 rpm,"8,8 kgfm/litro","33,1 kgfm",2,1789 mm,4732 mm,2878 mm,1905 mm,1840 kg,,76 litros,140 mm,Disco ventilado,Disco sólido,Hidráulica,"11,5 m",,"Indep., McPherson",Feixe de molas semielípticas,Eixo rígido,684 km,479 km,9 km/l,"6,3 km/l",,,,,1600 mm,1626 mm,,"2,9 m²","1,015 m²","0,35",,135 mm,,,,,,,450 litros,120 litros,,,,,,,,,,,,,,,,
chrysler,Caravan,caravan,caravan-se-2-4-1998,caravan-se-2-4-1998,https://www.fichacompleta.com.br/carros/chrysler/caravan-se-2-4-1998,2026-06-20T21:19:13.347979,Chrysler Caravan SE 2.4 1998,"15,1 s",175 km/h,Conversor de torque,Automático,,4,,Dianteira,Injeção multiponto,Natural,2429 cm³,4 em linha,,Duplo no cabeçote,101 mm,"87,5 mm",Transversal,Dianteiro,"11,7 kg/cv","74,8 kg/kgfm","60,5 cv/litro",147 cv,"9,4:1",,,"9,5 kgfm/litro",23 kgfm,4,1789 mm,4733 mm,2878 mm,1950 mm,1720 kg,,75 litros,140 mm,Disco ventilado,Tambor,Hidráulica,"11,5 m",,"Indep., McPherson",Feixe de molas semielípticas,Eixo rígido,788 km,630 km,"10,5 km/l","8,4 km/l",,,,,,,,"2,97 m²","1,040 m²","0,35",,135 mm,5250 rpm,4000 rpm,,,,,450 litros,120 litros,,,,,,,,,,,,,,,,
chrysler,Caravan,caravan,caravan-le-3-3-v6-1999,caravan-le-3-3-v6-1999,https://www.fichacompleta.com.br/carros/chrysler/caravan-le-3-3-v6-1999,2026-06-20T21:19:16.212324,Chrysler Caravan LE 3.3 V6 1999,"11,5 s",175 km/h,Conversor de torque,Automático,A604,4,,Dianteira,Injeção multiponto,Natural,3301 cm³,6 em V,EG,Único no bloco,81 mm,93 mm,Transversal,Dianteiro,"11,0 kg/cv","62,8 kg/kgfm","48,5 cv/litro",,"8,9:1",4850 rpm,3250 rpm,"8,5 kgfm/litro",,2,1740 mm,4732 mm,2878 mm,1905 mm,1757 kg,,76 litros,140 mm,Disco ventilado,Tambor,Hidráulica,"11,5 m",,"Indep., McPherson",Feixe de molas semielípticas,Eixo rígido,692 km,540 km,"9,1 km/l","7,1 km/l",,,160 cv,28 kgfm,1600 mm,1626 mm,,"2,82 m²","0,987 m²","0,35",,135 mm,,,,,,907 kg,450 litros,120 litros,,,,,,,,,,,,,,,,
chrysler,Caravan,caravan,caravan-lx-3-8-v6-1999,caravan-lx-3-8-v6-1999,https://www.fichacompleta.com.br/carros/chrysler/caravan-lx-3-8-v6-1999,2026-06-20T21:19:19.898404,Chrysler Caravan LX 3.8 V6 1999,"11,5 s",175 km/h,Conversor de torque,Automático,,4,,Integral permanente,Injeção multiponto,Natural,3778 cm³,6 em V,EGH,Único no bloco,87 mm,96 mm,Transversal,Dianteiro,"10,2 kg/cv","55,6 kg/kgfm","47,6 cv/litro",180 cv,9:1,4400 rpm,3200 rpm,"8,8 kgfm/litro","33,1 kgfm",2,1789 mm,4732 mm,2878 mm,1905 mm,1840 kg,,76 litros,140 mm,Disco ventilado,Disco sólido,Hidráulica,"11,5 m",,"Indep., McPherson",Feixe de molas semielípticas,Eixo rígido,684 km,479 km,9 km/l,"6,3 km/l",,,,,1600 mm,1626 mm,,"2,9 m²","1,015 m²","0,35",,135 mm,,,,,,,450 litros,120 litros,,,,,,,,,,,,,,,,
chrysler,Caravan,caravan,caravan-se-2-4-1999,caravan-se-2-4-1999,https://www.fichacompleta.com.br/carros/chrysler/caravan-se-2-4-1999,2026-06-20T21:19:22.701750,Chrysler Caravan SE 2.4 1999,"15,1 s",175 km/h,Conversor de torque,Automático,,4,4,Dianteira,Injeção multiponto,Natural,2429 cm³,4 em linha,,Duplo no cabeçote,101 mm,"87,5 mm",Transversal,Dianteiro,"11,7 kg/cv","74,8 kg/kgfm","60,5 cv/litro",147 cv,"9,4:1",5250 rpm,4000 rpm,"9,5 kgfm/litro",23 kgfm,4,1789 mm,4733 mm,2878 mm,1950 mm,1720 kg,,75 litros,140 mm,Disco ventilado,Tambor,Hidráulica,"11,5 m","11,5 m","Indep., McPherson",Feixe de molas semielípticas,Eixo rígido,788 km,630 km,"10,5 km/l","8,4 km/l",,,,,,,,"2,97 m²","1,040 m²","0,35","0,35",135 mm,,,,,,,450 litros,120 litros,450 litros,120 litros,,,,,,,,,,,,,,
chrysler,Caravan,caravan,caravan-le-3-3-v6-2000,caravan-le-3-3-v6-2000,https://www.fichacompleta.com.br/carros/chrysler/caravan-le-3-3-v6-2000,2026-06-20T21:19:27.514924,Chrysler Caravan LE 3.3 V6 2000,"11,5 s",175 km/h,Conversor de torque,Automático,A604,4,,Dianteira,Injeção multiponto,Natural,3301 cm³,6 em V,EG,Único no bloco,81 mm,93 mm,Transversal,Dianteiro,"11,0 kg/cv","62,8 kg/kgfm","48,5 cv/litro",160 cv,"8,9:1",4850 rpm,3250 rpm,"8,5 kgfm/litro",28 kgfm,2,1740 mm,4732 mm,2878 mm,1905 mm,1757 kg,,76 litros,140 mm,Disco ventilado,Tambor,Hidráulica,"11,5 m",,"Indep., McPherson",Feixe de molas semielípticas,Eixo rígido,692 km,540 km,"9,1 km/l","7,1 km/l",,,,,1600 mm,1626 mm,,"2,82 m²","0,987 m²","0,35",,135 mm,,,,,,907 kg,450 litros,120 litros,,,,,,,,,,,,,,,,
chrysler,Caravan,caravan,caravan-se-2-4-2000,caravan-se-2-4-2000,https://www.fichacompleta.com.br/carros/chrysler/caravan-se-2-4-2000,2026-06-20T21:19:32.278942,Chrysler Caravan SE 2.4 2000,"15,1 s",175 km/h,,Automático,,,4,Dianteira,Injeção multiponto,Natural,2429 cm³,4 em linha,,Duplo no cabeçote,,,Transversal,Dianteiro,"11,5 kg/cv","74,8 kg/kgfm","61,3 cv/litro",149 cv a 5250 rpm,"9,4:1",,,"9,5 kgfm/litro",23 kgfm a 4000 rpm,4,1789 mm,4733 mm,2878 mm,1950 mm,1720 kg,,75 litros,140 mm,215/65 R15,Tambor,Hidráulica,,"11,5 m","Independente, McPherson",Mola helicoidal,"Eixo rígido, barra Panhard",788 km,630 km,"10,5 km/l","8,4 km/l",101 mm,"87,5 mm",,,,,,"2,97 m²",,,"0,35",,,,,,,,,,450 litros,120 litros,,,,,,,,,,,,,,
chrysler,Caravan,caravan,caravan-lx-3-3-v6-2005,caravan-lx-3-3-v6-2005,https://www.fichacompleta.com.br/carros/chrysler/caravan-lx-3-3-v6-2005,2026-06-20T21:19:34.753393,Chrysler Caravan LX 3.3 V6 2005,"12,6 s",179 km/h,Conversor de torque,Automático,A604,4,,Dianteira,Injeção multiponto,Natural,3301 cm³,6 em V,EG,Único no bloco,81 mm,93 mm,Transversal,Dianteiro,"9,8 kg/cv","61,3 kg/kgfm","55,1 cv/litro",,"9,4:1",5200 rpm,4000 rpm,"8,8 kgfm/litro",,2,1749 mm,4808 mm,2878 mm,1997 mm,1779 kg,,75 litros,140 mm,Disco ventilado,Tambor,Hidráulica,"11,5 m",,"Indep., McPherson",Mola helicoidal,Eixo rígido,788 km,608 km,"10,5 km/l","8,1 km/l",,,182 cv,29 kgfm,1600 mm,1626 mm,,"2,97 m²","1,040 m²","0,35",,142 mm,,,,,,,450 litros,120 litros,,,,,,,,,,,,,,,,
chrysler,Caravan,caravan,caravan-lx-3-3-v6-2006,caravan-lx-3-3-v6-2006,https://www.fichacompleta.com.br/carros/chrysler/caravan-lx-3-3-v6-2006,2026-06-20T21:19:38.694292,Chrysler Caravan LX 3.3 V6 2006,"12,6 s",179 km/h,Conversor de torque,Automático,A604,4,,Dianteira,Injeção multiponto,Natural,3301 cm³,6 em V,EG,Único no bloco,81 mm,93 mm,Transversal,Dianteiro,"9,8 kg/cv","61,3 kg/kgfm","55,1 cv/litro",,"9,4:1",5200 rpm,4000 rpm,"8,8 kgfm/litro",,2,1749 mm,4808 mm,2878 mm,1997 mm,1779 kg,,75 litros,140 mm,Disco ventilado,Tambor,Hidráulica,"11,5 m",,"Indep., McPherson",Mola helicoidal,Eixo rígido,788 km,608 km,"10,5 km/l","8,1 km/l",,,182 cv,29 kgfm,1600 mm,1626 mm,,"2,97 m²","1,040 m²","0,35",,142 mm,,,,,,,450 litros,120 litros,,,,,,,,,,,,,,,,
chrysler,Caravan,caravan,caravan-lx-3-3-v6-2007,caravan-lx-3-3-v6-2007,https://www.fichacompleta.com.br/carros/chrysler/caravan-lx-3-3-v6-2007,2026-06-20T21:19:42.794076,Chrysler Caravan LX 3.3 V6 2007,"12,6 s",179 km/h,Conversor de torque,Automático,A604,4,,Dianteira,Injeção multiponto,Natural,3301 cm³,6 em V,EG,Único no bloco,81 mm,93 mm,Transversal,Dianteiro,"9,8 kg/cv","61,3 kg/kgfm","55,1 cv/litro",,"9,4:1",5200 rpm,4000 rpm,"8,8 kgfm/litro",,2,1749 mm,4808 mm,2878 mm,1997 mm,1779 kg,,75 litros,140 mm,Disco ventilado,Tambor,Hidráulica,"11,5 m",,"Indep., McPherson",Mola helicoidal,Eixo rígido,788 km,608 km,"10,5 km/l","8,1 km/l",,,182 cv,29 kgfm,1600 mm,1626 mm,,"2,97 m²","1,040 m²","0,35",,142 mm,,,,,,,450 litros,120 litros,,,,,,,,,,,,,,,,
chrysler,Grand Caravan,grand-caravan,grand-caravan-le-3-3-v6-1994,grand-caravan-le-3-3-v6-1994,https://www.fichacompleta.com.br/carros/chrysler/grand-caravan-le-3-3-v6-1994,2026-06-20T21:20:37.746935,Chrysler Grand Caravan LE 3.3 V6 1994,"11,8 s",175 km/h,Conversor de torque,Automático,A604,4,,Dianteira,Injeção multiponto,Natural,3301 cm³,6 em V,EG,Único no bloco,81 mm,93 mm,Transversal,Dianteiro,"10,6 kg/cv","64,9 kg/kgfm","49,7 cv/litro",164 cv,"8,9:1",,,"8,1 kgfm/litro","26,8 kgfm",2,1694 mm,4897 mm,3030 mm,1829 mm,1740 kg,,76 litros,144 mm,Disco ventilado,Tambor,Hidráulica,"12,5 m",,"Indep., McPherson",Feixe de molas semielípticas,Eixo rígido,646 km,479 km,"8,5 km/l","6,3 km/l",,,,,1521 mm,1577 mm,,"2,63 m²","1,026 m²","0,39",,,4800 rpm,3600 rpm,,,,,500 litros,200 litros,,,,,,,,,,,,,,,,
chrysler,Grand Caravan,grand-caravan,grand-caravan-le-3-3-v6-1996,grand-caravan-le-3-3-v6-1996,https://www.fichacompleta.com.br/carros/chrysler/grand-caravan-le-3-3-v6-1996,2026-06-20T21:20:41.019321,Chrysler Grand Caravan LE 3.3 V6 1996,"11,9 s",175 km/h,Conversor de torque,Automático,,4,,Dianteira,Injeção multiponto,Natural,3301 cm³,6 em V,EG,Único no bloco,81 mm,93 mm,Transversal,Dianteiro,"11,7 kg/cv","66,8 kg/kgfm","48,5 cv/litro",160 cv,"8,9:1",4850 rpm,3250 rpm,"8,5 kgfm/litro",28 kgfm,2,1789 mm,5070 mm,3030 mm,1950 mm,1870 kg,,75 litros,140 mm,Disco ventilado,Tambor,Hidráulica,12 m,,"Indep., McPherson",Feixe de molas semielípticas,Eixo rígido,675 km,525 km,9 km/l,7 km/l,,,,,,,,"2,97 m²","1,040 m²","0,35",,135 mm,,,,,,,670 litros,200 litros,,,,,,,,,,,,,,,,
chrysler,Grand Caravan,grand-caravan,grand-caravan-le-3-3-v6-1997,grand-caravan-le-3-3-v6-1997,https://www.fichacompleta.com.br/carros/chrysler/grand-caravan-le-3-3-v6-1997,2026-06-20T21:20:43.827170,Chrysler Grand Caravan LE 3.3 V6 1997,"11,9 s",175 km/h,Conversor de torque,Automático,,4,4,Dianteira,Injeção multiponto,Natural,3301 cm³,6 em V,EG,Único no bloco,81 mm,93 mm,Transversal,Dianteiro,"11,7 kg/cv","66,8 kg/kgfm","48,5 cv/litro",160 cv,"8,9:1",4850 rpm,3250 rpm,"8,5 kgfm/litro",28 kgfm,2,1789 mm,5070 mm,3030 mm,1950 mm,1870 kg,,75 litros,140 mm,Disco ventilado,Tambor,Hidráulica,12 m,12 m,"Indep., McPherson",Feixe de molas semielípticas,Eixo rígido,675 km,525 km,9 km/l,7 km/l,,,,,,,,"2,97 m²","1,040 m²","0,35","0,35",135 mm,,,,,,,670 litros,200 litros,670 litros,200 litros,,,,,,,,,,,,,,
chrysler,Grand Caravan,grand-caravan,grand-caravan-le-3-3-v6-1998,grand-caravan-le-3-3-v6-1998,https://www.fichacompleta.com.br/carros/chrysler/grand-caravan-le-3-3-v6-1998,2026-06-20T21:20:46.915470,Chrysler Grand Caravan LE 3.3 V6 1998,"11,9 s",175 km/h,Conversor de torque,Automático,,4,,Dianteira,Injeção multiponto,Natural,3301 cm³,6 em V,EG,Único no bloco,81 mm,93 mm,Transversal,Dianteiro,"11,7 kg/cv","66,8 kg/kgfm","48,5 cv/litro",,"8,9:1",4850 rpm,3250 rpm,"8,5 kgfm/litro",,2,1789 mm,5070 mm,3030 mm,1950 mm,1870 kg,,75 litros,140 mm,Disco ventilado,Tambor,Hidráulica,12 m,,"Indep., McPherson",Feixe de molas semielípticas,Eixo rígido,675 km,525 km,9 km/l,7 km/l,,,160 cv,28 kgfm,,,,"2,97 m²","1,040 m²","0,35",,135 mm,,,,,,,670 litros,200 litros,,,,,,,,,,,,,,,,
chrysler,Grand Caravan,grand-caravan,grand-caravan-le-3-3-v6-1999,grand-caravan-le-3-3-v6-1999,https://www.fichacompleta.com.br/carros/chrysler/grand-caravan-le-3-3-v6-1999,2026-06-20T21:20:49.791616,Chrysler Grand Caravan LE 3.3 V6 1999,"11,9 s",175 km/h,Conversor de torque,Automático,,4,,Dianteira,Injeção multiponto,Natural,3301 cm³,6 em V,EG,Único no bloco,81 mm,93 mm,Transversal,Dianteiro,"11,7 kg/cv","66,8 kg/kgfm","48,5 cv/litro",160 cv,"8,9:1",,,"8,5 kgfm/litro",28 kgfm,2,1789 mm,5070 mm,3030 mm,1950 mm,1870 kg,,75 litros,140 mm,Disco ventilado,Tambor,Hidráulica,12 m,,"Indep., McPherson",Feixe de molas semielípticas,Eixo rígido,675 km,525 km,9 km/l,7 km/l,,,,,,,,"2,97 m²","1,040 m²","0,35",,135 mm,4850 rpm,3250 rpm,,,,,670 litros,200 litros,,,,,,,,,,,,,,,,
chrysler,Grand Caravan,grand-caravan,grand-caravan-lx-3-8-v6-1999,grand-caravan-lx-3-8-v6-1999,https://www.fichacompleta.com.br/carros/chrysler/grand-caravan-lx-3-8-v6-1999,2026-06-20T21:20:53.007340,Chrysler Grand Caravan LX 3.8 V6 1999,"12,3 s",175 km/h,Conversor de torque,Automático,A604,4,,Integral permanente,Injeção multiponto,Natural,,6 em V,EGH,Único no bloco,87 mm,96 mm,Transversal,Dianteiro,"11,19 kg/cv","60,9 kg/kgfm","47,6 cv/litro",180 cv,9:1,,,"8,8 kgfm/litro","33,1 kgfm",2,1789 mm,5070 mm,3030 mm,1950 mm,2015 kg,,76 litros,140 mm,Disco ventilado,Disco sólido,Hidráulica,12 m,,"Indep., McPherson",Feixe de molas semielípticas,Eixo rígido,623 km,418 km,"8,2 km/l","5,5 km/l",,,,,1600 mm,1626 mm,,"2,97 m²","1,040 m²","0,35",,,4400 rpm,3200 rpm,,,,,670 litros,200 litros,,,630 cm³,3778 cm³,,,,,,,,,,,,
chrysler,Grand Caravan,grand-caravan,grand-caravan-le-3-3-v6-2000,grand-caravan-le-3-3-v6-2000,https://www.fichacompleta.com.br/carros/chrysler/grand-caravan-le-3-3-v6-2000,2026-06-20T21:20:56.733702,Chrysler Grand Caravan LE 3.3 V6 2000,"11,9 s",175 km/h,Conversor de torque,Automático,,4,,Dianteira,Injeção multiponto,Natural,3301 cm³,6 em V,EG,Único no bloco,81 mm,93 mm,Transversal,Dianteiro,"11,7 kg/cv","66,8 kg/kgfm","48,5 cv/litro",,"8,9:1",4850 rpm,3250 rpm,"8,5 kgfm/litro",,2,1789 mm,5070 mm,3030 mm,1950 mm,1870 kg,,75 litros,140 mm,Disco ventilado,Tambor,Hidráulica,12 m,,"Indep., McPherson",Feixe de molas semielípticas,Eixo rígido,675 km,525 km,9 km/l,7 km/l,,,160 cv,28 kgfm,,,,"2,97 m²","1,040 m²","0,35",,135 mm,,,,,,,670 litros,200 litros,,,,,,,,,,,,,,,,
chrysler,Grand Caravan,grand-caravan,grand-caravan-lx-3-8-v6-2000,grand-caravan-lx-3-8-v6-2000,https://www.fichacompleta.com.br/carros/chrysler/grand-caravan-lx-3-8-v6-2000,2026-06-20T21:21:00.536382,Chrysler Grand Caravan LX 3.8 V6 2000,"12,3 s",175 km/h,Conversor de torque,Automático,A604,4,,Integral permanente,Injeção multiponto,Natural,,6 em V,EGH,Único no bloco,87 mm,96 mm,Transversal,Dianteiro,"11,19 kg/cv","60,9 kg/kgfm","47,6 cv/litro",180 cv,9:1,,,"8,8 kgfm/litro","33,1 kgfm",2,1789 mm,5070 mm,3030 mm,1950 mm,2015 kg,,76 litros,140 mm,Disco ventilado,Disco sólido,Hidráulica,12 m,,"Indep., McPherson",Feixe de molas semielípticas,Eixo rígido,623 km,418 km,"8,2 km/l","5,5 km/l",,,,,1600 mm,1626 mm,,"2,97 m²","1,040 m²","0,35",,,4400 rpm,3200 rpm,,,,,670 litros,200 litros,,,630 cm³,3778 cm³,,,,,,,,,,,,
chrysler,Grand Caravan,grand-caravan,grand-caravan-limited-3-3-v6-2002,grand-caravan-limited-3-3-v6-2002,https://www.fichacompleta.com.br/carros/chrysler/grand-caravan-limited-3-3-v6-2002,2026-06-20T21:21:04.057531,Chrysler Grand Caravan Limited 3.3 V6 2002,"12,6 s",190 km/h,Conversor de torque,Automático,,4,,Dianteira,Injeção multiponto,Natural,3301 cm³,6 em V,,Único no bloco,81 mm,93 mm,Transversal,Dianteiro,"10,7 kg/cv","67,2 kg/kgfm","55,1 cv/litro",182 cv,"9,4:1",,,"8,8 kgfm/litro",29 kgfm,2,1748 mm,5094 mm,3030 mm,1997 mm,1950 kg,,75 litros,140 mm,Disco ventilado,Disco sólido,Hidráulica,12 m,,"Indep., McPherson",Mola helicoidal,Eixo rígido,765 km,578 km,"10,2 km/l","7,7 km/l",,,,,1600 mm,1626 mm,,,,,,138 mm,5200 rpm,4000 rpm,,,,,600 litros,200 litros,,,,,,,,,,,,,,,,
chrysler,Grand Caravan,grand-caravan,grand-caravan-se-3-3-v6-2002,grand-caravan-se-3-3-v6-2002,https://www.fichacompleta.com.br/carros/chrysler/grand-caravan-se-3-3-v6-2002,2026-06-20T21:21:08.009134,Chrysler Grand Caravan SE 3.3 V6 2002,"12,6 s",190 km/h,Conversor de torque,Automático,,4,,Dianteira,Injeção multiponto,Natural,3301 cm³,6 em V,,Único no bloco,81 mm,93 mm,Transversal,Dianteiro,"10,7 kg/cv","67,2 kg/kgfm","55,1 cv/litro",,"9,4:1",5200 rpm,4000 rpm,"8,8 kgfm/litro",,2,1748 mm,5094 mm,3030 mm,1997 mm,1950 kg,,75 litros,140 mm,Disco ventilado,Disco sólido,Hidráulica,12 m,,"Indep., McPherson",Mola helicoidal,Eixo rígido,765 km,578 km,"10,2 km/l","7,7 km/l",,,182 cv,29 kgfm,1600 mm,1626 mm,,,,,,138 mm,,,,,,,600 litros,200 litros,,,,,,,,,,,,,,,,
chrysler,Grand Caravan,grand-caravan,grand-caravan-limited-3-3-v6-2003,grand-caravan-limited-3-3-v6-2003,https://www.fichacompleta.com.br/carros/chrysler/grand-caravan-limited-3-3-v6-2003,2026-06-20T21:21:12.884895,Chrysler Grand Caravan Limited 3.3 V6 2003,"12,6 s",190 km/h,Conversor de torque,Automático,,4,,Dianteira,Injeção multiponto,Natural,3301 cm³,6 em V,,Único no bloco,81 mm,93 mm,Transversal,Dianteiro,"10,7 kg/cv","67,2 kg/kgfm","55,1 cv/litro",,"9,4:1",5200 rpm,4000 rpm,"8,8 kgfm/litro",,2,1748 mm,5094 mm,3030 mm,1997 mm,1950 kg,,75 litros,140 mm,Disco ventilado,Disco sólido,Hidráulica,12 m,,"Indep., McPherson",Mola helicoidal,Eixo rígido,765 km,578 km,"10,2 km/l","7,7 km/l",,,182 cv,29 kgfm,1600 mm,1626 mm,,,,,,138 mm,,,,,,,600 litros,200 litros,,,,,,,,,,,,,,,,
chrysler,Grand Caravan,grand-caravan,grand-caravan-se-3-3-v6-2003,grand-caravan-se-3-3-v6-2003,https://www.fichacompleta.com.br/carros/chrysler/grand-caravan-se-3-3-v6-2003,2026-06-20T21:21:16.060950,Chrysler Grand Caravan SE 3.3 V6 2003,"12,6 s",190 km/h,Conversor de torque,Automático,,4,,Dianteira,Injeção multiponto,Natural,3301 cm³,6 em V,,Único no bloco,81 mm,93 mm,Transversal,Dianteiro,"10,7 kg/cv","67,2 kg/kgfm","55,1 cv/litro",,"9,4:1",5200 rpm,4000 rpm,"8,8 kgfm/litro",,2,1748 mm,5094 mm,3030 mm,1997 mm,1950 kg,,75 litros,140 mm,Disco ventilado,Disco sólido,Hidráulica,12 m,,"Indep., McPherson",Mola helicoidal,Eixo rígido,765 km,578 km,"10,2 km/l","7,7 km/l",,,182 cv,29 kgfm,1600 mm,1626 mm,,,,,,138 mm,,,,,,,600 litros,200 litros,,,,,,,,,,,,,,,,
chrysler,Grand Caravan,grand-caravan,grand-caravan-limited-3-3-v6-2004,grand-caravan-limited-3-3-v6-2004,https://www.fichacompleta.com.br/carros/chrysler/grand-caravan-limited-3-3-v6-2004,2026-06-20T21:21:20.734436,Chrysler Grand Caravan Limited 3.3 V6 2004,"12,6 s",190 km/h,Conversor de torque,Automático,,4,,Dianteira,Injeção multiponto,Natural,3301 cm³,6 em V,,Único no bloco,81 mm,93 mm,Transversal,Dianteiro,"10,7 kg/cv","67,2 kg/kgfm","55,1 cv/litro",182 cv,"9,4:1",,,"8,8 kgfm/litro",29 kgfm,2,1748 mm,5094 mm,3030 mm,1997 mm,1950 kg,,75 litros,140 mm,Disco ventilado,Disco sólido,Hidráulica,12 m,,"Indep., McPherson",Mola helicoidal,Eixo rígido,765 km,578 km,"10,2 km/l","7,7 km/l",,,,,1600 mm,1626 mm,,,,,,138 mm,5200 rpm,4000 rpm,,,,,600 litros,200 litros,,,,,,,,,,,,,,,,
chrysler,Grand Caravan,grand-caravan,grand-caravan-se-3-3-v6-2004,grand-caravan-se-3-3-v6-2004,https://www.fichacompleta.com.br/carros/chrysler/grand-caravan-se-3-3-v6-2004,2026-06-20T21:21:23.234517,Chrysler Grand Caravan SE 3.3 V6 2004,"12,6 s",190 km/h,Conversor de torque,Automático,,4,,Dianteira,Injeção multiponto,Natural,3301 cm³,6 em V,,Único no bloco,81 mm,93 mm,Transversal,Dianteiro,"10,7 kg/cv","67,2 kg/kgfm","55,1 cv/litro",,"9,4:1",5200 rpm,4000 rpm,"8,8 kgfm/litro",,2,1748 mm,5094 mm,3030 mm,1997 mm,1950 kg,,75 litros,140 mm,Disco ventilado,Disco sólido,Hidráulica,12 m,,"Indep., McPherson",Mola helicoidal,Eixo rígido,765 km,578 km,"10,2 km/l","7,7 km/l",,,182 cv,29 kgfm,1600 mm,1626 mm,,,,,,138 mm,,,,,,,600 litros,200 litros,,,,,,,,,,,,,,,,
chrysler,Grand Caravan,grand-caravan,grand-caravan-limited-3-3-v6-2005,grand-caravan-limited-3-3-v6-2005,https://www.fichacompleta.com.br/carros/chrysler/grand-caravan-limited-3-3-v6-2005,2026-06-20T21:21:26.697107,Chrysler Grand Caravan Limited 3.3 V6 2005,"12,6 s",190 km/h,Conversor de torque,Automático,,4,,Dianteira,Injeção multiponto,Natural,3301 cm³,6 em V,,Único no bloco,81 mm,93 mm,Transversal,Dianteiro,"10,7 kg/cv","67,2 kg/kgfm","55,1 cv/litro",182 cv,"9,4:1",,,"8,8 kgfm/litro",29 kgfm,2,1748 mm,5094 mm,3030 mm,1997 mm,1950 kg,,75 litros,140 mm,Disco ventilado,Disco sólido,Hidráulica,12 m,,"Indep., McPherson",Mola helicoidal,Eixo rígido,765 km,578 km,"10,2 km/l","7,7 km/l",,,,,1600 mm,1626 mm,,,,,,138 mm,5200 rpm,4000 rpm,,,,,600 litros,200 litros,,,,,,,,,,,,,,,,
chrysler,Grand Caravan,grand-caravan,grand-caravan-se-3-3-v6-2005,grand-caravan-se-3-3-v6-2005,https://www.fichacompleta.com.br/carros/chrysler/grand-caravan-se-3-3-v6-2005,2026-06-20T21:21:29.666366,Chrysler Grand Caravan SE 3.3 V6 2005,"12,6 s",190 km/h,Conversor de torque,Automático,,4,,Dianteira,Injeção multiponto,Natural,3301 cm³,6 em V,,Único no bloco,81 mm,93 mm,Transversal,Dianteiro,"10,7 kg/cv","67,2 kg/kgfm","55,1 cv/litro",,"9,4:1",5200 rpm,4000 rpm,"8,8 kgfm/litro",,2,1748 mm,5094 mm,3030 mm,1997 mm,1950 kg,,75 litros,140 mm,Disco ventilado,Disco sólido,Hidráulica,12 m,,"Indep., McPherson",Mola helicoidal,Eixo rígido,765 km,578 km,"10,2 km/l","7,7 km/l",,,182 cv,29 kgfm,1600 mm,1626 mm,,,,,,138 mm,,,,,,,600 litros,200 litros,,,,,,,,,,,,,,,,
chrysler,Grand Caravan,grand-caravan,grand-caravan-limited-3-3-v6-2006,grand-caravan-limited-3-3-v6-2006,https://www.fichacompleta.com.br/carros/chrysler/grand-caravan-limited-3-3-v6-2006,2026-06-20T21:21:33.747063,Chrysler Grand Caravan Limited 3.3 V6 2006,"12,6 s",190 km/h,Conversor de torque,Automático,,4,4,Dianteira,Injeção multiponto,Natural,3301 cm³,6 em V,,Único no bloco,81 mm,93 mm,Transversal,Dianteiro,"10,7 kg/cv","67,2 kg/kgfm","55,1 cv/litro",182 cv,"9,4:1",5200 rpm,4000 rpm,"8,8 kgfm/litro",29 kgfm,2,1748 mm,5094 mm,3030 mm,1997 mm,1950 kg,,75 litros,140 mm,Disco ventilado,Disco sólido,Hidráulica,12 m,12 m,"Indep., McPherson",Mola helicoidal,Eixo rígido,765 km,578 km,"10,2 km/l","7,7 km/l",,,,,1600 mm,1626 mm,,,,,,138 mm,,,,,,,600 litros,200 litros,600 litros,200 litros,,,,,,,,,,,,,,
chrysler,Grand Caravan,grand-caravan,grand-caravan-se-3-3-v6-2006,grand-caravan-se-3-3-v6-2006,https://www.fichacompleta.com.br/carros/chrysler/grand-caravan-se-3-3-v6-2006,2026-06-20T21:21:37.755979,Chrysler Grand Caravan SE 3.3 V6 2006,"12,6 s",190 km/h,Conversor de torque,Automático,,4,,Dianteira,Injeção multiponto,Natural,3301 cm³,6 em V,,Único no bloco,81 mm,93 mm,Transversal,Dianteiro,"10,7 kg/cv","67,2 kg/kgfm","55,1 cv/litro",,"9,4:1",5200 rpm,4000 rpm,"8,8 kgfm/litro",,2,1748 mm,5094 mm,3030 mm,1997 mm,1950 kg,,75 litros,140 mm,Disco ventilado,Disco sólido,Hidráulica,12 m,,"Indep., McPherson",Mola helicoidal,Eixo rígido,765 km,578 km,"10,2 km/l","7,7 km/l",,,182 cv,29 kgfm,1600 mm,1626 mm,,,,,,138 mm,,,,,,,600 litros,200 litros,,,,,,,,,,,,,,,,
chrysler,Grand Caravan,grand-caravan,grand-caravan-limited-3-3-v6-2007,grand-caravan-limited-3-3-v6-2007,https://www.fichacompleta.com.br/carros/chrysler/grand-caravan-limited-3-3-v6-2007,2026-06-20T21:21:40.526283,Chrysler Grand Caravan Limited 3.3 V6 2007,"12,6 s",190 km/h,Conversor de torque,Automático,,4,,Dianteira,Injeção multiponto,Natural,3301 cm³,6 em V,,Único no bloco,81 mm,93 mm,Transversal,Dianteiro,"10,7 kg/cv","67,2 kg/kgfm","55,1 cv/litro",,"9,4:1",5200 rpm,4000 rpm,"8,8 kgfm/litro",,2,1748 mm,5094 mm,3030 mm,1997 mm,1950 kg,,75 litros,140 mm,Disco ventilado,Disco sólido,Hidráulica,12 m,,"Indep., McPherson",Mola helicoidal,Eixo rígido,765 km,578 km,"10,2 km/l","7,7 km/l",,,182 cv,29 kgfm,1600 mm,1626 mm,,,,,,138 mm,,,,,,,600 litros,200 litros,,,,,,,,,,,,,,,,
chrysler,Neon,neon,neon-le-2-0-1996,neon-le-2-0-1996,https://www.fichacompleta.com.br/carros/chrysler/neon-le-2-0-1996,2026-06-20T21:21:58.785736,Chrysler Neon LE 2.0 1996,"9,9 s",199 km/h,Embreagem monodisco a seco,Manual,NVG T-350,5,,Dianteira,Injeção multiponto,Natural,1996 cm³,4 em linha,A588,Único no cabeçote,83 mm,"87,5 mm",Transversal,Dianteiro,"8,6 kg/cv","64,4 kg/kgfm","66,6 cv/litro",133 cv,"9,8:1",,,"8,9 kgfm/litro","17,7 kgfm",4,1369 mm,4364 mm,2642 mm,1714 mm,1140 kg,330 litros,47 litros,114 mm,Disco ventilado,Disco sólido,Hidráulica,"10,8 m",,"Indep., McPherson",Mola helicoidal,"Indep., McPherson",503 km,367 km,"10,7 km/l","7,8 km/l",,,,,1458 mm,1458 mm,,"1,99 m²","0,653 m²","0,328",,,5850 rpm,4850 rpm,,,6200 rpm,,,,,,,,,,,,,,,,,,,
chrysler,Neon,neon,neon-le-2-0-1996-gasolina,neon-le-2-0-1996-gasolina,https://www.fichacompleta.com.br/carros/chrysler/neon-le-2-0-1996-gasolina,2026-06-20T21:22:02.103942,Chrysler Neon LE 2.0 1996,"12,8 s",195 km/h,Conversor de torque,Automático,,3,,Dianteira,Injeção multiponto,Natural,1996 cm³,4 em linha,A588,Único no cabeçote,83 mm,"87,5 mm",Transversal,Dianteiro,"8,8 kg/cv","66,1 kg/kgfm","66,6 cv/litro",,"9,8:1",5850 rpm,4850 rpm,"8,9 kgfm/litro",,4,1369 mm,4364 mm,2642 mm,1714 mm,1170 kg,330 litros,47 litros,114 mm,Disco ventilado,Disco sólido,Hidráulica,"10,8 m",,"Indep., McPherson",Mola helicoidal,"Indep., McPherson",470 km,338 km,10 km/l,"7,2 km/l",,,133 cv,"17,7 kgfm",1458 mm,1458 mm,,"1,99 m²","0,653 m²","0,328",,,,,,,6200 rpm,,,,,,,,,,,,,,,,,,,
chrysler,Neon,neon,neon-le-1-8-1997,neon-le-1-8-1997,https://www.fichacompleta.com.br/carros/chrysler/neon-le-1-8-1997,2026-06-20T21:22:06.923627,Chrysler Neon LE 1.8 1997,"10,4 s",192 km/h,Embreagem monodisco a seco,Manual,NVG T-350,,5,Dianteira,Injeção multiponto,Natural,1796 cm³,4 em linha,EBD,Único no cabeçote,,,Transversal,Dianteiro,"10,0 kg/cv","74,7 kg/kgfm","64,0 cv/litro",115 cv a 5750 rpm,10:1,,,"8,6 kgfm/litro","15,4 kgfm a 4950 rpm",4,1369 mm,4364 mm,2642 mm,1714 mm,1150 kg,330 litros,47 litros,114 mm,175/65 R14,Disco sólido,Hidráulica,,"10,8 m","Independente, McPherson",Mola helicoidal,"Independente, McPherson",536 km,390 km,"11,4 km/l","8,3 km/l",83 mm,83 mm,,,1458 mm,1458 mm,440 kg,"1,99 m²",,,"0,328",,,,,,,,,,,,,,,,,,,,,,,,,
chrysler,Neon,neon,neon-le-2-0-1997,neon-le-2-0-1997,https://www.fichacompleta.com.br/carros/chrysler/neon-le-2-0-1997,2026-06-20T21:22:10.157859,Chrysler Neon LE 2.0 1997,"9,9 s",199 km/h,Embreagem monodisco a seco,Manual,NVG T-350,5,,Dianteira,Injeção multiponto,Natural,1996 cm³,4 em linha,ECC,Duplo no cabeçote,83 mm,"87,5 mm",Transversal,Dianteiro,"7,8 kg/cv","64,4 kg/kgfm","73,6 cv/litro",147 cv,"9,6:1",,,"8,9 kgfm/litro","17,7 kgfm",4,1369 mm,4364 mm,2642 mm,1714 mm,1140 kg,330 litros,43 litros,114 mm,Disco ventilado,Disco sólido,Hidráulica,"10,8 m",,"Indep., McPherson",Mola helicoidal,"Indep., McPherson",460 km,335 km,"10,7 km/l","7,8 km/l",,,,,1458 mm,1458 mm,,"1,99 m²","0,653 m²","0,328",,,6600 rpm,5500 rpm,Correia dentada,,,,,,,,,,,,,,,,,,,,,
chrysler,Neon,neon,neon-le-2-0-1997-gasolina,neon-le-2-0-1997-gasolina,https://www.fichacompleta.com.br/carros/chrysler/neon-le-2-0-1997-gasolina,2026-06-20T21:22:12.648766,Chrysler Neon LE 2.0 1997,"9,9 s",199 km/h,Embreagem monodisco a seco,Manual,NVG T-350,5,,Dianteira,Injeção multiponto,Natural,1996 cm³,4 em linha,A588,Único no cabeçote,83 mm,"87,5 mm",Transversal,Dianteiro,"8,6 kg/cv","64,4 kg/kgfm","66,6 cv/litro",133 cv,"9,8:1",,,"8,9 kgfm/litro","17,7 kgfm",4,1369 mm,4364 mm,2642 mm,1714 mm,1140 kg,330 litros,47 litros,114 mm,Disco ventilado,Disco sólido,Hidráulica,"10,8 m",,"Indep., McPherson",Mola helicoidal,"Indep., McPherson",503 km,367 km,"10,7 km/l","7,8 km/l",,,,,1458 mm,1458 mm,,"1,99 m²","0,653 m²","0,328",,,5850 rpm,4850 rpm,,,6200 rpm,,,,,,,,,,,,,,,,,,,
chrysler,Neon,neon,neon-le-1-8-1998,neon-le-1-8-1998,https://www.fichacompleta.com.br/carros/chrysler/neon-le-1-8-1998,2026-06-20T21:22:15.623853,Chrysler Neon LE 1.8 1998,"10,4 s",192 km/h,Embreagem monodisco a seco,Manual,NVG T-350,5,5,Dianteira,Injeção multiponto,Natural,1796 cm³,4 em linha,EBD,Único no cabeçote,83 mm,83 mm,Transversal,Dianteiro,"10,0 kg/cv","74,7 kg/kgfm","64,0 cv/litro",115 cv,10:1,5750 rpm,4950 rpm,"8,6 kgfm/litro","15,4 kgfm",4,1369 mm,4364 mm,2642 mm,1714 mm,1150 kg,330 litros,47 litros,114 mm,Disco ventilado,Disco sólido,Hidráulica,"10,8 m","10,8 m","Indep., McPherson",Mola helicoidal,"Indep., McPherson",536 km,390 km,"11,4 km/l","8,3 km/l",,,,,1458 mm,1458 mm,440 kg,"1,99 m²","0,653 m²","0,328","0,328",,,,,,,,,,,,,,,,,,,,,,,,,
chrysler,Neon,neon,neon-le-2-0-1998,neon-le-2-0-1998,https://www.fichacompleta.com.br/carros/chrysler/neon-le-2-0-1998,2026-06-20T21:22:18.284799,Chrysler Neon LE 2.0 1998,"9,9 s",199 km/h,Embreagem monodisco a seco,Manual,NVG T-350,5,,Dianteira,Injeção multiponto,Natural,1996 cm³,4 em linha,ECC,Duplo no cabeçote,83 mm,"87,5 mm",Transversal,Dianteiro,"7,8 kg/cv","64,4 kg/kgfm","73,6 cv/litro",147 cv,"9,6:1",,,"8,9 kgfm/litro","17,7 kgfm",4,1369 mm,4364 mm,2642 mm,1714 mm,1140 kg,330 litros,43 litros,114 mm,Disco ventilado,Disco sólido,Hidráulica,"10,8 m",,"Indep., McPherson",Mola helicoidal,"Indep., McPherson",460 km,335 km,"10,7 km/l","7,8 km/l",,,,,1458 mm,1458 mm,,"1,99 m²","0,653 m²","0,328",,,6600 rpm,5500 rpm,Correia dentada,,,,,,,,,,,,,,,,,,,,,
chrysler,Neon,neon,neon-le-2-0-1998-gasolina,neon-le-2-0-1998-gasolina,https://www.fichacompleta.com.br/carros/chrysler/neon-le-2-0-1998-gasolina,2026-06-20T21:22:21.057444,Chrysler Neon LE 2.0 1998,"9,9 s",199 km/h,Embreagem monodisco a seco,Manual,NVG T-350,,5,Dianteira,Injeção multiponto,Natural,1996 cm³,4 em linha,A588,Único no cabeçote,83 mm,"87,5 mm",Transversal,Dianteiro,"8,6 kg/cv","64,4 kg/kgfm","66,6 cv/litro",133 cv a 5850 rpm,"9,8:1",,,"8,9 kgfm/litro","17,7 kgfm a 4850 rpm",4,1369 mm,4364 mm,2642 mm,1714 mm,1140 kg,330 litros,47 litros,114 mm,Disco ventilado,Disco sólido,Hidráulica,,"10,8 m","Independente, McPherson",Mola helicoidal,"Independente, McPherson",503 km,367 km,"10,7 km/l","7,8 km/l",,,,,1458 mm,1458 mm,,"1,99 m²","0,653 m²",,"0,328",,,,,,6200 rpm,,,,,,,,,,,,,,,,,,,
chrysler,Neon,neon,neon-le-2-0-2000,neon-le-2-0-2000,https://www.fichacompleta.com.br/carros/chrysler/neon-le-2-0-2000,2026-06-20T21:22:23.636973,Chrysler Neon LE 2.0 2000,"12,8 s",195 km/h,Conversor de torque,Automático,,3,3,Dianteira,Injeção multiponto,Natural,1996 cm³,4 em linha,A588,Único no cabeçote,83 mm,"87,5 mm",Transversal,Dianteiro,"8,8 kg/cv","66,1 kg/kgfm","66,6 cv/litro",133 cv,"9,8:1",5850 rpm,4850 rpm,"8,9 kgfm/litro","17,7 kgfm",4,1421 mm,4390 mm,2667 mm,1715 mm,1170 kg,371 litros,47 litros,111 mm,Disco ventilado,Disco sólido,Hidráulica,"10,8 m","10,8 m","Indep., McPherson",Mola helicoidal,"Indep., McPherson",470 km,338 km,10 km/l,"7,2 km/l",,,,,1474 mm,1472 mm,405 kg,"2,07 m²","0,704 m²","0,34","0,34",,,,,,,,,,,,,,,,,,,,,,,,,
chrysler,Neon,neon,neon-le-2-0-2001,neon-le-2-0-2001,https://www.fichacompleta.com.br/carros/chrysler/neon-le-2-0-2001,2026-06-20T21:22:26.130886,Chrysler Neon LE 2.0 2001,"12,8 s",195 km/h,Conversor de torque,Automático,,3,,Dianteira,Injeção multiponto,Natural,1996 cm³,4 em linha,A588,Único no cabeçote,83 mm,"87,5 mm",Transversal,Dianteiro,"8,8 kg/cv","66,1 kg/kgfm","66,6 cv/litro",133 cv,"9,8:1",,,"8,9 kgfm/litro","17,7 kgfm",4,1421 mm,4390 mm,2667 mm,1715 mm,1170 kg,371 litros,47 litros,111 mm,Disco ventilado,Disco sólido,Hidráulica,"10,8 m",,"Indep., McPherson",Mola helicoidal,"Indep., McPherson",470 km,338 km,10 km/l,"7,2 km/l",,,,,1474 mm,1472 mm,405 kg,"2,07 m²","0,704 m²","0,34",,,5850 rpm,4850 rpm,,,,,,,,,,,,,,,,,,,,,,
chrysler,Pacifica,pacifica,pacifica-limited-3-6-v6-hybrid-2021,pacifica-limited-3-6-v6-hybrid-2021,https://www.fichacompleta.com.br/carros/chrysler/pacifica-limited-3-6-v6-hybrid-2021,2026-06-20T21:22:44.792012,Chrysler Pacifica Limited 3.6 V6 Hybrid 2021,10 s,180 km/h,Conversor de torque,CVT,,0,,Dianteira,Injeção multiponto,Natural,3604 cm³,6 em V,Pentastar,Duplo no cabeçote,83 mm,96 mm,Transversal,Dianteiro,"8,6 kg/cv","63,1 kg/kgfm","73,3 cv/litro",264 cv,"12,5:1",6400 rpm,4400 rpm,"10,0 kgfm/litro",36 kgfm,4,1777 mm,5189 mm,3089 mm,2022 mm,2273 kg,,62 litros,153 mm,Disco ventilado,Disco sólido,Elétrica,"12,1 m",,"Indep., McPherson",Mola helicoidal,Eixo de torção,,,,,,,115 cv,,1734 mm,1735 mm,585 kg,"3,05 m²","0,909 m²","0,298",,130 mm,,,Corrente,Admissão,,,600 litros,200 litros,,,,,"12,3 graus","13,5 graus","18,6 graus",53 km,16 kWh,657 km,738 km,"10,6 km/l","11,9 km/l",,,
chrysler,Pacifica,pacifica,pacifica-pinnacle-3-6-v6-hybrid-2024,pacifica-pinnacle-3-6-v6-hybrid-2024,https://www.fichacompleta.com.br/carros/chrysler/pacifica-pinnacle-3-6-v6-hybrid-2024,2026-06-20T21:22:48.631119,Chrysler Pacifica Pinnacle 3.6 V6 Hybrid 2024,10 s,180 km/h,Conversor de torque,CVT,,0,,Dianteira,Injeção multiponto,Natural,,6 em V,Pentastar,Duplo no cabeçote,83 mm,96 mm,Transversal,Dianteiro,"8,61 kg/cv","63,1 kg/kgfm","73,3 cv/litro",264 cv,"12,5:1",,,"10,0 kgfm/litro",36 kgfm,4,1777 mm,5189 mm,3089 mm,2022 mm,2273 kg,,62 litros,141 mm,Disco ventilado,Disco sólido,Elétrica,"12,1 m",,"Indep., McPherson",Mola helicoidal,Eixo de torção,,,,,,,115 cv,,1734 mm,1735 mm,585 kg,"3,05 m²","0,909 m²","0,298",,130 mm,6400 rpm,4400 rpm,Corrente,Admissão,,,600 litros,200 litros,,,601 cm³,3604 cm³,"12,3 graus","13,5 graus","18,6 graus",53 km,16 kWh,657 km,738 km,"10,6 km/l","11,9 km/l",Kit de reparo,"6,6 kW (AC)",
chrysler,Pt Cruiser,pt-cruiser,pt-cruiser-limited-2-0-2001,pt-cruiser-limited-2-0-2001,https://www.fichacompleta.com.br/carros/chrysler/pt-cruiser-limited-2-0-2001,2026-06-20T21:23:07.044351,Chrysler Pt Cruiser Limited 2.0 2001,"13,7 s",156 km/h,Conversor de torque,Automático,,4,4,Dianteira,Injeção multiponto,Natural,1995 cm³,4 em linha,ECC,Duplo no cabeçote,83 mm,"87,5 mm",Transversal,Dianteiro,"9,7 kg/cv","71,1 kg/kgfm","70,7 cv/litro",141 cv,"9,6:1",5700 rpm,4150 rpm,"9,6 kgfm/litro","19,2 kgfm",4,1601 mm,4288 mm,2616 mm,1705 mm,1366 kg,538 litros,57 litros,113 mm,Disco ventilado,Disco sólido,Hidráulica,"11,1 m","11,1 m","Indep., McPherson",Mola helicoidal,Eixo de torção com braços arrastados,684 km,371 km,12 km/l,"6,5 km/l",,,,,1481 mm,1478 mm,,"2,32 m²","0,905 m²","0,39","0,39",140 mm,,,,,,,,,,,,,,,,,,,,,,,,
chrysler,Pt Cruiser,pt-cruiser,pt-cruiser-limited-2-0-2003,pt-cruiser-limited-2-0-2003,https://www.fichacompleta.com.br/carros/chrysler/pt-cruiser-limited-2-0-2003,2026-06-20T21:23:10.498428,Chrysler Pt Cruiser Limited 2.0 2003,"13,7 s",156 km/h,Conversor de torque,Automático,,,4,Dianteira,Injeção multiponto,Natural,1995 cm³,4 em linha,ECC,Duplo no cabeçote,83 mm,"87,5 mm",Transversal,Dianteiro,"9,7 kg/cv","71,1 kg/kgfm","70,7 cv/litro",141 cv a 5700 rpm,"9,6:1",,,"9,6 kgfm/litro","19,2 kgfm a 4150 rpm",4,1601 mm,4288 mm,2616 mm,1705 mm,1366 kg,538 litros,57 litros,113 mm,Disco ventilado,Disco sólido,Hidráulica,,"11,1 m","Independente, McPherson",Mola helicoidal,Eixo de torção com braços arrastados,684 km,371 km,12 km/l,"6,5 km/l",,,,,1481 mm,1478 mm,,"2,32 m²","0,905 m²",,"0,39",140 mm,,,,,,,,,,,,,,,,,,,,,,,,
chrysler,Pt Cruiser,pt-cruiser,pt-cruiser-limited-2-0-2004,pt-cruiser-limited-2-0-2004,https://www.fichacompleta.com.br/carros/chrysler/pt-cruiser-limited-2-0-2004,2026-06-20T21:23:14.001437,Chrysler Pt Cruiser Limited 2.0 2004,"13,7 s",156 km/h,Conversor de torque,Automático,,,4,Dianteira,Injeção multiponto,Natural,1995 cm³,4 em linha,ECC,Duplo no cabeçote,83 mm,"87,5 mm",Transversal,Dianteiro,"9,7 kg/cv","71,1 kg/kgfm","70,7 cv/litro",141 cv a 5700 rpm,"9,6:1",,,"9,6 kgfm/litro","19,2 kgfm a 4150 rpm",4,1601 mm,4288 mm,2616 mm,1705 mm,1366 kg,538 litros,57 litros,113 mm,Disco ventilado,Disco sólido,Hidráulica,,"11,1 m","Independente, McPherson",Mola helicoidal,Eixo de torção com braços arrastados,684 km,371 km,12 km/l,"6,5 km/l",,,,,1481 mm,1478 mm,,"2,32 m²","0,905 m²",,"0,39",140 mm,,,,,,,,,,,,,,,,,,,,,,,,
chrysler,Pt Cruiser,pt-cruiser,pt-cruiser-limited-2-4-2005,pt-cruiser-limited-2-4-2005,https://www.fichacompleta.com.br/carros/chrysler/pt-cruiser-limited-2-4-2005,2026-06-20T21:23:16.476753,Chrysler Pt Cruiser Limited 2.4 2005,"10,3 s",171 km/h,,Automático,,,4,Dianteira,Injeção multiponto,Natural,2429 cm³,4 em linha,,Duplo no cabeçote,,,Transversal,Dianteiro,"11,1 kg/cv","70,8 kg/kgfm","58,9 cv/litro",143 cv a 5200 rpm,"9,5:1",,,"9,2 kgfm/litro","22,4 kgfm a 4000 rpm",4,1601 mm,4290 mm,2616 mm,1705 mm,1585 kg,538 litros,57 litros,103 mm,205/50 R17,Disco sólido,Hidráulica,,"12,8 m","Independente, McPherson",Mola helicoidal,Eixo de torção com braços arrastados,627 km,399 km,11 km/l,7 km/l,101 mm,"87,5 mm",,,1481 mm,1478 mm,392 kg,"2,32 m²",,,"0,39",,,,,,,,,,,,,,,,,,,,,,,,,
chrysler,Pt Cruiser,pt-cruiser,pt-cruiser-classic-2-4-2006,pt-cruiser-classic-2-4-2006,https://www.fichacompleta.com.br/carros/chrysler/pt-cruiser-classic-2-4-2006,2026-06-20T21:23:19.489803,Chrysler Pt Cruiser Classic 2.4 2006,"10,3 s",171 km/h,,Automático,,,4,Dianteira,Injeção multiponto,Natural,2429 cm³,4 em linha,,Duplo no cabeçote,,,Transversal,Dianteiro,"11,1 kg/cv","70,8 kg/kgfm","58,9 cv/litro",143 cv a 5200 rpm,"9,5:1",,,"9,2 kgfm/litro","22,4 kgfm a 4000 rpm",4,1601 mm,4290 mm,2616 mm,1705 mm,1585 kg,538 litros,57 litros,103 mm,205/50 R17,Disco sólido,Hidráulica,,"12,8 m","Independente, McPherson",Mola helicoidal,Eixo de torção com braços arrastados,627 km,399 km,11 km/l,7 km/l,101 mm,"87,5 mm",,,1481 mm,1478 mm,392 kg,"2,32 m²",,,"0,39",,,,,,,,,,,,,,,,,,,,,,,,,
chrysler,Pt Cruiser,pt-cruiser,pt-cruiser-limited-2-4-2006,pt-cruiser-limited-2-4-2006,https://www.fichacompleta.com.br/carros/chrysler/pt-cruiser-limited-2-4-2006,2026-06-20T21:23:24.145578,Chrysler Pt Cruiser Limited 2.4 2006,"10,3 s",171 km/h,Conversor de torque,Automático,,,4,Dianteira,Injeção multiponto,Natural,2429 cm³,4 em linha,,Duplo no cabeçote,101 mm,"87,5 mm",Transversal,Dianteiro,"11,1 kg/cv","70,8 kg/kgfm","58,9 cv/litro",143 cv a 5200 rpm,"9,5:1",,,"9,2 kgfm/litro","22,4 kgfm a 4000 rpm",4,1601 mm,4290 mm,2616 mm,1705 mm,1585 kg,538 litros,57 litros,103 mm,Disco ventilado,Disco sólido,Hidráulica,,"12,8 m","Independente, McPherson",Mola helicoidal,Eixo de torção com braços arrastados,627 km,399 km,11 km/l,7 km/l,,,,,1481 mm,1478 mm,392 kg,"2,32 m²","0,905 m²",,"0,39",140 mm,,,,,,,,,,,,,,,,,,,,,,,,
chrysler,Pt Cruiser,pt-cruiser,pt-cruiser-classic-2-4-2007,pt-cruiser-classic-2-4-2007,https://www.fichacompleta.com.br/carros/chrysler/pt-cruiser-classic-2-4-2007,2026-06-20T21:23:28.009811,Chrysler Pt Cruiser Classic 2.4 2007,"10,3 s",171 km/h,,Automático,,,4,Dianteira,Injeção multiponto,Natural,2429 cm³,4 em linha,,Duplo no cabeçote,,,Transversal,Dianteiro,"11,1 kg/cv","70,8 kg/kgfm","58,9 cv/litro",143 cv a 5200 rpm,"9,5:1",,,"9,2 kgfm/litro","22,4 kgfm a 4000 rpm",4,1601 mm,4290 mm,2616 mm,1705 mm,1585 kg,538 litros,57 litros,103 mm,205/50 R17,Disco sólido,Hidráulica,,"12,8 m","Independente, McPherson",Mola helicoidal,Eixo de torção com braços arrastados,627 km,399 km,11 km/l,7 km/l,101 mm,"87,5 mm",,,1481 mm,1478 mm,392 kg,"2,32 m²",,,"0,39",,,,,,,,,,,,,,,,,,,,,,,,,
chrysler,Pt Cruiser,pt-cruiser,pt-cruiser-limited-2-4-2007,pt-cruiser-limited-2-4-2007,https://www.fichacompleta.com.br/carros/chrysler/pt-cruiser-limited-2-4-2007,2026-06-20T21:23:31.747520,Chrysler Pt Cruiser Limited 2.4 2007,"10,3 s",171 km/h,Conversor de torque,Automático,,4,,Dianteira,Injeção multiponto,Natural,2429 cm³,4 em linha,,Duplo no cabeçote,101 mm,"87,5 mm",Transversal,Dianteiro,"11,1 kg/cv","70,8 kg/kgfm","58,9 cv/litro",143 cv,"9,5:1",,,"9,2 kgfm/litro","22,4 kgfm",4,1601 mm,4290 mm,2616 mm,1705 mm,1585 kg,538 litros,57 litros,113 mm,Disco ventilado,Disco sólido,Hidráulica,"12,8 m",,"Indep., McPherson",Mola helicoidal,Eixo de torção com braços arrastados,627 km,399 km,11 km/l,7 km/l,,,,,1481 mm,1478 mm,392 kg,"2,32 m²","0,905 m²","0,39",,140 mm,5200 rpm,4000 rpm,,,,,,,,,,,,,,,,,,,,,,
chrysler,Pt Cruiser,pt-cruiser,pt-cruiser-classic-2-4-2008,pt-cruiser-classic-2-4-2008,https://www.fichacompleta.com.br/carros/chrysler/pt-cruiser-classic-2-4-2008,2026-06-20T21:23:36.645031,Chrysler Pt Cruiser Classic 2.4 2008,"10,3 s",171 km/h,Conversor de torque,Automático,,,4,Dianteira,Injeção multiponto,Natural,2429 cm³,4 em linha,,Duplo no cabeçote,101 mm,"87,5 mm",Transversal,Dianteiro,"11,1 kg/cv","70,8 kg/kgfm","58,9 cv/litro",143 cv a 5200 rpm,"9,5:1",,,"9,2 kgfm/litro","22,4 kgfm a 4000 rpm",4,1601 mm,4290 mm,2616 mm,1705 mm,1585 kg,538 litros,57 litros,103 mm,Disco ventilado,Disco sólido,Hidráulica,,"12,8 m","Independente, McPherson",Mola helicoidal,Eixo de torção com braços arrastados,627 km,399 km,11 km/l,7 km/l,,,,,1481 mm,1478 mm,392 kg,"2,32 m²","0,905 m²",,"0,39",140 mm,,,,,,,,,,,,,,,,,,,,,,,,
chrysler,Pt Cruiser,pt-cruiser,pt-cruiser-limited-2-4-2008,pt-cruiser-limited-2-4-2008,https://www.fichacompleta.com.br/carros/chrysler/pt-cruiser-limited-2-4-2008,2026-06-20T21:23:39.872278,Chrysler Pt Cruiser Limited 2.4 2008,"10,3 s",171 km/h,Conversor de torque,Automático,,4,4,Dianteira,Injeção multiponto,Natural,2429 cm³,4 em linha,,Duplo no cabeçote,101 mm,"87,5 mm",Transversal,Dianteiro,"11,1 kg/cv","70,8 kg/kgfm","58,9 cv/litro",143 cv,"9,5:1",5200 rpm,4000 rpm,"9,2 kgfm/litro","22,4 kgfm",4,1601 mm,4290 mm,2616 mm,1705 mm,1585 kg,538 litros,57 litros,103 mm,Disco ventilado,Disco sólido,Hidráulica,"12,8 m","12,8 m","Indep., McPherson",Mola helicoidal,Eixo de torção com braços arrastados,627 km,399 km,11 km/l,7 km/l,,,,,1481 mm,1478 mm,392 kg,"2,32 m²","0,905 m²","0,39","0,39",140 mm,,,,,,,,,,,,,,,,,,,,,,,,
chrysler,Pt Cruiser,pt-cruiser,pt-cruiser-classic-2-4-2009,pt-cruiser-classic-2-4-2009,https://www.fichacompleta.com.br/carros/chrysler/pt-cruiser-classic-2-4-2009,2026-06-20T21:23:42.446304,Chrysler Pt Cruiser Classic 2.4 2009,"10,3 s",171 km/h,Conversor de torque,Automático,,4,,Dianteira,Injeção multiponto,Natural,2429 cm³,4 em linha,,Duplo no cabeçote,101 mm,"87,5 mm",Transversal,Dianteiro,"11,1 kg/cv","70,8 kg/kgfm","58,9 cv/litro",143 cv,"9,5:1",,,"9,2 kgfm/litro","22,4 kgfm",4,1601 mm,4290 mm,2616 mm,1705 mm,1585 kg,538 litros,57 litros,113 mm,Disco ventilado,Disco sólido,Hidráulica,"12,8 m",,"Indep., McPherson",Mola helicoidal,Eixo de torção com braços arrastados,627 km,399 km,11 km/l,7 km/l,,,,,1481 mm,1478 mm,392 kg,"2,32 m²","0,905 m²","0,39",,140 mm,5200 rpm,4000 rpm,,,,,,,,,,,,,,,,,,,,,,
chrysler,Pt Cruiser,pt-cruiser,pt-cruiser-limited-2-4-2009,pt-cruiser-limited-2-4-2009,https://www.fichacompleta.com.br/carros/chrysler/pt-cruiser-limited-2-4-2009,2026-06-20T21:23:46.546150,Chrysler Pt Cruiser Limited 2.4 2009,"10,3 s",171 km/h,Conversor de torque,Automático,,,4,Dianteira,Injeção multiponto,Natural,2429 cm³,4 em linha,,Duplo no cabeçote,,,Transversal,Dianteiro,"11,1 kg/cv","70,8 kg/kgfm","58,9 cv/litro",143 cv a 5200 rpm,"9,5:1",,,"9,2 kgfm/litro","22,4 kgfm a 4000 rpm",4,1601 mm,4290 mm,2616 mm,1705 mm,1585 kg,538 litros,57 litros,103 mm,Disco ventilado,Disco sólido,Hidráulica,,"12,8 m","Independente, McPherson",Mola helicoidal,Eixo de torção com braços arrastados,627 km,399 km,11 km/l,7 km/l,101 mm,"87,5 mm",,,1481 mm,1478 mm,392 kg,"2,32 m²","0,905 m²",,"0,39",140 mm,,,,,,,,,,,,,,,,,,,,,,,,
chrysler,Pt Cruiser,pt-cruiser,pt-cruiser-touring-2-4-2010,pt-cruiser-touring-2-4-2010,https://www.fichacompleta.com.br/carros/chrysler/pt-cruiser-touring-2-4-2010,2026-06-20T21:23:49.051319,Chrysler Pt Cruiser Touring 2.4 2010,"10,3 s",171 km/h,Conversor de torque,Automático,,,4,Dianteira,Injeção multiponto,Natural,2429 cm³,4 em linha,,Duplo no cabeçote,101 mm,"87,5 mm",Transversal,Dianteiro,"11,1 kg/cv","70,8 kg/kgfm","58,9 cv/litro",143 cv a 5200 rpm,"9,5:1",,,"9,2 kgfm/litro","22,4 kgfm a 4000 rpm",4,1601 mm,4290 mm,2616 mm,1705 mm,1585 kg,538 litros,57 litros,103 mm,Disco ventilado,Disco sólido,Hidráulica,,"12,8 m","Independente, McPherson",Mola helicoidal,Eixo de torção com braços arrastados,627 km,399 km,11 km/l,7 km/l,,,,,1481 mm,1478 mm,392 kg,"2,32 m²","0,905 m²",,"0,39",140 mm,,,,,,,,,,,,,,,,,,,,,,,,
chrysler,Pt Cruiser Cabriolet,pt-cruiser-cabriolet,pt-cruiser-cabriolet-2-4-2006,pt-cruiser-cabriolet-2-4-2006,https://www.fichacompleta.com.br/carros/chrysler/pt-cruiser-cabriolet-2-4-2006,2026-06-20T21:24:06.469808,Chrysler Pt Cruiser Cabriolet 2.4 2006,"10,9 s",171 km/h,Conversor de torque,Automático,,,4,Dianteira,Injeção multiponto,Natural,2429 cm³,4 em linha,,Duplo no cabeçote,101 mm,"87,5 mm",Transversal,Dianteiro,"11,2 kg/cv","71,8 kg/kgfm","58,9 cv/litro",143 cv a 5200 rpm,"9,5:1",,,"9,2 kgfm/litro","22,4 kgfm a 4000 rpm",4,1539 mm,4290 mm,2616 mm,1705 mm,1608 kg,210 litros,57 litros,103 mm,Disco ventilado,Disco sólido,Hidráulica,,"12,8 m","Independente, McPherson",Mola helicoidal,Eixo de torção com braços arrastados,599 km,393 km,"10,5 km/l","6,9 km/l",,,,,1481 mm,1478 mm,392 kg,"2,23 m²","0,870 m²",,"0,39",140 mm,,,,,,,,,,,,,,,,,,,,,,,,
chrysler,Pt Cruiser Cabriolet,pt-cruiser-cabriolet,pt-cruiser-cabriolet-2-4-2007,pt-cruiser-cabriolet-2-4-2007,https://www.fichacompleta.com.br/carros/chrysler/pt-cruiser-cabriolet-2-4-2007,2026-06-20T21:24:09.558129,Chrysler Pt Cruiser Cabriolet 2.4 2007,"10,9 s",171 km/h,Conversor de torque,Automático,,4,,Dianteira,Injeção multiponto,Natural,2429 cm³,4 em linha,,Duplo no cabeçote,101 mm,"87,5 mm",Transversal,Dianteiro,"11,2 kg/cv","71,8 kg/kgfm","58,9 cv/litro",143 cv,"9,5:1",,,"9,2 kgfm/litro","22,4 kgfm",4,1539 mm,4290 mm,2616 mm,1705 mm,1608 kg,210 litros,57 litros,103 mm,Disco ventilado,Disco sólido,Hidráulica,"12,8 m",,"Indep., McPherson",Mola helicoidal,Eixo de torção com braços arrastados,599 km,393 km,"10,5 km/l","6,9 km/l",,,,,1481 mm,1478 mm,392 kg,"2,23 m²","0,870 m²","0,39",,140 mm,5200 rpm,4000 rpm,,,,,,,,,,,,,,,,,,,,,,
chrysler,Sebring,sebring,sebring-lx-2-7-v6-2001,sebring-lx-2-7-v6-2001,https://www.fichacompleta.com.br/carros/chrysler/sebring-lx-2-7-v6-2001,2026-06-20T21:24:27.079348,Chrysler Sebring LX 2.7 V6 2001,"9,5 s",216 km/h,Conversor de torque,Automático,,4,,Dianteira,Injeção multiponto,Natural,2736 cm³,6 em V,LH,Duplo no cabeçote,"78,5 mm",86 mm,Transversal,Dianteiro,"7,5 kg/cv","57,5 kg/kgfm","74,6 cv/litro",,"9,7:1",5900 rpm,4300 rpm,"9,8 kgfm/litro",,4,1394 mm,4844 mm,2743 mm,1792 mm,1535 kg,455 litros,61 litros,123 mm,Disco ventilado,Disco sólido,Hidráulica,"11,2 m",,"Indep., braços sobrepostos",Mola helicoidal,"Indep., braços sobrepostos",549 km,390 km,9 km/l,"6,4 km/l",,,204 cv,"26,7 kgfm",1528 mm,1528 mm,,"2,12 m²","0,742 m²","0,35",,,,,,,,,,,,,,,,,,,,,,,,,,
chrysler,Sebring,sebring,sebring-lx-2-7-v6-2002,sebring-lx-2-7-v6-2002,https://www.fichacompleta.com.br/carros/chrysler/sebring-lx-2-7-v6-2002,2026-06-20T21:24:30.616178,Chrysler Sebring LX 2.7 V6 2002,"9,5 s",216 km/h,Conversor de torque,Automático,,4,4,Dianteira,Injeção multiponto,Natural,2736 cm³,6 em V,LH,Duplo no cabeçote,"78,5 mm",86 mm,Transversal,Dianteiro,"7,5 kg/cv","57,5 kg/kgfm","74,6 cv/litro",204 cv,"9,7:1",5900 rpm,4300 rpm,"9,8 kgfm/litro","26,7 kgfm",4,1394 mm,4844 mm,2743 mm,1792 mm,1535 kg,455 litros,61 litros,123 mm,Disco ventilado,Disco sólido,Hidráulica,"11,2 m","11,2 m","Indep., braços sobrepostos",Mola helicoidal,"Indep., braços sobrepostos",549 km,390 km,9 km/l,"6,4 km/l",,,,,1528 mm,1528 mm,,"2,12 m²","0,742 m²","0,35","0,35",,,,,,,,,,,,,,,,,,,,,,,,,
chrysler,Sebring,sebring,sebring-lx-2-7-v6-2003,sebring-lx-2-7-v6-2003,https://www.fichacompleta.com.br/carros/chrysler/sebring-lx-2-7-v6-2003,2026-06-20T21:24:33.869203,Chrysler Sebring LX 2.7 V6 2003,"9,5 s",216 km/h,Conversor de torque,Automático,,4,,Dianteira,Injeção multiponto,Natural,2736 cm³,6 em V,LH,Duplo no cabeçote,"78,5 mm",86 mm,Transversal,Dianteiro,"7,5 kg/cv","57,5 kg/kgfm","74,6 cv/litro",,"9,7:1",5900 rpm,4300 rpm,"9,8 kgfm/litro",,4,1394 mm,4844 mm,2743 mm,1792 mm,1535 kg,455 litros,61 litros,123 mm,Disco ventilado,Disco sólido,Hidráulica,"11,2 m",,"Indep., braços sobrepostos",Mola helicoidal,"Indep., braços sobrepostos",549 km,390 km,9 km/l,"6,4 km/l",,,204 cv,"26,7 kgfm",1528 mm,1528 mm,,"2,12 m²","0,742 m²","0,35",,,,,,,,,,,,,,,,,,,,,,,,,,
chrysler,Stratus,stratus,stratus-le-2-0-1996,stratus-le-2-0-1996,https://www.fichacompleta.com.br/carros/chrysler/stratus-le-2-0-1996,2026-06-20T21:24:53.190186,Chrysler Stratus LE 2.0 1996,"10,9 s",193 km/h,Conversor de torque,Automático,,,4,Dianteira,Injeção multiponto,Natural,1996 cm³,4 em linha,A588,Único no cabeçote,83 mm,"87,5 mm",Transversal,Dianteiro,"10,8 kg/cv","80,8 kg/kgfm","66,6 cv/litro",133 cv a 5850 rpm,"9,8:1",,,"8,9 kgfm/litro","17,7 kgfm a 4900 rpm",4,1370 mm,4750 mm,2747 mm,1780 mm,1430 kg,436 litros,60 litros,127 mm,Disco ventilado,Tambor,Hidráulica,,"11,8 m","Independente, braços sobrepostos",Mola helicoidal,"Independente, multibraço",714 km,528 km,"11,9 km/l","8,8 km/l",,,,,,,,"2,07 m²","0,642 m²",,"0,31",,,,,,,,,,,,,,,,,,,,,,,,,
chrysler,Stratus,stratus,stratus-lx-2-5-v6-1996,stratus-lx-2-5-v6-1996,https://www.fichacompleta.com.br/carros/chrysler/stratus-lx-2-5-v6-1996,2026-06-20T21:24:57.125750,Chrysler Stratus LX 2.5 V6 1996,"10,5 s",210 km/h,Conversor de torque,Automático,,,4,Dianteira,Injeção multiponto,Natural,2497 cm³,6 em V,6G73,Único no cabeçote,76 mm,"83,5 mm",Transversal,Dianteiro,"8,8 kg/cv","64,9 kg/kgfm","65,3 cv/litro",163 cv a 5850 rpm,"9,4:1",,,"8,9 kgfm/litro","22,2 kgfm a 4400 rpm",4,1370 mm,4750 mm,2747 mm,1780 mm,1441 kg,436 litros,60 litros,123 mm,Disco ventilado,Disco sólido,Hidráulica,,"11,8 m","Independente, braços sobrepostos",Mola helicoidal,"Independente, multibraço",690 km,480 km,"11,5 km/l",8 km/l,,,,,1518 mm,1518 mm,489 kg,"2,07 m²","0,642 m²",,"0,31",,,,,,,,,,,,,,,,,,,,,,,,,
chrysler,Stratus,stratus,stratus-le-2-0-1997,stratus-le-2-0-1997,https://www.fichacompleta.com.br/carros/chrysler/stratus-le-2-0-1997,2026-06-20T21:24:59.604905,Chrysler Stratus LE 2.0 1997,"10,9 s",193 km/h,,Automático,,,4,Dianteira,Injeção multiponto,Natural,1996 cm³,4 em linha,A588,Único no cabeçote,,,Transversal,Dianteiro,"10,8 kg/cv","80,8 kg/kgfm","66,6 cv/litro",133 cv a 5850 rpm,"9,8:1",,,"8,9 kgfm/litro","17,7 kgfm a 4900 rpm",4,1370 mm,4750 mm,2747 mm,1780 mm,1430 kg,436 litros,60 litros,127 mm,195/65 R15,Tambor,Hidráulica,,"11,8 m","Independente, braços sobrepostos",Mola helicoidal,"Independente, multibraço",714 km,528 km,"11,9 km/l","8,8 km/l",83 mm,"87,5 mm",,,,,,"2,07 m²",,,"0,31",,,,,,,,,,,,,,,,,,,,,,,,,
chrysler,Stratus,stratus,stratus-lx-2-5-v6-1997,stratus-lx-2-5-v6-1997,https://www.fichacompleta.com.br/carros/chrysler/stratus-lx-2-5-v6-1997,2026-06-20T21:25:03.392705,Chrysler Stratus LX 2.5 V6 1997,"10,5 s",210 km/h,,Automático,,,4,Dianteira,Injeção multiponto,Natural,2497 cm³,6 em V,6G73,Único no cabeçote,,,Transversal,Dianteiro,"8,8 kg/cv","64,9 kg/kgfm","65,3 cv/litro",163 cv a 5850 rpm,"9,4:1",,,"8,9 kgfm/litro","22,2 kgfm a 4400 rpm",4,1370 mm,4750 mm,2747 mm,1780 mm,1441 kg,436 litros,60 litros,123 mm,205/60 R15,Disco sólido,Hidráulica,,"11,8 m","Independente, braços sobrepostos",Mola helicoidal,"Independente, multibraço",690 km,480 km,"11,5 km/l",8 km/l,76 mm,"83,5 mm",,,1518 mm,1518 mm,489 kg,"2,07 m²",,,"0,31",,,,,,,,,,,,,,,,,,,,,,,,,
chrysler,Stratus,stratus,stratus-le-2-0-1998,stratus-le-2-0-1998,https://www.fichacompleta.com.br/carros/chrysler/stratus-le-2-0-1998,2026-06-20T21:25:05.886468,Chrysler Stratus LE 2.0 1998,13 s,190 km/h,Conversor de torque,Automático,,4,,Dianteira,Injeção multiponto,Natural,1996 cm³,4 em linha,A588,Único no cabeçote,83 mm,"87,5 mm",Transversal,Dianteiro,"10,5 kg/cv","78,0 kg/kgfm","66,1 cv/litro",132 cv,"9,8:1",,,"8,9 kgfm/litro","17,7 kgfm",4,1370 mm,4750 mm,2747 mm,1780 mm,1380 kg,436 litros,60 litros,127 mm,Disco ventilado,Tambor,Hidráulica,"11,8 m",,"Indep., braços sobrepostos",Mola helicoidal,"Indep., multibraço",660 km,480 km,11 km/l,8 km/l,,,,,,,,"2,07 m²","0,642 m²","0,31",,,5850 rpm,4900 rpm,,,,,,,,,,,,,,,,,,,,,,
chrysler,Stratus,stratus,stratus-le-2-0-1998-gasolina,stratus-le-2-0-1998-gasolina,https://www.fichacompleta.com.br/carros/chrysler/stratus-le-2-0-1998-gasolina,2026-06-20T21:25:09.164167,Chrysler Stratus LE 2.0 1998,"10,9 s",190 km/h,Embreagem monodisco a seco,Manual,,5,,Dianteira,Injeção multiponto,Natural,,4 em linha,A588,Único no cabeçote,83 mm,"87,5 mm",Transversal,Dianteiro,"10,23 kg/cv","76,3 kg/kgfm","66,1 cv/litro",132 cv,"9,8:1",,,"8,9 kgfm/litro","17,7 kgfm",4,1370 mm,4750 mm,2747 mm,1780 mm,1350 kg,436 litros,60 litros,127 mm,Disco ventilado,Tambor,Hidráulica,"11,8 m",,"Indep., braços sobrepostos",Mola helicoidal,"Indep., multibraço",714 km,528 km,"11,9 km/l","8,8 km/l",,,,,,,,"2,07 m²","0,642 m²","0,31",,,5850 rpm,4900 rpm,Correia dentada,,,,,,,,499 cm³,1996 cm³,,,,,,,,,,,,
chrysler,Stratus,stratus,stratus-lx-2-5-v6-1998,stratus-lx-2-5-v6-1998,https://www.fichacompleta.com.br/carros/chrysler/stratus-lx-2-5-v6-1998,2026-06-20T21:25:12.325298,Chrysler Stratus LX 2.5 V6 1998,"10,5 s",210 km/h,Conversor de torque,Automático,,4,4,Dianteira,Injeção multiponto,Natural,2497 cm³,6 em V,6G73,Único no cabeçote,76 mm,"83,5 mm",Transversal,Dianteiro,"8,8 kg/cv","64,9 kg/kgfm","65,3 cv/litro",163 cv,"9,4:1",5850 rpm,4400 rpm,"8,9 kgfm/litro","22,2 kgfm",4,1370 mm,4750 mm,2747 mm,1780 mm,1441 kg,436 litros,60 litros,123 mm,Disco ventilado,Disco sólido,Hidráulica,"11,8 m","11,8 m","Indep., braços sobrepostos",Mola helicoidal,"Indep., multibraço",690 km,480 km,"11,5 km/l",8 km/l,,,,,1518 mm,1518 mm,489 kg,"2,07 m²","0,642 m²","0,31","0,31",,,,,,,,,,,,,,,,,,,,,,,,,
chrysler,Stratus,stratus,stratus-le-2-0-1999,stratus-le-2-0-1999,https://www.fichacompleta.com.br/carros/chrysler/stratus-le-2-0-1999,2026-06-20T21:25:16.370928,Chrysler Stratus LE 2.0 1999,"10,9 s",193 km/h,Conversor de torque,Automático,,,4,Dianteira,Injeção multiponto,Natural,1996 cm³,4 em linha,A588,Único no cabeçote,,,Transversal,Dianteiro,"10,8 kg/cv","80,8 kg/kgfm","66,6 cv/litro",133 cv a 5850 rpm,"9,8:1",,,"8,9 kgfm/litro","17,7 kgfm a 4900 rpm",4,1370 mm,4750 mm,2747 mm,1780 mm,1430 kg,436 litros,60 litros,127 mm,Disco ventilado,Tambor,Hidráulica,,"11,8 m","Independente, braços sobrepostos",Mola helicoidal,"Independente, multibraço",714 km,528 km,"11,9 km/l","8,8 km/l",83 mm,"87,5 mm",,,,,,"2,07 m²","0,642 m²",,"0,31",,,,,,,,,,,,,,,,,,,,,,,,,
chrysler,Stratus,stratus,stratus-lx-2-5-v6-1999,stratus-lx-2-5-v6-1999,https://www.fichacompleta.com.br/carros/chrysler/stratus-lx-2-5-v6-1999,2026-06-20T21:25:20.330476,Chrysler Stratus LX 2.5 V6 1999,"10,5 s",210 km/h,Conversor de torque,Automático,,4,,Dianteira,Injeção multiponto,Natural,2497 cm³,6 em V,6G73,Único no cabeçote,76 mm,"83,5 mm",Transversal,Dianteiro,"8,8 kg/cv","64,9 kg/kgfm","65,3 cv/litro",163 cv,"9,4:1",,,"8,9 kgfm/litro","22,2 kgfm",4,1370 mm,4750 mm,2747 mm,1780 mm,1441 kg,436 litros,60 litros,123 mm,Disco ventilado,Disco sólido,Hidráulica,"11,8 m",,"Indep., braços sobrepostos",Mola helicoidal,"Indep., multibraço",690 km,480 km,"11,5 km/l",8 km/l,,,,,1518 mm,1518 mm,489 kg,"2,07 m²","0,642 m²","0,31",,,5850 rpm,4400 rpm,,,,,,,,,,,,,,,,,,,,,,
chrysler,Stratus,stratus,stratus-le-2-0-2000,stratus-le-2-0-2000,https://www.fichacompleta.com.br/carros/chrysler/stratus-le-2-0-2000,2026-06-20T21:25:24.104663,Chrysler Stratus LE 2.0 2000,13 s,190 km/h,Conversor de torque,Automático,,4,,Dianteira,Injeção multiponto,Natural,1996 cm³,4 em linha,A588,Único no cabeçote,83 mm,"87,5 mm",Transversal,Dianteiro,"10,5 kg/cv","78,0 kg/kgfm","66,1 cv/litro",132 cv,"9,8:1",,,"8,9 kgfm/litro","17,7 kgfm",4,1370 mm,4750 mm,2747 mm,1780 mm,1380 kg,436 litros,60 litros,127 mm,Disco ventilado,Tambor,Hidráulica,"11,8 m",,"Indep., braços sobrepostos",Mola helicoidal,"Indep., multibraço",660 km,480 km,11 km/l,8 km/l,,,,,,,,"2,07 m²","0,642 m²","0,31",,,5850 rpm,4900 rpm,,,,,,,,,,,,,,,,,,,,,,
chrysler,Stratus,stratus,stratus-lx-2-5-v6-2000,stratus-lx-2-5-v6-2000,https://www.fichacompleta.com.br/carros/chrysler/stratus-lx-2-5-v6-2000,2026-06-20T21:25:28.566497,Chrysler Stratus LX 2.5 V6 2000,"10,5 s",210 km/h,Conversor de torque,Automático,,,4,Dianteira,Injeção multiponto,Natural,2497 cm³,6 em V,6G73,Único no cabeçote,76 mm,"83,5 mm",Transversal,Dianteiro,"8,8 kg/cv","64,9 kg/kgfm","65,3 cv/litro",163 cv a 5850 rpm,"9,4:1",,,"8,9 kgfm/litro","22,2 kgfm a 4400 rpm",4,1370 mm,4750 mm,2747 mm,1780 mm,1441 kg,436 litros,60 litros,123 mm,Disco ventilado,Disco sólido,Hidráulica,,"11,8 m","Independente, braços sobrepostos",Mola helicoidal,"Independente, multibraço",690 km,480 km,"11,5 km/l",8 km/l,,,,,1518 mm,1518 mm,489 kg,"2,07 m²","0,642 m²",,"0,31",,,,,,,,,,,,,,,,,,,,,,,,,
chrysler,Stratus Cabriolet,stratus-cabriolet,stratus-cabriolet-lx-2-5-v6-1997,stratus-cabriolet-lx-2-5-v6-1997,https://www.fichacompleta.com.br/carros/chrysler/stratus-cabriolet-lx-2-5-v6-1997,2026-06-20T21:25:45.841306,Chrysler Stratus Cabriolet LX 2.5 V6 1997,"10,5 s",198 km/h,,Automático,,,4,Dianteira,Injeção multiponto,Natural,2497 cm³,6 em V,6G73,Único no cabeçote,,,Transversal,Dianteiro,"9,7 kg/cv","71,4 kg/kgfm","65,3 cv/litro",163 cv a 5850 rpm,"9,4:1",,,"8,9 kgfm/litro","22,2 kgfm a 4400 rpm",4,1390 mm,4750 mm,2747 mm,1780 mm,1585 kg,290 litros,60 litros,118 mm,215/55 R16,Disco sólido,Hidráulica,,"12,2 m","Independente, braços sobrepostos",Mola helicoidal,"Independente, multibraço",660 km,450 km,11 km/l,"7,5 km/l",76 mm,"83,5 mm",,,1528 mm,1528 mm,380 kg,,,,,,,,,,,,,,,,,,,,,,,,,,,,,
chrysler,Stratus Cabriolet,stratus-cabriolet,stratus-cabriolet-lx-2-5-v6-1998,stratus-cabriolet-lx-2-5-v6-1998,https://www.fichacompleta.com.br/carros/chrysler/stratus-cabriolet-lx-2-5-v6-1998,2026-06-20T21:25:48.594180,Chrysler Stratus Cabriolet LX 2.5 V6 1998,"10,5 s",198 km/h,Conversor de torque,Automático,,4,,Dianteira,Injeção multiponto,Natural,2497 cm³,6 em V,6G73,Único no cabeçote,76 mm,"83,5 mm",Transversal,Dianteiro,"9,7 kg/cv","71,4 kg/kgfm","65,3 cv/litro",163 cv,"9,4:1",,,"8,9 kgfm/litro","22,2 kgfm",4,1390 mm,4750 mm,2747 mm,1780 mm,1585 kg,290 litros,60 litros,118 mm,Disco ventilado,Disco sólido,Hidráulica,"12,2 m",,"Indep., braços sobrepostos",Mola helicoidal,"Indep., multibraço",660 km,450 km,11 km/l,"7,5 km/l",,,,,1528 mm,1528 mm,380 kg,,,,,,5850 rpm,4400 rpm,,,,,,,,,,,,,,,,,,,,,,
chrysler,Stratus Cabriolet,stratus-cabriolet,stratus-cabriolet-lx-2-5-v6-1999,stratus-cabriolet-lx-2-5-v6-1999,https://www.fichacompleta.com.br/carros/chrysler/stratus-cabriolet-lx-2-5-v6-1999,2026-06-20T21:25:52.562560,Chrysler Stratus Cabriolet LX 2.5 V6 1999,"10,5 s",198 km/h,Conversor de torque,Automático,,,4,Dianteira,Injeção multiponto,Natural,2497 cm³,6 em V,6G73,Único no cabeçote,76 mm,"83,5 mm",Transversal,Dianteiro,"9,7 kg/cv","71,4 kg/kgfm","65,3 cv/litro",163 cv a 5850 rpm,"9,4:1",,,"8,9 kgfm/litro","22,2 kgfm a 4400 rpm",4,1390 mm,4750 mm,2747 mm,1780 mm,1585 kg,290 litros,60 litros,118 mm,Disco ventilado,Disco sólido,Hidráulica,,"12,2 m","Independente, braços sobrepostos",Mola helicoidal,"Independente, multibraço",660 km,450 km,11 km/l,"7,5 km/l",,,,,1528 mm,1528 mm,380 kg,,,,,,,,,,,,,,,,,,,,,,,,,,,,,
chrysler,Town Country,town-country,town-country-limited-3-8-v6-2008,town-country-limited-3-8-v6-2008,https://www.fichacompleta.com.br/carros/chrysler/town-country-limited-3-8-v6-2008,2026-06-20T21:26:12.966653,Chrysler Town Country Limited 3.8 V6 2008,12 s,180 km/h,Conversor de torque,Automático,,6,6,Dianteira,Injeção multiponto,Natural,3778 cm³,6 em V,EGH,Único no bloco,87 mm,96 mm,Transversal,Dianteiro,"10,6 kg/cv","65,7 kg/kgfm","51,1 cv/litro",193 cv,"9,6:1",5000 rpm,4000 rpm,"8,2 kgfm/litro","31,1 kgfm",2,1750 mm,5142 mm,3078 mm,1952 mm,2042 kg,,76 litros,146 mm,Disco ventilado,Disco sólido,Hidráulica,"11,9 m","11,9 m","Indep., McPherson",Mola helicoidal,Eixo de torção,555 km,334 km,"7,3 km/l","4,4 km/l",,,,,1663 mm,1645 mm,541 kg,"2,9 m²","0,957 m²","0,33","0,33",154 mm,,,,,,,600 litros,200 litros,600 litros,200 litros,,,"13,9 graus","14,3 graus","18,7 graus",,,,,,,,,
chrysler,Town Country,town-country,town-country-limited-3-8-v6-2009,town-country-limited-3-8-v6-2009,https://www.fichacompleta.com.br/carros/chrysler/town-country-limited-3-8-v6-2009,2026-06-20T21:26:17.205929,Chrysler Town Country Limited 3.8 V6 2009,12 s,180 km/h,Conversor de torque,Automático,,,6,Dianteira,Injeção multiponto,Natural,3778 cm³,6 em V,,no bloco,87 mm,96 mm,Transversal,Dianteiro,"10,6 kg/cv","65,7 kg/kgfm","51,1 cv/litro",193 cv a 5000 rpm,"9,6:1",,,"8,2 kgfm/litro","31,1 kgfm a 4000 rpm",2,1750 mm,5142 mm,3078 mm,1952 mm,2042 kg,,76 litros,146 mm,Disco ventilado,Disco sólido,Hidráulica,,"11,9 m","Independente, McPherson",Mola helicoidal,Eixo de torção,555 km,334 km,"7,3 km/l","4,4 km/l",,,,,1663 mm,1645 mm,541 kg,"2,9 m²","0,957 m²",,"0,33",154 mm,,,,,,,,,600 litros,200 litros,,,"13,9 graus","14,3 graus","18,7 graus",,,,,,,,,
chrysler,Town Country,town-country,town-country-limited-3-8-v6-2010,town-country-limited-3-8-v6-2010,https://www.fichacompleta.com.br/carros/chrysler/town-country-limited-3-8-v6-2010,2026-06-20T21:26:20.358474,Chrysler Town Country Limited 3.8 V6 2010,12 s,180 km/h,Conversor de torque,Automático,,6,,Dianteira,Injeção multiponto,Natural,3778 cm³,6 em V,EGH,Único no bloco,87 mm,96 mm,Transversal,Dianteiro,"10,6 kg/cv","65,7 kg/kgfm","51,1 cv/litro",193 cv,"9,6:1",,,"8,2 kgfm/litro","31,1 kgfm",2,1750 mm,5142 mm,3078 mm,1952 mm,2042 kg,,76 litros,146 mm,Disco ventilado,Disco sólido,Hidráulica,"11,9 m",,"Indep., McPherson",Mola helicoidal,Eixo de torção,555 km,334 km,"7,3 km/l","4,4 km/l",,,,,1663 mm,1645 mm,541 kg,"2,9 m²","0,957 m²","0,33",,154 mm,5000 rpm,4000 rpm,,,,,600 litros,200 litros,,,,,"13,9 graus","14,3 graus","18,7 graus",,,,,,,,,
chrysler,Town Country,town-country,town-country-limited-3-6-v6-2011,town-country-limited-3-6-v6-2011,https://www.fichacompleta.com.br/carros/chrysler/town-country-limited-3-6-v6-2011,2026-06-20T21:26:24.734976,Chrysler Town Country Limited 3.6 V6 2011,10 s,180 km/h,Conversor de torque,Automático,,6,,Dianteira,Injeção multiponto,Natural,3604 cm³,6 em V,Pentastar,Duplo no cabeçote,83 mm,96 mm,Transversal,Dianteiro,"7,5 kg/cv","58,8 kg/kgfm","78,5 cv/litro",283 cv,"10,2:1",,,"10,0 kgfm/litro",36 kgfm,4,1725 mm,5151 mm,3078 mm,1998 mm,2115 kg,,76 litros,146 mm,Disco ventilado,Disco sólido,Hidráulica,"11,9 m",,"Indep., McPherson",Mola helicoidal,Eixo de torção,654 km,471 km,"8,6 km/l","6,2 km/l",,,,,1665 mm,1647 mm,629 kg,"2,93 m²","0,967 m²","0,33",,142 mm,6400 rpm,4400 rpm,Corrente,Admissão,,,600 litros,200 litros,,,,,"13,6 graus","14,1 graus","17,5 graus",,,,,,,,,1633 kg
chrysler,Town Country,town-country,town-country-limited-3-6-v6-2012,town-country-limited-3-6-v6-2012,https://www.fichacompleta.com.br/carros/chrysler/town-country-limited-3-6-v6-2012,2026-06-20T21:26:27.685599,Chrysler Town Country Limited 3.6 V6 2012,10 s,180 km/h,Conversor de torque,Automático,,6,6,Dianteira,Injeção multiponto,Natural,3604 cm³,6 em V,Pentastar,Duplo no cabeçote,83 mm,96 mm,Transversal,Dianteiro,"7,5 kg/cv","58,8 kg/kgfm","78,5 cv/litro",283 cv,"10,2:1",6400 rpm,4400 rpm,"10,0 kgfm/litro",36 kgfm,4,1725 mm,5151 mm,3078 mm,1998 mm,2115 kg,,76 litros,146 mm,Disco ventilado,Disco sólido,Hidráulica,"11,9 m","11,9 m","Indep., McPherson",Mola helicoidal,Eixo de torção,654 km,471 km,"8,6 km/l","6,2 km/l",,,,,1665 mm,1647 mm,629 kg,"2,93 m²","0,967 m²","0,33","0,33",142 mm,,,Corrente,Admissão,,,600 litros,200 litros,600 litros,200 litros,,,"13,6 graus","14,1 graus","17,5 graus",,,,,,,,,1633 kg
chrysler,Town Country,town-country,town-country-touring-3-6-v6-2012,town-country-touring-3-6-v6-2012,https://www.fichacompleta.com.br/carros/chrysler/town-country-touring-3-6-v6-2012,2026-06-20T21:26:31.021819,Chrysler Town Country Touring 3.6 V6 2012,10 s,180 km/h,Conversor de torque,Automático,,,6,Dianteira,Injeção multiponto,Natural,3604 cm³,6 em V,Pentastar,"Duplo no cabeçote, corrente",83 mm,96 mm,Transversal,Dianteiro,"7,5 kg/cv","58,8 kg/kgfm","78,5 cv/litro",283 cv a 6400 rpm,"10,2:1",,,"10,0 kgfm/litro",36 kgfm a 4400 rpm,4,1725 mm,5151 mm,3078 mm,1998 mm,2115 kg,,76 litros,146 mm,Disco ventilado,Disco sólido,Hidráulica,,"11,9 m","Independente, McPherson",Mola helicoidal,Eixo de torção,654 km,471 km,"8,6 km/l","6,2 km/l",,,,,1665 mm,1647 mm,629 kg,"2,93 m²","0,967 m²",,"0,33",142 mm,,,,Admissão,,,,,600 litros,200 litros,,,"13,6 graus","14,1 graus","17,5 graus",,,,,,,,,1633 kg
chrysler,Town Country,town-country,town-country-limited-3-6-v6-2013,town-country-limited-3-6-v6-2013,https://www.fichacompleta.com.br/carros/chrysler/town-country-limited-3-6-v6-2013,2026-06-20T21:26:34.482714,Chrysler Town Country Limited 3.6 V6 2013,10 s,180 km/h,Conversor de torque,Automático,,6,,Dianteira,Injeção multiponto,Natural,3604 cm³,6 em V,Pentastar,Duplo no cabeçote,83 mm,96 mm,Transversal,Dianteiro,"7,5 kg/cv","58,8 kg/kgfm","78,5 cv/litro",283 cv,"10,2:1",,,"10,0 kgfm/litro",36 kgfm,4,1725 mm,5151 mm,3078 mm,1998 mm,2115 kg,,76 litros,146 mm,Disco ventilado,Disco sólido,Hidráulica,"11,9 m",,"Indep., McPherson",Mola helicoidal,Eixo de torção,654 km,471 km,"8,6 km/l","6,2 km/l",,,,,1665 mm,1647 mm,629 kg,"2,93 m²","0,967 m²","0,33",,142 mm,6400 rpm,4400 rpm,Corrente,Admissão,,,600 litros,200 litros,,,,,"13,6 graus","14,1 graus","17,5 graus",,,,,,,,,1633 kg
chrysler,Town Country,town-country,town-country-touring-3-6-v6-2013,town-country-touring-3-6-v6-2013,https://www.fichacompleta.com.br/carros/chrysler/town-country-touring-3-6-v6-2013,2026-06-20T21:26:37.998571,Chrysler Town Country Touring 3.6 V6 2013,10 s,180 km/h,Conversor de torque,Automático,,,6,Dianteira,Injeção multiponto,Natural,3604 cm³,6 em V,Pentastar,"Duplo no cabeçote, corrente",83 mm,96 mm,Transversal,Dianteiro,"7,5 kg/cv","58,8 kg/kgfm","78,5 cv/litro",283 cv a 6400 rpm,"10,2:1",,,"10,0 kgfm/litro",36 kgfm a 4400 rpm,4,1725 mm,5151 mm,3078 mm,1998 mm,2115 kg,,76 litros,146 mm,Disco ventilado,Disco sólido,Hidráulica,,"11,9 m","Independente, McPherson",Mola helicoidal,Eixo de torção,654 km,471 km,"8,6 km/l","6,2 km/l",,,,,1665 mm,1647 mm,629 kg,"2,93 m²","0,967 m²",,"0,33",142 mm,,,,Admissão,,,,,600 litros,200 litros,,,"13,6 graus","14,1 graus","17,5 graus",,,,,,,,,1633 kg
chrysler,Town Country,town-country,town-country-limited-3-6-v6-2014,town-country-limited-3-6-v6-2014,https://www.fichacompleta.com.br/carros/chrysler/town-country-limited-3-6-v6-2014,2026-06-20T21:26:41.377497,Chrysler Town Country Limited 3.6 V6 2014,10 s,180 km/h,Conversor de torque,Automático,,6,,Dianteira,Injeção multiponto,Natural,3604 cm³,6 em V,Pentastar,Duplo no cabeçote,83 mm,96 mm,Transversal,Dianteiro,"7,5 kg/cv","58,8 kg/kgfm","78,5 cv/litro",283 cv,"10,2:1",,,"10,0 kgfm/litro",36 kgfm,4,1725 mm,5151 mm,3078 mm,1998 mm,2115 kg,,76 litros,146 mm,Disco ventilado,Disco sólido,Hidráulica,"11,9 m",,"Indep., McPherson",Mola helicoidal,Eixo de torção,654 km,471 km,"8,6 km/l","6,2 km/l",,,,,1665 mm,1647 mm,629 kg,"2,93 m²","0,967 m²","0,33",,142 mm,6400 rpm,4400 rpm,Corrente,Admissão,,,600 litros,200 litros,,,,,"13,6 graus","14,1 graus","17,5 graus",,,,,,,,,1633 kg
chrysler,Town Country,town-country,town-country-touring-3-6-v6-2014,town-country-touring-3-6-v6-2014,https://www.fichacompleta.com.br/carros/chrysler/town-country-touring-3-6-v6-2014,2026-06-20T21:26:44.712048,Chrysler Town Country Touring 3.6 V6 2014,10 s,180 km/h,Conversor de torque,Automático,,,6,Dianteira,Injeção multiponto,Natural,3604 cm³,6 em V,Pentastar,"Duplo no cabeçote, corrente",83 mm,96 mm,Transversal,Dianteiro,"7,5 kg/cv","58,8 kg/kgfm","78,5 cv/litro",283 cv a 6400 rpm,"10,2:1",,,"10,0 kgfm/litro",36 kgfm a 4400 rpm,4,1725 mm,5151 mm,3078 mm,1998 mm,2115 kg,,76 litros,146 mm,Disco ventilado,Disco sólido,Hidráulica,,"11,9 m","Independente, McPherson",Mola helicoidal,Eixo de torção,654 km,471 km,"8,6 km/l","6,2 km/l",,,,,1665 mm,1647 mm,629 kg,"2,93 m²","0,967 m²",,"0,33",142 mm,,,,Admissão,,,,,600 litros,200 litros,,,"13,6 graus","14,1 graus","17,5 graus",,,,,,,,,1633 kg
chrysler,Town Country,town-country,town-country-limited-3-6-v6-2015,town-country-limited-3-6-v6-2015,https://www.fichacompleta.com.br/carros/chrysler/town-country-limited-3-6-v6-2015,2026-06-20T21:26:49.288322,Chrysler Town Country Limited 3.6 V6 2015,10 s,180 km/h,Conversor de torque,Automático,,,6,Dianteira,Injeção multiponto,Natural,3604 cm³,6 em V,Pentastar,"Duplo no cabeçote, corrente",,,Transversal,Dianteiro,"7,5 kg/cv","58,8 kg/kgfm","78,5 cv/litro",283 cv a 6400 rpm,"10,2:1",,,"10,0 kgfm/litro",36 kgfm a 4400 rpm,4,1725 mm,5151 mm,3078 mm,1998 mm,2115 kg,,76 litros,146 mm,Disco ventilado,Disco sólido,Hidráulica,,"11,9 m","Independente, McPherson",Mola helicoidal,Eixo de torção,654 km,471 km,"8,6 km/l","6,2 km/l",83 mm,96 mm,,,1665 mm,1647 mm,629 kg,"2,93 m²","0,967 m²",,"0,33",142 mm,,,,Admissão,,,,,600 litros,200 litros,,,"13,6 graus","14,1 graus","17,5 graus",,,,,,,,,1633 kg
chrysler,Vision,vision,vision-3-5-v6-1994,vision-3-5-v6-1994,https://www.fichacompleta.com.br/carros/chrysler/vision-3-5-v6-1994,2026-06-20T21:27:08.745820,Chrysler Vision 3.5 V6 1994,"9,5 s",210 km/h,Conversor de torque,Automático,Ultradrive A604,4,,Dianteira,Injeção multiponto,Natural,3518 cm³,6 em V,EG,Único no cabeçote,81 mm,96 mm,Longitudinal,Dianteiro,"8,0 kg/cv","54,5 kg/kgfm","60,0 cv/litro",211 cv,"9,6:1",,,"8,8 kgfm/litro","30,8 kgfm",4,1434 mm,5121 mm,2870 mm,1890 mm,1680 kg,509 litros,68 litros,135 mm,Disco ventilado,Disco sólido,Hidráulica,"11,5 m",,"Indep., braços sobrepostos",Mola helicoidal,"Indep., braços sobrepostos",578 km,374 km,"8,5 km/l","5,5 km/l",,,,,1574 mm,1574 mm,420 kg,"2,3 m²","0,685 m²","0,298",,,5850 rpm,3350 rpm,,,,,,,,,,,,,,,,,,,,,,
chrysler,Vision,vision,vision-3-5-v6-1995,vision-3-5-v6-1995,https://www.fichacompleta.com.br/carros/chrysler/vision-3-5-v6-1995,2026-06-20T21:27:13.192033,Chrysler Vision 3.5 V6 1995,"9,5 s",210 km/h,Conversor de torque,Automático,Ultradrive A604,4,,Dianteira,Injeção multiponto,Natural,3518 cm³,6 em V,EG,Único no cabeçote,81 mm,96 mm,Longitudinal,Dianteiro,"8,0 kg/cv","54,5 kg/kgfm","60,0 cv/litro",211 cv,"9,6:1",,,"8,8 kgfm/litro","30,8 kgfm",4,1434 mm,5121 mm,2870 mm,1890 mm,1680 kg,509 litros,68 litros,135 mm,Disco ventilado,Disco sólido,Hidráulica,"11,5 m",,"Indep., braços sobrepostos",Mola helicoidal,"Indep., braços sobrepostos",578 km,374 km,"8,5 km/l","5,5 km/l",,,,,1574 mm,1574 mm,420 kg,"2,3 m²","0,685 m²","0,298",,,5850 rpm,3350 rpm,,,,,,,,,,,,,,,,,,,,,,
