marca,modelo,modelo_slug,versao,versao_slug,url,coletado_em,titulo_pagina,geral__aceleracao_0100_kmh,geral__velocidade_maxima,geral__altura,geral__carga_util,geral__comprimento,geral__distancia_entreeixos,geral__largura,geral__peso,geral__portamalas,geral__altura_do_flanco,geral__dianteiros,geral__estepe,geral__traseiros,geral__assistencia,geral__diametro_de_giro,geral__autonomia,geral__capacidade_da_bateria,geral__consumo_eletrico,geral__pesopotencia,geral__pesotorque,geral__potencia,geral__torque,geral__cambio,geral__marchas,geral__tracao,geral__dianteira,geral__elemento_elastico,geral__traseira,geral__altura_minima_do_solo,geral__potencia_de_recarga,geral__angulo_de_entrada,geral__angulo_de_saida,geral__rampa_maxima,geral__acionam_do_comando,geral__alimentacao,geral__aspiracao,geral__cilindrada_unitaria,geral__cilindros,geral__codigo_do_motor,geral__comando_de_valvulas,geral__curso_do_pistao,geral__deslocamento,geral__diametro_do_cilindro,geral__disposicao,geral__instalacao,geral__potencia_especifica,geral__potencia_maxima,geral__razao_de_compressao,geral__regime_potencia_max,geral__regime_torque_max,geral__rotacao_maxima,geral__torque_especifico,geral__torque_maximo,geral__valvulas_por_cilindro,geral__acoplamento,geral__codigo_do_cambio,geral__angulo_central,geral__bitola_dianteira,geral__bitola_traseira,geral__cacamba,geral__reboque_com_freio,geral__reboque_sem_freio,geral__tanque_de_combustivel,geral__travessia_de_agua,geral__rodoviaria_d,geral__urbana_d,geral__rodoviario_d,geral__urbano_d,geral__diametro_minimo_de_giro,geral__quantidade_de_marchas,geral__cilindrada,geral__rotacao_potencia_max,geral__rotacao_torque_max,geral__variacao_do_comando,geral__rodoviaria_g,geral__urbana_g,geral__rodoviario_g,geral__urbano_g,geral__rodoviaria_a,geral__urbana_a,geral__rodoviario_a,geral__urbano_a,geral__area_frontal_a,geral__area_frontal_corrigida,geral__coef_de_arrasto_cx,geral__coeficiente_de_arrasto_cx,geral__potencia_maxima_a,geral__potencia_maxima_g,geral__torque_maximo_a,geral__torque_maximo_g,geral__portamalas_5_lugares,geral__portamalas_7_lugares,geral__portamalas_com_5_lugares,geral__portamalas_com_7_lugares,geral__potencia_a,geral__potencia_g,geral__torque_a,geral__torque_g,geral__curso_dos_pistoes,geral__diametro_dos_cilindros
jac,E-j7,e-j7,e-j7--2022,e-j7--2022,https://www.fichacompleta.com.br/carros/jac/e-j7--2022,2026-06-20T21:45:16.526669,Jac E-j7  2022,"6,4 s",150 km/h,1510 mm,450 kg,4770 mm,2760 mm,1820 mm,1650 kg,590 litros,118 mm,Disco ventilado,Kit de reparo e enchimento,Disco sólido,Elétrica,Não informado,402 km,"50,1 kWh",16 kWh/100 km,"8,59 kg/cv","47,55 kg/kgfm",192 cv,"34,7 kgfm",Automático,1,Dianteira,"Indep., McPherson",Mola helicoidal,"Indep., multibraço",129 mm,,,,,,,,,,,,,,,,,,,,,,,,,,,,,,,,,,,,,,,,,,,,,,,,,,,,,,,,,,,,,,,,,,,,,,,
jac,E-j7,e-j7,e-j7-bev-2023,e-j7-bev-2023,https://www.fichacompleta.com.br/carros/jac/e-j7-bev-2023,2026-06-20T21:45:20.751454,Jac E-j7 BEV 2023,"5,9 s",150 km/h,1510 mm,450 kg,4770 mm,2760 mm,1820 mm,1650 kg,520 litros,118 mm,Disco ventilado,Kit de reparo,Disco sólido,Elétrica,Não informado,249 km,"50,1 kWh",16 kWh/100 km,"8,59 kg/cv","47,55 kg/kgfm",192 cv (dianteiro),"34,7 kgfm (dianteiro)",Automático,1,Dianteira,"Indep., McPherson",Mola helicoidal,"Indep., multibraço",129 mm,,,,,,,,,,,,,,,,,,,,,,,,,,,,,,,,,,,,,,,,,,,,,,,,,,,,,,,,,,,,,,,,,,,,,,,
jac,E-js1,e-js1,e-js1--2022,e-js1--2022,https://www.fichacompleta.com.br/carros/jac/e-js1--2022,2026-06-20T21:46:14.553776,Jac E-js1  2022,"10,7 s",110 km/h,1540 mm,450 kg,3650 mm,2390 mm,1670 mm,1180 kg,121 litros,107 mm,Disco ventilado,Kit de reparo e enchimento,Tambor,Elétrica,9 m,302 km,"30,2 kWh","9,6 kWh/100 km","19,03 kg/cv","77,12 kg/kgfm",62 cv,"15,3 kgfm",Automático,1,Dianteira,"Indep., McPherson",Mola helicoidal,Eixo de torção,130 mm,,,,,,,,,,,,,,,,,,,,,,,,,,,,,,,,,,,,,,,,,,,,,,,,,,,,,,,,,,,,,,,,,,,,,,,
jac,E-js1,e-js1,e-js1-ext-2022,e-js1-ext-2022,https://www.fichacompleta.com.br/carros/jac/e-js1-ext-2022,2026-06-20T21:46:17.920557,Jac E-js1 EXT 2022,"10,7 s",110 km/h,1540 mm,450 kg,3650 mm,2390 mm,1670 mm,1180 kg,121 litros,123 mm,Disco ventilado,Kit de reparo e enchimento,Tambor,Elétrica,9 m,302 km,"30,2 kWh","9,6 kWh/100 km","19,03 kg/cv","77,12 kg/kgfm",62 cv,"15,3 kgfm",Automático,1,Dianteira,"Indep., McPherson",Mola helicoidal,Eixo de torção,130 mm,,,,,,,,,,,,,,,,,,,,,,,,,,,,,,,,,,,,,,,,,,,,,,,,,,,,,,,,,,,,,,,,,,,,,,,
jac,E-js1,e-js1,e-js1--2023,e-js1--2023,https://www.fichacompleta.com.br/carros/jac/e-js1--2023,2026-06-20T21:46:22.113581,Jac E-js1  2023,"10,7 s",110 km/h,1540 mm,450 kg,3650 mm,2390 mm,1670 mm,1180 kg,121 litros,107 mm,Disco ventilado,Kit de reparo e enchimento,Tambor,Elétrica,9 m,302 km,"30,2 kWh","9,6 kWh/100 km","19,03 kg/cv","77,12 kg/kgfm",62 cv,"15,3 kgfm",Automático,1,Dianteira,"Indep., McPherson",Mola helicoidal,Eixo de torção,130 mm,,,,,,,,,,,,,,,,,,,,,,,,,,,,,,,,,,,,,,,,,,,,,,,,,,,,,,,,,,,,,,,,,,,,,,,
jac,E-js1,e-js1,e-js1-city-cargo-2023,e-js1-city-cargo-2023,https://www.fichacompleta.com.br/carros/jac/e-js1-city-cargo-2023,2026-06-20T21:46:26.798890,Jac E-js1 City Cargo 2023,"10,7 s",105 km/h,1540 mm,400 kg,3650 mm,2390 mm,1670 mm,1180 kg,1200 litros,107 mm,Disco ventilado,Kit de reparo e enchimento,Tambor,Elétrica,9 m,161 km,"30,2 kWh",10 kWh/100 km,"19,03 kg/cv","77,12 kg/kgfm",62 cv (dianteiro),"15,3 kgfm (dianteiro)",Automático,1,Dianteira,"Indep., McPherson",Mola helicoidal,Eixo de torção,130 mm,,,,,,,,,,,,,,,,,,,,,,,,,,,,,,,,,,,,,,,,,,,,,,,,,,,,,,,,,,,,,,,,,,,,,,,
jac,E-js1,e-js1,e-js1-extreme-2023,e-js1-extreme-2023,https://www.fichacompleta.com.br/carros/jac/e-js1-extreme-2023,2026-06-20T21:46:30.979833,Jac E-js1 Extreme 2023,"10,7 s",110 km/h,1540 mm,450 kg,3650 mm,2390 mm,1670 mm,1180 kg,121 litros,123 mm,Disco ventilado,Kit de reparo e enchimento,Tambor,Elétrica,9 m,302 km,"30,2 kWh","9,6 kWh/100 km","19,03 kg/cv","77,12 kg/kgfm",62 cv,"15,3 kgfm",Automático,1,Dianteira,"Indep., McPherson",Mola helicoidal,Eixo de torção,130 mm,,,,,,,,,,,,,,,,,,,,,,,,,,,,,,,,,,,,,,,,,,,,,,,,,,,,,,,,,,,,,,,,,,,,,,,
jac,E-js1,e-js1,e-js1-bev-2024,e-js1-bev-2024,https://www.fichacompleta.com.br/carros/jac/e-js1-bev-2024,2026-06-20T21:46:33.924047,Jac E-js1 BEV 2024,"10,7 s",110 km/h,1540 mm,450 kg,3650 mm,2390 mm,1670 mm,1180 kg,121 litros,107 mm,Disco ventilado,Kit de reparo,Disco sólido,Elétrica,9 m,181 km,"30,2 kWh","9,6 kWh/100 km","19,03 kg/cv","77,12 kg/kgfm",62 cv (dianteiro),"15,3 kgfm (dianteiro)",Automático,1,Dianteira,"Indep., McPherson",Mola helicoidal,Eixo de torção,130 mm,40 kW (DC),,,,,,,,,,,,,,,,,,,,,,,,,,,,,,,,,,,,,,,,,,,,,,,,,,,,,,,,,,,,,,,,,,,,,,
jac,E-js1,e-js1,e-js1-extreme-2024,e-js1-extreme-2024,https://www.fichacompleta.com.br/carros/jac/e-js1-extreme-2024,2026-06-20T21:46:36.807015,Jac E-js1 Extreme 2024,"10,7 s",105 km/h,1590 mm,370 kg,3650 mm,2390 mm,1670 mm,1180 kg,121 litros,123 mm,Disco ventilado,Kit de reparo,Disco sólido,Elétrica,9 m,181 km,"30,2 kWh","9,6 kWh/100 km","19,03 kg/cv","77,12 kg/kgfm",62 cv (dianteiro),"15,3 kgfm (dianteiro)",Automático,1,Dianteira,"Indep., McPherson",Mola helicoidal,Eixo de torção,210 mm,40 kW (DC),,,,,,,,,,,,,,,,,,,,,,,,,,,,,,,,,,,,,,,,,,,,,,,,,,,,,,,,,,,,,,,,,,,,,,
jac,E-js1,e-js1,e-js1-bev-2025,e-js1-bev-2025,https://www.fichacompleta.com.br/carros/jac/e-js1-bev-2025,2026-06-20T21:46:41.334795,Jac E-js1 BEV 2025,"10,7 s",110 km/h,1540 mm,450 kg,3650 mm,2390 mm,1670 mm,1180 kg,121 litros,107 mm,Disco ventilado,Kit de reparo,Disco sólido,Elétrica,9 m,181 km,"30,2 kWh","9,6 kWh/100 km","19,03 kg/cv","77,12 kg/kgfm",62 cv (dianteiro),"15,3 kgfm (dianteiro)",Automático,1,Dianteira,"Indep., McPherson",Mola helicoidal,Eixo de torção,130 mm,40 kW (DC),,,,,,,,,,,,,,,,,,,,,,,,,,,,,,,,,,,,,,,,,,,,,,,,,,,,,,,,,,,,,,,,,,,,,,
jac,E-js1,e-js1,e-js1-city-cargo-2025,e-js1-city-cargo-2025,https://www.fichacompleta.com.br/carros/jac/e-js1-city-cargo-2025,2026-06-20T21:46:44.470444,Jac E-js1 City Cargo 2025,"10,7 s",105 km/h,1540 mm,400 kg,3650 mm,2390 mm,1670 mm,1180 kg,1200 litros,107 mm,Disco ventilado,Kit de reparo,Disco sólido,Elétrica,9 m,181 km,"30,2 kWh",10 kWh/100 km,"19,03 kg/cv","77,12 kg/kgfm",62 cv (dianteiro),"15,3 kgfm (dianteiro)",Automático,1,Dianteira,"Indep., McPherson",Mola helicoidal,Eixo de torção,130 mm,40 kW (DC),,,,,,,,,,,,,,,,,,,,,,,,,,,,,,,,,,,,,,,,,,,,,,,,,,,,,,,,,,,,,,,,,,,,,,
jac,E-js1,e-js1,e-js1-extreme-2025,e-js1-extreme-2025,https://www.fichacompleta.com.br/carros/jac/e-js1-extreme-2025,2026-06-20T21:46:48.404911,Jac E-js1 Extreme 2025,"10,7 s",105 km/h,1590 mm,370 kg,3650 mm,2390 mm,1670 mm,1180 kg,121 litros,123 mm,Disco ventilado,Kit de reparo,Disco sólido,Elétrica,9 m,181 km,"30,2 kWh","9,6 kWh/100 km","19,03 kg/cv","77,12 kg/kgfm",62 cv (dianteiro),"15,3 kgfm (dianteiro)",Automático,1,Dianteira,"Indep., McPherson",Mola helicoidal,Eixo de torção,210 mm,40 kW (DC),,,,,,,,,,,,,,,,,,,,,,,,,,,,,,,,,,,,,,,,,,,,,,,,,,,,,,,,,,,,,,,,,,,,,,
jac,E-js1,e-js1,e-js1-bev-2026,e-js1-bev-2026,https://www.fichacompleta.com.br/carros/jac/e-js1-bev-2026,2026-06-20T21:46:52.580261,Jac E-js1 BEV 2026,"10,7 s",110 km/h,1540 mm,450 kg,3650 mm,2390 mm,1670 mm,1180 kg,121 litros,107 mm,Disco ventilado,Kit de reparo,Disco sólido,Elétrica,9 m,181 km,"30,2 kWh","9,6 kWh/100 km","19,03 kg/cv","77,12 kg/kgfm",62 cv (dianteiro),"15,3 kgfm (dianteiro)",Automático,1,Dianteira,"Indep., McPherson",Mola helicoidal,Eixo de torção,130 mm,40 kW (DC),,,,,,,,,,,,,,,,,,,,,,,,,,,,,,,,,,,,,,,,,,,,,,,,,,,,,,,,,,,,,,,,,,,,,,
jac,E-js1,e-js1,e-js1-city-cargo-2026,e-js1-city-cargo-2026,https://www.fichacompleta.com.br/carros/jac/e-js1-city-cargo-2026,2026-06-20T21:46:56.931133,Jac E-js1 City Cargo 2026,"10,7 s",105 km/h,1540 mm,400 kg,3650 mm,2390 mm,1670 mm,1180 kg,1200 litros,107 mm,Disco ventilado,Kit de reparo,Disco sólido,Elétrica,9 m,181 km,"30,2 kWh",10 kWh/100 km,"19,03 kg/cv","77,12 kg/kgfm",62 cv (dianteiro),"15,3 kgfm (dianteiro)",Automático,1,Dianteira,"Indep., McPherson",Mola helicoidal,Eixo de torção,130 mm,40 kW (DC),,,,,,,,,,,,,,,,,,,,,,,,,,,,,,,,,,,,,,,,,,,,,,,,,,,,,,,,,,,,,,,,,,,,,,
jac,E-js1,e-js1,e-js1-extreme-2026,e-js1-extreme-2026,https://www.fichacompleta.com.br/carros/jac/e-js1-extreme-2026,2026-06-20T21:47:01.221790,Jac E-js1 Extreme 2026,"10,7 s",105 km/h,1590 mm,370 kg,3650 mm,2390 mm,1670 mm,1180 kg,121 litros,123 mm,Disco ventilado,Kit de reparo,Disco sólido,Elétrica,9 m,181 km,"30,2 kWh","9,6 kWh/100 km","19,03 kg/cv","77,12 kg/kgfm",62 cv (dianteiro),"15,3 kgfm (dianteiro)",Automático,1,Dianteira,"Indep., McPherson",Mola helicoidal,Eixo de torção,210 mm,40 kW (DC),,,,,,,,,,,,,,,,,,,,,,,,,,,,,,,,,,,,,,,,,,,,,,,,,,,,,,,,,,,,,,,,,,,,,,
jac,E-js4,e-js4,e-js4--2022,e-js4--2022,https://www.fichacompleta.com.br/carros/jac/e-js4--2022,2026-06-20T21:47:19.744175,Jac E-js4  2022,"7,5 s",150 km/h,1656 mm,470 kg,4398 mm,2620 mm,1782 mm,1690 kg,520 litros,101 mm,Disco ventilado,Kit de reparo e enchimento,Disco sólido,Elétrica,Não informado,420 km,55 kWh,13 kWh/100 km,"11,27 kg/cv","48,70 kg/kgfm",150 cv,"34,7 kgfm",Automático,1,Dianteira,"Indep., McPherson",Mola helicoidal,Eixo de torção,145 mm,,,,,,,,,,,,,,,,,,,,,,,,,,,,,,,,,,,,,,,,,,,,,,,,,,,,,,,,,,,,,,,,,,,,,,,
jac,E-js4,e-js4,e-js4--2023,e-js4--2023,https://www.fichacompleta.com.br/carros/jac/e-js4--2023,2026-06-20T21:47:22.509837,Jac E-js4  2023,"7,5 s",150 km/h,1656 mm,470 kg,4398 mm,2620 mm,1782 mm,1690 kg,520 litros,101 mm,Disco ventilado,Kit de reparo e enchimento,Disco sólido,Elétrica,Não informado,420 km,55 kWh,13 kWh/100 km,"11,27 kg/cv","48,70 kg/kgfm",150 cv,"34,7 kgfm",Automático,1,Dianteira,"Indep., McPherson",Mola helicoidal,Eixo de torção,145 mm,,,,,,,,,,,,,,,,,,,,,,,,,,,,,,,,,,,,,,,,,,,,,,,,,,,,,,,,,,,,,,,,,,,,,,,
jac,E-jv5.5,e-jv5-5,e-jv5-5-bev-2023,e-jv5-5-bev-2023,https://www.fichacompleta.com.br/carros/jac/e-jv5-5-bev-2023,2026-06-20T21:48:08.061311,Jac E-jv5.5 BEV 2023,20 s,150 km/h,1765 mm,808 kg,5115 mm,3080 mm,1900 mm,2050 kg,5500 litros,137 mm,Disco ventilado,,Disco sólido,Elétrica,Não informado,300 km,50 kWh,,"10,05 kg/cv","68,11 kg/kgfm",204 cv (dianteiro),"30,1 kgfm (dianteiro)",Automático,1,Dianteira,"Indep., McPherson",Feixe de molas semielípticas,Eixo rígido,130 mm,,21 graus,22 graus,"11,3 graus",,,,,,,,,,,,,,,,,,,,,,,,,,,,,,,,,,,,,,,,,,,,,,,,,,,,,,,,,,,,,,,,,,,
jac,E-jv5.5,e-jv5-5,e-jv5-5-bev-2025,e-jv5-5-bev-2025,https://www.fichacompleta.com.br/carros/jac/e-jv5-5-bev-2025,2026-06-20T21:48:10.478696,Jac E-jv5.5 BEV 2025,20 s,150 km/h,1900 mm,808 kg,5115 mm,3080 mm,1765 mm,2050 kg,5500 litros,137 mm,Disco ventilado,,Disco sólido,Elétrica,Não informado,260 km,50 kWh,,"10,05 kg/cv","68,11 kg/kgfm",204 cv (dianteiro),"30,1 kgfm (dianteiro)",Automático,1,Dianteira,"Indep., McPherson",Feixe de molas semielípticas,Eixo rígido,130 mm,,21 graus,22 graus,"11,3 graus",,,,,,,,,,,,,,,,,,,,,,,,,,,,,,,,,,,,,,,,,,,,,,,,,,,,,,,,,,,,,,,,,,,
jac,E-jv7l,e-jv7l,e-jv7l-bev-2023,e-jv7l-bev-2023,https://www.fichacompleta.com.br/carros/jac/e-jv7l-bev-2023,2026-06-20T21:48:28.189000,Jac E-jv7l BEV 2023,20 s,150 km/h,1900 mm,,5115 mm,3080 mm,1765 mm,2100 kg,200 litros,137 mm,Disco ventilado,,Disco ventilado,Elétrica,Não informado,300 km,"50,2 kWh",,"10,29 kg/cv","69,77 kg/kgfm",204 cv (dianteiro),"30,1 kgfm (dianteiro)",Automático,1,Dianteira,"Indep., McPherson",Feixe de molas semielípticas,Eixo rígido,130 mm,,,,,,,,,,,,,,,,,,,,,,,,,,,,,,,,,,,,,,,,,,,,,,,,,,,,,,,,,,,,,,,,,,,,,,,
jac,E-jv7l,e-jv7l,e-jv7l-bev-2024,e-jv7l-bev-2024,https://www.fichacompleta.com.br/carros/jac/e-jv7l-bev-2024,2026-06-20T21:48:32.777450,Jac E-jv7l BEV 2024,20 s,150 km/h,1900 mm,,5115 mm,3080 mm,1765 mm,2100 kg,200 litros,137 mm,Disco ventilado,,Disco ventilado,Elétrica,Não informado,300 km,"50,2 kWh",,"10,29 kg/cv","69,77 kg/kgfm",204 cv (dianteiro),"30,1 kgfm (dianteiro)",Automático,1,Dianteira,"Indep., McPherson",Feixe de molas semielípticas,Eixo rígido,130 mm,,,,,,,,,,,,,,,,,,,,,,,,,,,,,,,,,,,,,,,,,,,,,,,,,,,,,,,,,,,,,,,,,,,,,,,
jac,E-jv7l,e-jv7l,e-jv7l-bev-2025,e-jv7l-bev-2025,https://www.fichacompleta.com.br/carros/jac/e-jv7l-bev-2025,2026-06-20T21:48:37.350134,Jac E-jv7l BEV 2025,20 s,150 km/h,1900 mm,,5115 mm,3080 mm,1765 mm,2100 kg,200 litros,137 mm,Disco ventilado,,Disco ventilado,Elétrica,Não informado,300 km,"50,2 kWh",,"10,29 kg/cv","69,77 kg/kgfm",204 cv (dianteiro),"30,1 kgfm (dianteiro)",Automático,1,Dianteira,"Indep., McPherson",Feixe de molas semielípticas,Eixo rígido,130 mm,,,,,,,,,,,,,,,,,,,,,,,,,,,,,,,,,,,,,,,,,,,,,,,,,,,,,,,,,,,,,,,,,,,,,,,
jac,Hunter,hunter,hunter-hd-2-0-at-2024,hunter-hd-2-0-at-2024,https://www.fichacompleta.com.br/carros/jac/hunter-hd-2-0-at-2024,2026-06-20T21:49:08.395980,Jac Hunter HD 2.0 AT 2024,"11,9 s",185 km/h,1920 mm,1400 kg,5330 mm,3110 mm,1965 mm,2050 kg,,159 mm,Disco ventilado,265/60 R18,Disco ventilado,Eletro-hidráulica,"12,4 m",,,,"10,73 kg/cv","43,7 kg/kgfm",,,Automático,8,Integral temporária,"Indep., braços sobrepostos",Feixe de molas semielípticas,Eixo rígido,240 mm,,27 graus,23 graus,"26,6 graus",Corrente,Injeção direta,Turbocompressor,500 cm³,4 em linha,HFC4DB2-2E1,Duplo no cabeçote,"92,4 mm",1999 cm³,83 mm,Longitudinal,Dianteiro,"95,5 cv/litro",191 cv,"17,5:1",3600 rpm,1500 rpm,4500 rpm,"23,5 kgfm/litro","46,9 kgfm",4,Conversor de torque,ZF 8HP,26 graus,1610 mm,1610 mm,1135 litros,5250 kg,4200 kg,80 litros,650 mm,816 km,720 km,"10,2 km/l",9 km/l,,,,,,,,,,,,,,,,,,,,,,,,,,,,,,,,
jac,Hunter,hunter,hunter-4work-2-0-at-2025,hunter-4work-2-0-at-2025,https://www.fichacompleta.com.br/carros/jac/hunter-4work-2-0-at-2025,2026-06-20T21:49:12.154996,Jac Hunter 4Work 2.0 AT 2025,"11,9 s",185 km/h,1920 mm,1460 kg,5330 mm,3110 mm,1965 mm,2050 kg,,159 mm,Disco ventilado,265/60 R18,Disco ventilado,Eletro-hidráulica,"12,4 m",,,,"10,73 kg/cv","43,7 kg/kgfm",,,Automático,8,Integral temporária,"Indep., braços sobrepostos",Feixe de molas semielípticas,Eixo rígido,240 mm,,27 graus,23 graus,"26,6 graus",Corrente,Injeção direta,Turbocompressor,500 cm³,4 em linha,HFC4DB2-2E1,Duplo no cabeçote,"92,4 mm",1999 cm³,83 mm,Longitudinal,Dianteiro,"95,5 cv/litro",191 cv,"17,5:1",3600 rpm,1500 rpm,4500 rpm,"23,5 kgfm/litro","46,9 kgfm",4,Conversor de torque,ZF 8HP,26 graus,1610 mm,1610 mm,1135 litros,5250 kg,4200 kg,80 litros,650 mm,816 km,720 km,"10,2 km/l",9 km/l,,,,,,,,,,,,,,,,,,,,,,,,,,,,,,,,
jac,Hunter,hunter,hunter-hd-2-0-at-2025,hunter-hd-2-0-at-2025,https://www.fichacompleta.com.br/carros/jac/hunter-hd-2-0-at-2025,2026-06-20T21:49:16.712303,Jac Hunter HD 2.0 AT 2025,"11,9 s",185 km/h,1920 mm,1400 kg,5330 mm,3110 mm,1965 mm,2050 kg,,159 mm,Disco ventilado,265/60 R18,Disco ventilado,Eletro-hidráulica,"12,4 m",,,,"10,73 kg/cv","43,7 kg/kgfm",,,Automático,8,Integral temporária,"Indep., braços sobrepostos",Feixe de molas semielípticas,Eixo rígido,240 mm,,27 graus,23 graus,"26,6 graus",Corrente,Injeção direta,Turbocompressor,500 cm³,4 em linha,HFC4DB2-2E1,Duplo no cabeçote,"92,4 mm",1999 cm³,83 mm,Longitudinal,Dianteiro,"95,5 cv/litro",191 cv,"17,5:1",3600 rpm,1500 rpm,4500 rpm,"23,5 kgfm/litro","46,9 kgfm",4,Conversor de torque,ZF 8HP,26 graus,1610 mm,1610 mm,1135 litros,5250 kg,4200 kg,80 litros,650 mm,816 km,720 km,"10,2 km/l",9 km/l,,,,,,,,,,,,,,,,,,,,,,,,,,,,,,,,
jac,Hunter,hunter,hunter-hd-2-0-at-2026,hunter-hd-2-0-at-2026,https://www.fichacompleta.com.br/carros/jac/hunter-hd-2-0-at-2026,2026-06-20T21:49:20.055724,Jac Hunter HD 2.0 AT 2026,"11,9 s",185 km/h,1920 mm,1400 kg,5330 mm,3110 mm,1965 mm,2050 kg,,159 mm,Disco ventilado,265/60 R18,Disco ventilado,Eletro-hidráulica,"12,4 m",,,,"10,73 kg/cv","43,7 kg/kgfm",,,Automático,8,Integral temporária,"Indep., braços sobrepostos",Feixe de molas semielípticas,Eixo rígido,240 mm,,27 graus,23 graus,"26,6 graus",Corrente,Injeção direta,Turbocompressor,500 cm³,4 em linha,HFC4DB2-2E1,Duplo no cabeçote,"92,4 mm",1999 cm³,83 mm,Longitudinal,Dianteiro,"95,5 cv/litro",191 cv,"17,5:1",3600 rpm,1500 rpm,4500 rpm,"23,5 kgfm/litro","46,9 kgfm",4,Conversor de torque,ZF 8HP,26 graus,1610 mm,1610 mm,1135 litros,5250 kg,4200 kg,80 litros,650 mm,816 km,720 km,"10,2 km/l",9 km/l,,,,,,,,,,,,,,,,,,,,,,,,,,,,,,,,
jac,Hunter,hunter,hunter-hdx-2-0-at-2026,hunter-hdx-2-0-at-2026,https://www.fichacompleta.com.br/carros/jac/hunter-hdx-2-0-at-2026,2026-06-20T21:49:24.820374,Jac Hunter HDX 2.0 AT 2026,"11,9 s",185 km/h,1920 mm,1400 kg,5330 mm,3110 mm,1965 mm,2050 kg,,159 mm,Disco ventilado,265/60 R18,Disco ventilado,Eletro-hidráulica,"12,4 m",,,,"10,73 kg/cv","43,7 kg/kgfm",,,Automático,8,Integral temporária,"Indep., braços sobrepostos",Feixe de molas semielípticas,Eixo rígido,240 mm,,27 graus,23 graus,"26,6 graus",Corrente,Injeção direta,Turbocompressor,500 cm³,4 em linha,HFC4DB2-2E1,Duplo no cabeçote,"92,4 mm",1999 cm³,83 mm,Longitudinal,Dianteiro,"95,5 cv/litro",191 cv,"17,5:1",3600 rpm,1500 rpm,4500 rpm,"23,5 kgfm/litro","46,9 kgfm",4,Conversor de torque,ZF 8HP,26 graus,1610 mm,1610 mm,1135 litros,5250 kg,4200 kg,80 litros,650 mm,816 km,720 km,"10,2 km/l",9 km/l,,,,,,,,,,,,,,,,,,,,,,,,,,,,,,,,
jac,Iev20,iev20,iev20--2020,iev20--2020,https://www.fichacompleta.com.br/carros/jac/iev20--2020,2026-06-20T21:49:42.274389,Jac Iev20  2020,16 s,112 km/h,1570 mm,355 kg,3775 mm,2390 mm,1685 mm,1340 kg,121 litros,120 mm,Disco ventilado,,Tambor,Elétrica,9 m,320 km,41 kWh,,"19,71 kg/cv","61,19 kg/kgfm",68 cv (dianteiro),"21,9 kgfm (dianteiro)",Automático,1,Dianteira,"Indep., McPherson",Mola helicoidal,Eixo de torção,150 mm,,,,,,,,,,,,,,,,,,,,,,,,,,,,,,,,,,,,,,,,,,,,,,,,,,,,,,,,,,,,,,,,,,,,,,,
jac,Iev20,iev20,iev20--2021,iev20--2021,https://www.fichacompleta.com.br/carros/jac/iev20--2021,2026-06-20T21:49:45.758449,Jac Iev20  2021,16 s,112 km/h,1570 mm,355 kg,3775 mm,2390 mm,1685 mm,1340 kg,121 litros,120 mm,Disco ventilado,,Tambor,Elétrica,9 m,320 km,41 kWh,,"19,71 kg/cv","61,19 kg/kgfm",68 cv (dianteiro),"21,9 kgfm (dianteiro)",Automático,1,Dianteira,"Indep., McPherson",Mola helicoidal,Eixo de torção,150 mm,,,,,,,,,,,,,,,,,,,,,,,,,,,,,,,,,,,,,,,,,,,,,,,,,,,,,,,,,,,,,,,,,,,,,,,
jac,Iev20,iev20,iev20--2022,iev20--2022,https://www.fichacompleta.com.br/carros/jac/iev20--2022,2026-06-20T21:49:49.975688,Jac Iev20  2022,16 s,112 km/h,1570 mm,355 kg,3775 mm,2390 mm,1685 mm,1340 kg,121 litros,120 mm,Disco ventilado,,Tambor,Elétrica,9 m,320 km,41 kWh,,"19,71 kg/cv","61,19 kg/kgfm",68 cv (dianteiro),"21,9 kgfm (dianteiro)",Automático,1,Dianteira,"Indep., McPherson",Mola helicoidal,Eixo de torção,150 mm,,,,,,,,,,,,,,,,,,,,,,,,,,,,,,,,,,,,,,,,,,,,,,,,,,,,,,,,,,,,,,,,,,,,,,,
jac,Iev330p,iev330p,iev330p-cd-2020,iev330p-cd-2020,https://www.fichacompleta.com.br/carros/jac/iev330p-cd-2020,2026-06-20T21:50:08.091729,Jac Iev330p CD 2020,99 s,97 km/h,1830 mm,800 kg,5615 mm,3380 mm,1880 mm,2200 kg,,159 mm,Disco ventilado,Kit de reparo e enchimento,Tambor,Eletro-hidráulica,Não informado,320 km,"67,2 kWh",21 kWh/100 km,"14,67 kg/cv","65,28 kg/kgfm",150 cv (dianteiro),"33,7 kgfm (dianteiro)",Automático,1,Traseira,"Indep., braços sobrepostos",Feixe de molas semielípticas,Eixo rígido,197 mm,,,,,,,,,,,,,,,,,,,,,,,,,,,,,,,1500 litros,,,,,,,,,,,,,,,,,,,,,,,,,,,,,,,,,,,,,,,,
jac,Iev330p,iev330p,iev330p-cd-2021,iev330p-cd-2021,https://www.fichacompleta.com.br/carros/jac/iev330p-cd-2021,2026-06-20T21:50:12.811424,Jac Iev330p CD 2021,99 s,97 km/h,1830 mm,800 kg,5615 mm,3380 mm,1880 mm,2200 kg,1500 litros,159 mm,Disco ventilado,Kit de reparo e enchimento,Tambor,Eletro-hidráulica,,320 km,"67,2 kWh",21 kWh/100 km,"14,67 kg/cv","65,28 kg/kgfm",150 cv,"33,7 kgfm",Automático,,Traseira,"Independente, braços sobrepostos",Feixe de molas semielípticas,Eixo rígido,197 mm,,,,,,,,,,,,,,,,,,,,,,,,,,,,,,,,,,,,,,,,Não informado,1,,,,,,,,,,,,,,,,,,,,,,,,,,,,,,
jac,Iev330p,iev330p,iev330p-cd-2022,iev330p-cd-2022,https://www.fichacompleta.com.br/carros/jac/iev330p-cd-2022,2026-06-20T21:50:16.191486,Jac Iev330p CD 2022,99 s,97 km/h,1830 mm,800 kg,5615 mm,3380 mm,1880 mm,2200 kg,,159 mm,Disco ventilado,Kit de reparo e enchimento,Tambor,Eletro-hidráulica,Não informado,320 km,"67,2 kWh",21 kWh/100 km,"14,67 kg/cv","65,28 kg/kgfm",150 cv (dianteiro),"33,7 kgfm (dianteiro)",Automático,1,Traseira,"Indep., braços sobrepostos",Feixe de molas semielípticas,Eixo rígido,197 mm,,,,,,,,,,,,,,,,,,,,,,,,,,,,,,,1500 litros,,,,,,,,,,,,,,,,,,,,,,,,,,,,,,,,,,,,,,,,
jac,Iev330p,iev330p,iev330p-cd-2023,iev330p-cd-2023,https://www.fichacompleta.com.br/carros/jac/iev330p-cd-2023,2026-06-20T21:50:19.268846,Jac Iev330p CD 2023,99 s,97 km/h,1830 mm,800 kg,5615 mm,3380 mm,1880 mm,2200 kg,,159 mm,Disco ventilado,Kit de reparo,Tambor,Eletro-hidráulica,Não informado,320 km,"67,2 kWh",21 kWh/100 km,"14,67 kg/cv","65,28 kg/kgfm",150 cv (dianteiro),"33,7 kgfm (dianteiro)",Automático,1,Traseira,"Indep., braços sobrepostos",Feixe de molas semielípticas,Eixo rígido,197 mm,,,,,,,,,,,,,,,,,,,,,,,,,,,,,,,1500 litros,,,,,,,,,,,,,,,,,,,,,,,,,,,,,,,,,,,,,,,,
jac,Iev330p,iev330p,iev330p-cd-2024,iev330p-cd-2024,https://www.fichacompleta.com.br/carros/jac/iev330p-cd-2024,2026-06-20T21:50:21.947540,Jac Iev330p CD 2024,99 s,97 km/h,1830 mm,800 kg,5615 mm,3380 mm,1880 mm,2200 kg,,159 mm,Disco ventilado,Kit de reparo,Tambor,Eletro-hidráulica,Não informado,320 km,"67,2 kWh",21 kWh/100 km,"14,67 kg/cv","65,28 kg/kgfm",150 cv (dianteiro),"33,7 kgfm (dianteiro)",Automático,1,Traseira,"Indep., braços sobrepostos",Feixe de molas semielípticas,Eixo rígido,197 mm,,,,,,,,,,,,,,,,,,,,,,,,,,,,,,,1500 litros,,,,,,,,,,,,,,,,,,,,,,,,,,,,,,,,,,,,,,,,
jac,Iev330p,iev330p,iev330p-cd-2025,iev330p-cd-2025,https://www.fichacompleta.com.br/carros/jac/iev330p-cd-2025,2026-06-20T21:50:24.916496,Jac Iev330p CD 2025,99 s,97 km/h,1830 mm,800 kg,5615 mm,3380 mm,1880 mm,2200 kg,,159 mm,Disco ventilado,Kit de reparo,Tambor,Eletro-hidráulica,Não informado,320 km,"67,2 kWh",21 kWh/100 km,"14,67 kg/cv","65,28 kg/kgfm",150 cv (dianteiro),"33,7 kgfm (dianteiro)",Automático,1,Traseira,"Indep., braços sobrepostos",Feixe de molas semielípticas,Eixo rígido,197 mm,,,,,,,,,,,,,,,,,,,,,,,,,,,,,,,1500 litros,,,,,,,,,,,,,,,,,,,,,,,,,,,,,,,,,,,,,,,,
jac,Iev40,iev40,iev40--2020,iev40--2020,https://www.fichacompleta.com.br/carros/jac/iev40--2020,2026-06-20T21:50:40.646727,Jac Iev40  2020,11 s,130 km/h,1560 mm,375 kg,4135 mm,2490 mm,1750 mm,1460 kg,450 litros,113 mm,Disco ventilado,Kit de reparo e enchimento,Disco sólido,Elétrica,"10,9 m",300 km,40 kWh,13 kWh/100 km,"12,70 kg/cv","53,09 kg/kgfm",115 cv (dianteiro),"27,5 kgfm (dianteiro)",Automático,1,Dianteira,"Indep., McPherson",Mola helicoidal,Eixo de torção,140 mm,,18 graus,23 graus,,,,,,,,,,,,,,,,,,,,,,,,,,1511 mm,1510 mm,,,,,,,,,,,,,,,,,,,,,,,,,,,,,,,,,,,,,,,,,
jac,Iev40,iev40,iev40--2021,iev40--2021,https://www.fichacompleta.com.br/carros/jac/iev40--2021,2026-06-20T21:50:43.724098,Jac Iev40  2021,11 s,130 km/h,1560 mm,375 kg,4135 mm,2490 mm,1750 mm,1460 kg,450 litros,113 mm,Disco ventilado,Kit de reparo e enchimento,Disco sólido,Elétrica,"10,9 m",300 km,40 kWh,13 kWh/100 km,"12,70 kg/cv","53,09 kg/kgfm",115 cv (dianteiro),"27,5 kgfm (dianteiro)",Automático,1,Dianteira,"Indep., McPherson",Mola helicoidal,Eixo de torção,140 mm,,18 graus,23 graus,,,,,,,,,,,,,,,,,,,,,,,,,,1511 mm,1510 mm,,,,,,,,,,,,,,,,,,,,,,,,,,,,,,,,,,,,,,,,,
jac,Iev40,iev40,iev40--2022,iev40--2022,https://www.fichacompleta.com.br/carros/jac/iev40--2022,2026-06-20T21:50:46.343840,Jac Iev40  2022,11 s,130 km/h,1560 mm,375 kg,4135 mm,2490 mm,1750 mm,1460 kg,450 litros,113 mm,Disco ventilado,Kit de reparo e enchimento,Disco sólido,Elétrica,,300 km,40 kWh,13 kWh/100 km,"12,70 kg/cv","53,09 kg/kgfm",115 cv,"27,5 kgfm",Automático,,Dianteira,"Independente, McPherson",Mola helicoidal,Eixo de torção,140 mm,,18 graus,23 graus,,,,,,,,,,,,,,,,,,,,,,,,,,1511 mm,1510 mm,,,,,,,,,,"10,9 m",1,,,,,,,,,,,,,,,,,,,,,,,,,,,,,,
jac,Iev750v,iev750v,iev750v--2022,iev750v--2022,https://www.fichacompleta.com.br/carros/jac/iev750v--2022,2026-06-20T21:51:38.162457,Jac Iev750v  2022,99 s,100 km/h,2645 mm,1540 kg,5995 mm,3570 mm,2098 mm,3050 kg,12300 litros,146 mm,Disco ventilado,195/75 R16,Disco ventilado,Eletro-hidráulica,14 m,235 km,92 kWh,40 kWh/100 km,"18,71 kg/cv","39,87 kg/kgfm",163 cv,"76,5 kgfm",Automático,1,Traseira,"Indep., McPherson",Feixe de molas semielípticas,Eixo rígido,155 mm,,,,,,,,,,,,,,,,,,,,,,,,,,,,,1760 mm,1645 mm,,,,,,,,,,,,,,,,,,,,,,,,,,,,,,,,,,,,,,,,,
jac,Iev750v,iev750v,iev750v-vip-2022,iev750v-vip-2022,https://www.fichacompleta.com.br/carros/jac/iev750v-vip-2022,2026-06-20T21:51:41.787285,Jac Iev750v Vip 2022,99 s,100 km/h,2645 mm,1445 kg,5995 mm,3570 mm,2098 mm,3150 kg,200 litros,146 mm,Disco ventilado,195/75 R16,Disco ventilado,Eletro-hidráulica,14 m,235 km,92 kWh,40 kWh/100 km,"19,33 kg/cv","41,18 kg/kgfm",163 cv,"76,5 kgfm",Automático,1,Traseira,"Indep., McPherson",Feixe de molas semielípticas,Eixo rígido,155 mm,,,,,,,,,,,,,,,,,,,,,,,,,,,,,1760 mm,1645 mm,,,,,,,,,,,,,,,,,,,,,,,,,,,,,,,,,,,,,,,,,
jac,J2,j2,j2-1-4-2012,j2-1-4-2012,https://www.fichacompleta.com.br/carros/jac/j2-1-4-2012,2026-06-20T21:51:59.153918,Jac J2 1.4 2012,"9,8 s",187 km/h,1475 mm,,3535 mm,2390 mm,1640 mm,915 kg,121 litros,105 mm,Disco ventilado,,Tambor,Elétrica,9 m,,,,"8,5 kg/cv","64,9 kg/kgfm",,,Manual,5,Dianteira,"Indep., McPherson",Mola helicoidal,Eixo de torção,,,,,,Corrente,Injeção multiponto,Natural,,4 em linha,,Duplo no cabeçote,"75,4 mm",,75 mm,Transversal,Dianteiro,"81,1 cv/litro",108 cv,"10,5:1",,,,"10,6 kgfm/litro","14,1 kgfm",4,Embreagem monodisco a seco,,,1413 mm,1402 mm,,,,35 litros,,,,,,9 m,5,1332 cm³,6000 rpm,4500 rpm,Admissão,445 km,417 km,"12,7 km/l","11,9 km/l",,,,,,,,,,,,,,,,,,,,,,
jac,J2,j2,j2-1-4-2013,j2-1-4-2013,https://www.fichacompleta.com.br/carros/jac/j2-1-4-2013,2026-06-20T21:52:03.819899,Jac J2 1.4 2013,"9,8 s",187 km/h,1475 mm,,3535 mm,2390 mm,1640 mm,915 kg,121 litros,105 mm,Disco ventilado,,Tambor,Elétrica,,,,,"8,5 kg/cv","64,9 kg/kgfm",,,Manual,,Dianteira,"Independente, McPherson",Mola helicoidal,Eixo de torção,,,,,,,Injeção multiponto,Natural,,4 em linha,,"Duplo no cabeçote, corrente","75,4 mm",,75 mm,Transversal,Dianteiro,"81,1 cv/litro",108 cv a 6000 rpm,"10,5:1",,,,"10,6 kgfm/litro","14,1 kgfm a 4500 rpm",4,Embreagem monodisco a seco,,,1413 mm,1402 mm,,,,35 litros,,,,,,9 m,5,1332 cm³,,,Admissão,445 km,417 km,"12,7 km/l","11,9 km/l",,,,,,,,,,,,,,,,,,,,,,
jac,J2,j2,j2-1-4-2014,j2-1-4-2014,https://www.fichacompleta.com.br/carros/jac/j2-1-4-2014,2026-06-20T21:52:07.304902,Jac J2 1.4 2014,"9,8 s",187 km/h,1475 mm,,3535 mm,2390 mm,1640 mm,915 kg,121 litros,105 mm,Disco ventilado,,Tambor,Elétrica,,,,,"8,5 kg/cv","64,9 kg/kgfm",,,Manual,,Dianteira,"Independente, McPherson",Mola helicoidal,Eixo de torção,,,,,,,Injeção multiponto,Natural,,4 em linha,,"Duplo no cabeçote, corrente","75,4 mm",,75 mm,Transversal,Dianteiro,"81,1 cv/litro",108 cv a 6000 rpm,"10,5:1",,,,"10,6 kgfm/litro","14,1 kgfm a 4500 rpm",4,Embreagem monodisco a seco,,,1413 mm,1402 mm,,,,35 litros,,,,,,9 m,5,1332 cm³,,,Admissão,445 km,417 km,"12,7 km/l","11,9 km/l",,,,,,,,,,,,,,,,,,,,,,
jac,J2,j2,j2-1-4-2015,j2-1-4-2015,https://www.fichacompleta.com.br/carros/jac/j2-1-4-2015,2026-06-20T21:52:10.673859,Jac J2 1.4 2015,"9,6 s",190 km/h,1475 mm,,3535 mm,2390 mm,1640 mm,915 kg,121 litros,105 mm,Disco ventilado,,Tambor,Elétrica,,,,,"8,1 kg/cv","63,5 kg/kgfm",,,Manual,,Dianteira,"Independente, McPherson",Mola helicoidal,Eixo de torção,,,,,,,Injeção multiponto,Natural,,4 em linha,,"Duplo no cabeçote, corrente","75,4 mm",,75 mm,Transversal,Dianteiro,"84,8 cv/litro",113 cv (A) 110 cv (G) a 6000 rpm,"10,5:1",,,,"10,8 kgfm/litro","14,4 kgfm (A) 14,1 kgfm (G) a 4500 rpm",4,Embreagem monodisco a seco,,,1413 mm,1402 mm,,,,35 litros,,,,,,9 m,5,1332 cm³,,,Admissão,438 km,420 km,"12,5 km/l",12 km/l,305 km,294 km,"8,7 km/l","8,4 km/l",,,,,,,,,,,,,,,,,,
jac,J2,j2,j2-1-4-2016,j2-1-4-2016,https://www.fichacompleta.com.br/carros/jac/j2-1-4-2016,2026-06-20T21:52:14.109891,Jac J2 1.4 2016,"9,6 s",190 km/h,1475 mm,,3535 mm,2390 mm,1640 mm,915 kg,121 litros,105 mm,Disco ventilado,,Tambor,Elétrica,,,,,"8,1 kg/cv","63,5 kg/kgfm",,,Manual,,Dianteira,"Independente, McPherson",Mola helicoidal,Eixo de torção,,,,,,,Injeção multiponto,Natural,,4 em linha,,"Duplo no cabeçote, corrente","75,4 mm",,75 mm,Transversal,Dianteiro,"84,8 cv/litro",113 cv (A) 110 cv (G) a 6000 rpm,"10,5:1",,,,"10,8 kgfm/litro","14,4 kgfm (A) 14,1 kgfm (G) a 4500 rpm",4,Embreagem monodisco a seco,,,1413 mm,1402 mm,,,,35 litros,,,,,,9 m,5,1332 cm³,,,Admissão,438 km,420 km,"12,5 km/l",12 km/l,305 km,294 km,"8,7 km/l","8,4 km/l",,,,,,,,,,,,,,,,,,
jac,J3,j3,j3-1-4-2011,j3-1-4-2011,https://www.fichacompleta.com.br/carros/jac/j3-1-4-2011,2026-06-20T21:52:33.905338,Jac J3 1.4 2011,"13,4 s",186 km/h,1470 mm,,3970 mm,2400 mm,1650 mm,1060 kg,346 litros,111 mm,Disco ventilado,,Tambor,Hidráulica,10 m,,,,"9,8 kg/cv","75,2 kg/kgfm",,,Manual,5,Dianteira,"Indep., McPherson",Mola helicoidal,"Indep., McPherson",,,,,,Corrente,Injeção multiponto,Natural,,4 em linha,,Duplo no cabeçote,"75,4 mm",,75 mm,Transversal,Dianteiro,"81,1 cv/litro",108 cv,"10,5:1",,,,"10,6 kgfm/litro","14,1 kgfm",4,Embreagem monodisco a seco,,,1425 mm,1415 mm,,,,48 litros,,,,,,10 m,5,1332 cm³,6000 rpm,4500 rpm,Admissão,562 km,461 km,"11,7 km/l","9,6 km/l",,,,,"2,06 m²","0,606 m²","0,294","0,294",,,,,,,,,,,,,,
jac,J3,j3,j3-1-4-2012,j3-1-4-2012,https://www.fichacompleta.com.br/carros/jac/j3-1-4-2012,2026-06-20T21:52:38.255448,Jac J3 1.4 2012,"13,4 s",186 km/h,1470 mm,,3970 mm,2400 mm,1650 mm,1060 kg,346 litros,111 mm,Disco ventilado,,Tambor,Hidráulica,,,,,"9,8 kg/cv","75,2 kg/kgfm",,,Manual,,Dianteira,"Independente, McPherson",Mola helicoidal,"Independente, McPherson",,,,,,,Injeção multiponto,Natural,,4 em linha,,"Duplo no cabeçote, corrente","75,4 mm",,75 mm,Transversal,Dianteiro,"81,1 cv/litro",108 cv a 6000 rpm,"10,5:1",,,,"10,6 kgfm/litro","14,1 kgfm a 4500 rpm",4,Embreagem monodisco a seco,,,1425 mm,1415 mm,,,,48 litros,,,,,,10 m,5,1332 cm³,,,Admissão,562 km,461 km,"11,7 km/l","9,6 km/l",,,,,"2,06 m²","0,606 m²",,"0,294",,,,,,,,,,,,,,
jac,J3,j3,j3-brasil-1-4-2012,j3-brasil-1-4-2012,https://www.fichacompleta.com.br/carros/jac/j3-brasil-1-4-2012,2026-06-20T21:52:41.378410,Jac J3 Brasil 1.4 2012,"13,4 s",186 km/h,1470 mm,,3970 mm,2400 mm,1650 mm,1060 kg,346 litros,111 mm,Disco ventilado,,Tambor,Hidráulica,10 m,,,,"9,81 kg/cv","75,2 kg/kgfm",,,Manual,5,Dianteira,"Indep., McPherson",Mola helicoidal,"Indep., McPherson",,,,,,Corrente,Injeção multiponto,Natural,333 cm³,4 em linha,,Duplo no cabeçote,"75,4 mm",1332 cm³,75 mm,Transversal,Dianteiro,"81,1 cv/litro",108 cv,"10,5:1",6000 rpm,4500 rpm,,"10,6 kgfm/litro","14,1 kgfm",4,Embreagem monodisco a seco,,,1425 mm,1415 mm,,,,48 litros,,,,,,,,,,,Admissão,562 km,461 km,"11,7 km/l","9,6 km/l",,,,,"2,06 m²","0,606 m²","0,294",,,,,,,,,,,,,,,
jac,J3,j3,j3-1-4-2013,j3-1-4-2013,https://www.fichacompleta.com.br/carros/jac/j3-1-4-2013,2026-06-20T21:52:44.302335,Jac J3 1.4 2013,"13,4 s",186 km/h,1470 mm,,3970 mm,2400 mm,1650 mm,1060 kg,346 litros,111 mm,Disco ventilado,,Tambor,Hidráulica,,,,,"9,8 kg/cv","75,2 kg/kgfm",,,Manual,,Dianteira,"Independente, McPherson",Mola helicoidal,"Independente, McPherson",,,,,,,Injeção multiponto,Natural,,4 em linha,,"Duplo no cabeçote, corrente","75,4 mm",,75 mm,Transversal,Dianteiro,"81,1 cv/litro",108 cv a 6000 rpm,"10,5:1",,,,"10,6 kgfm/litro","14,1 kgfm a 4500 rpm",4,Embreagem monodisco a seco,,,1425 mm,1415 mm,,,,48 litros,,,,,,10 m,5,1332 cm³,,,Admissão,562 km,461 km,"11,7 km/l","9,6 km/l",,,,,"2,06 m²","0,606 m²",,"0,294",,,,,,,,,,,,,,
jac,J3,j3,j3-s-1-5-jet-flex-2013,j3-s-1-5-jet-flex-2013,https://www.fichacompleta.com.br/carros/jac/j3-s-1-5-jet-flex-2013,2026-06-20T21:52:48.351876,Jac J3 S 1.5 Jet Flex 2013,"9,7 s",197 km/h,1470 mm,,3970 mm,2400 mm,1650 mm,1070 kg,346 litros,111 mm,Disco ventilado,,Tambor,Hidráulica,10 m,,,,"8,4 kg/cv","68,2 kg/kgfm",,,Manual,5,Dianteira,"Indep., McPherson",Mola helicoidal,"Indep., McPherson",,,,,,Corrente,Injeção multiponto,Natural,,4 em linha,,Duplo no cabeçote,"84,8 mm",,75 mm,Transversal,Dianteiro,"84,7 cv/litro",127 cv (A) 125 cv (G) a 6000 rpm,"10,5:1",,,,"10,5 kgfm/litro","15,7 kgfm (A) 15,5 kgfm (G) a 4000 rpm",4,Embreagem monodisco a seco,,,1425 mm,1415 mm,,,,48 litros,,,,,,10 m,5,1499 cm³,6000 rpm,4000 rpm,Admissão,552 km,446 km,"11,5 km/l","9,3 km/l",403 km,322 km,"8,4 km/l","6,7 km/l",,,,,127 cv,125 cv,"15,7 kgfm","15,5 kgfm",,,,,,,,,,
jac,J3,j3,j3-1-4-2014,j3-1-4-2014,https://www.fichacompleta.com.br/carros/jac/j3-1-4-2014,2026-06-20T21:52:52.735090,Jac J3 1.4 2014,"11,7 s",186 km/h,1465 mm,,3965 mm,2400 mm,1650 mm,1060 kg,350 litros,111 mm,Disco ventilado,,Tambor,Hidráulica,10 m,,,,"9,8 kg/cv","75,2 kg/kgfm",,,Manual,5,Dianteira,"Indep., McPherson",Mola helicoidal,"Indep., McPherson",,,,,,Corrente,Injeção multiponto,Natural,,4 em linha,,Duplo no cabeçote,"75,4 mm",,75 mm,Transversal,Dianteiro,"81,1 cv/litro",108 cv,"10,5:1",,,,"10,6 kgfm/litro","14,1 kgfm",4,Embreagem monodisco a seco,,,1425 mm,1415 mm,,,,48 litros,,,,,,10 m,5,1332 cm³,6000 rpm,4500 rpm,Admissão,562 km,461 km,"11,7 km/l","9,6 km/l",,,,,,,,,,,,,,,,,,,,,,
jac,J3,j3,j3-s-1-5-jet-flex-2014,j3-s-1-5-jet-flex-2014,https://www.fichacompleta.com.br/carros/jac/j3-s-1-5-jet-flex-2014,2026-06-20T21:52:56.386751,Jac J3 S 1.5 Jet Flex 2014,"9,7 s",196 km/h,1465 mm,,3965 mm,2400 mm,1650 mm,1060 kg,350 litros,111 mm,Disco ventilado,,Tambor,Hidráulica,10 m,,,,"8,3 kg/cv","67,5 kg/kgfm",,,Manual,5,Dianteira,"Indep., McPherson",Mola helicoidal,"Indep., McPherson",,,,,,Corrente,Injeção multiponto,Natural,,4 em linha,,Duplo no cabeçote,"84,8 mm",,75 mm,Transversal,Dianteiro,"84,7 cv/litro",127 cv (A) 125 cv (G) a 6000 rpm,"10,5:1",,,,"10,5 kgfm/litro","15,7 kgfm (A) 15,5 kgfm (G) a 4000 rpm",4,Embreagem monodisco a seco,,,1425 mm,1415 mm,,,,48 litros,,,,,,10 m,5,1499 cm³,6000 rpm,4000 rpm,Admissão,552 km,446 km,"11,5 km/l","9,3 km/l",403 km,322 km,"8,4 km/l","6,7 km/l",,,,,127 cv,125 cv,"15,7 kgfm","15,5 kgfm",,,,,,,,,,
jac,J3,j3,j3-1-4-2015,j3-1-4-2015,https://www.fichacompleta.com.br/carros/jac/j3-1-4-2015,2026-06-20T21:53:00.406024,Jac J3 1.4 2015,"11,7 s",186 km/h,1465 mm,,3965 mm,2400 mm,1650 mm,1060 kg,350 litros,111 mm,Disco ventilado,,Tambor,Hidráulica,,,,,"9,8 kg/cv","75,2 kg/kgfm",,,Manual,,Dianteira,"Independente, McPherson",Mola helicoidal,"Independente, McPherson",,,,,,,Injeção multiponto,Natural,,4 em linha,,"Duplo no cabeçote, corrente","75,4 mm",,75 mm,Transversal,Dianteiro,"81,1 cv/litro",108 cv a 6000 rpm,"10,5:1",,,,"10,6 kgfm/litro","14,1 kgfm a 4500 rpm",4,Embreagem monodisco a seco,,,1425 mm,1415 mm,,,,48 litros,,,,,,10 m,5,1332 cm³,,,Admissão,562 km,461 km,"11,7 km/l","9,6 km/l",,,,,,,,,,,,,,,,,,,,,,
jac,J3,j3,j3-s-1-5-jet-flex-2015,j3-s-1-5-jet-flex-2015,https://www.fichacompleta.com.br/carros/jac/j3-s-1-5-jet-flex-2015,2026-06-20T21:53:05.012945,Jac J3 S 1.5 Jet Flex 2015,"9,7 s",196 km/h,1465 mm,,3965 mm,2400 mm,1650 mm,1060 kg,350 litros,111 mm,Disco ventilado,,Tambor,Hidráulica,,,,,"8,3 kg/cv","67,5 kg/kgfm",,,Manual,,Dianteira,"Independente, McPherson",Mola helicoidal,"Independente, McPherson",,,,,,,Injeção multiponto,Natural,,4 em linha,,"Duplo no cabeçote, corrente","84,8 mm",,75 mm,Transversal,Dianteiro,"84,7 cv/litro",127 cv (A) 125 cv (G) a 6000 rpm,"10,5:1",,,,"10,5 kgfm/litro","15,7 kgfm (A) 15,5 kgfm (G) a 4000 rpm",4,Embreagem monodisco a seco,,,1425 mm,1415 mm,,,,48 litros,,,,,,10 m,5,1499 cm³,,,Admissão,600 km,466 km,"12,5 km/l","9,7 km/l",403 km,312 km,"8,4 km/l","6,5 km/l",,,,,,,,,,,,,,,,,,
jac,J3 Turin,j3-turin,j3-turin-1-4-2011,j3-turin-1-4-2011,https://www.fichacompleta.com.br/carros/jac/j3-turin-1-4-2011,2026-06-20T21:53:23.211750,Jac J3 Turin 1.4 2011,"13,6 s",186 km/h,1465 mm,,4155 mm,2400 mm,1650 mm,1100 kg,490 litros,111 mm,Disco ventilado,,Tambor,Hidráulica,10 m,,,,"10,2 kg/cv","78,0 kg/kgfm",,,Manual,5,Dianteira,"Indep., McPherson",Mola helicoidal,"Indep., McPherson",,,,,,Corrente,Injeção multiponto,Natural,,4 em linha,,Duplo no cabeçote,"75,4 mm",,75 mm,Transversal,Dianteiro,"81,1 cv/litro",108 cv,"10,5:1",,,,"10,6 kgfm/litro","14,1 kgfm",4,Embreagem monodisco a seco,,,1425 mm,1415 mm,,,,48 litros,,,,,,10 m,5,1332 cm³,6000 rpm,4500 rpm,Admissão,562 km,461 km,"11,7 km/l","9,6 km/l",,,,,"2,05 m²","0,603 m²","0,294","0,294",,,,,,,,,,,,,,
jac,J3 Turin,j3-turin,j3-turin-1-4-2012,j3-turin-1-4-2012,https://www.fichacompleta.com.br/carros/jac/j3-turin-1-4-2012,2026-06-20T21:53:27.959959,Jac J3 Turin 1.4 2012,"13,6 s",186 km/h,1465 mm,,4155 mm,2400 mm,1650 mm,1100 kg,490 litros,111 mm,Disco ventilado,,Tambor,Hidráulica,,,,,"10,2 kg/cv","78,0 kg/kgfm",,,Manual,,Dianteira,"Independente, McPherson",Mola helicoidal,"Independente, McPherson",,,,,,,Injeção multiponto,Natural,,4 em linha,,"Duplo no cabeçote, corrente","75,4 mm",,75 mm,Transversal,Dianteiro,"81,1 cv/litro",108 cv a 6000 rpm,"10,5:1",,,,"10,6 kgfm/litro","14,1 kgfm a 4500 rpm",4,Embreagem monodisco a seco,,,1425 mm,1415 mm,,,,48 litros,,,,,,10 m,5,1332 cm³,,,Admissão,562 km,461 km,"11,7 km/l","9,6 km/l",,,,,"2,05 m²","0,603 m²",,"0,294",,,,,,,,,,,,,,
jac,J3 Turin,j3-turin,j3-turin-brasil-1-4-2012,j3-turin-brasil-1-4-2012,https://www.fichacompleta.com.br/carros/jac/j3-turin-brasil-1-4-2012,2026-06-20T21:53:32.642505,Jac J3 Turin Brasil 1.4 2012,"13,6 s",186 km/h,1465 mm,,4155 mm,2400 mm,1650 mm,1100 kg,490 litros,111 mm,Disco ventilado,,Tambor,Hidráulica,10 m,,,,"10,19 kg/cv","78,0 kg/kgfm",,,Manual,5,Dianteira,"Indep., McPherson",Mola helicoidal,"Indep., McPherson",,,,,,Corrente,Injeção multiponto,Natural,333 cm³,4 em linha,,Duplo no cabeçote,"75,4 mm",1332 cm³,75 mm,Transversal,Dianteiro,"81,1 cv/litro",108 cv,"10,5:1",6000 rpm,4500 rpm,,"10,6 kgfm/litro","14,1 kgfm",4,Embreagem monodisco a seco,,,1425 mm,1415 mm,,,,48 litros,,,,,,,,,,,Admissão,562 km,461 km,"11,7 km/l","9,6 km/l",,,,,"2,05 m²","0,603 m²","0,294",,,,,,,,,,,,,,,
jac,J3 Turin,j3-turin,j3-turin-1-4-2013,j3-turin-1-4-2013,https://www.fichacompleta.com.br/carros/jac/j3-turin-1-4-2013,2026-06-20T21:53:36.769000,Jac J3 Turin 1.4 2013,"13,6 s",186 km/h,1465 mm,,4155 mm,2400 mm,1650 mm,1100 kg,490 litros,111 mm,Disco ventilado,,Tambor,Hidráulica,,,,,"10,2 kg/cv","78,0 kg/kgfm",,,Manual,,Dianteira,"Independente, McPherson",Mola helicoidal,"Independente, McPherson",,,,,,,Injeção multiponto,Natural,,4 em linha,,"Duplo no cabeçote, corrente","75,4 mm",,75 mm,Transversal,Dianteiro,"81,1 cv/litro",108 cv a 6000 rpm,"10,5:1",,,,"10,6 kgfm/litro","14,1 kgfm a 4500 rpm",4,Embreagem monodisco a seco,,,1425 mm,1415 mm,,,,48 litros,,,,,,10 m,5,1332 cm³,,,Admissão,562 km,461 km,"11,7 km/l","9,6 km/l",,,,,"2,05 m²","0,603 m²",,"0,294",,,,,,,,,,,,,,
jac,J3 Turin,j3-turin,j3-turin-1-4-2014,j3-turin-1-4-2014,https://www.fichacompleta.com.br/carros/jac/j3-turin-1-4-2014,2026-06-20T21:53:41.575737,Jac J3 Turin 1.4 2014,"11,9 s",186 km/h,1465 mm,,4155 mm,2400 mm,1650 mm,1100 kg,490 litros,111 mm,Disco ventilado,,Tambor,Hidráulica,10 m,,,,"10,2 kg/cv","78,0 kg/kgfm",,,Manual,5,Dianteira,"Indep., McPherson",Mola helicoidal,"Indep., McPherson",,,,,,Corrente,Injeção multiponto,Natural,,4 em linha,,Duplo no cabeçote,"75,4 mm",,75 mm,Transversal,Dianteiro,"81,1 cv/litro",108 cv,"10,5:1",,,,"10,6 kgfm/litro","14,1 kgfm",4,Embreagem monodisco a seco,,,1425 mm,1415 mm,,,,48 litros,,,,,,10 m,5,1332 cm³,6000 rpm,4500 rpm,Admissão,562 km,461 km,"11,7 km/l","9,6 km/l",,,,,,,,,,,,,,,,,,,,,,
jac,J3 Turin,j3-turin,j3-turin-s-1-5-jet-flex-2014,j3-turin-s-1-5-jet-flex-2014,https://www.fichacompleta.com.br/carros/jac/j3-turin-s-1-5-jet-flex-2014,2026-06-20T21:53:44.745607,Jac J3 Turin S 1.5 Jet Flex 2014,"9,9 s",196 km/h,1465 mm,,4155 mm,2400 mm,1650 mm,1100 kg,490 litros,111 mm,Disco ventilado,,Tambor,Hidráulica,10 m,,,,"8,7 kg/cv","70,1 kg/kgfm",,,Manual,5,Dianteira,"Indep., McPherson",Mola helicoidal,"Indep., McPherson",,,,,,Corrente,Injeção multiponto,Natural,,4 em linha,,Duplo no cabeçote,"84,8 mm",,75 mm,Transversal,Dianteiro,"84,7 cv/litro",127 cv (A) 125 cv (G) a 6000 rpm,"10,5:1",,,,"10,5 kgfm/litro","15,7 kgfm (A) 15,5 kgfm (G) a 4000 rpm",4,Embreagem monodisco a seco,,,1425 mm,1415 mm,,,,48 litros,,,,,,10 m,5,1499 cm³,6000 rpm,4000 rpm,Admissão,547 km,442 km,"11,4 km/l","9,2 km/l",398 km,317 km,"8,3 km/l","6,6 km/l",,,,,127 cv,125 cv,"15,7 kgfm","15,5 kgfm",,,,,,,,,,
jac,J3 Turin,j3-turin,j3-turin-1-4-2015,j3-turin-1-4-2015,https://www.fichacompleta.com.br/carros/jac/j3-turin-1-4-2015,2026-06-20T21:53:48.472499,Jac J3 Turin 1.4 2015,"11,9 s",186 km/h,1465 mm,,4155 mm,2400 mm,1650 mm,1100 kg,490 litros,111 mm,Disco ventilado,,Tambor,Hidráulica,,,,,"10,2 kg/cv","78,0 kg/kgfm",,,Manual,,Dianteira,"Independente, McPherson",Mola helicoidal,"Independente, McPherson",,,,,,,Injeção multiponto,Natural,,4 em linha,,"Duplo no cabeçote, corrente","75,4 mm",,75 mm,Transversal,Dianteiro,"81,1 cv/litro",108 cv a 6000 rpm,"10,5:1",,,,"10,6 kgfm/litro","14,1 kgfm a 4500 rpm",4,Embreagem monodisco a seco,,,1425 mm,1415 mm,,,,48 litros,,,,,,10 m,5,1332 cm³,,,Admissão,562 km,461 km,"11,7 km/l","9,6 km/l",,,,,,,,,,,,,,,,,,,,,,
jac,J3 Turin,j3-turin,j3-turin-s-1-5-jet-flex-2015,j3-turin-s-1-5-jet-flex-2015,https://www.fichacompleta.com.br/carros/jac/j3-turin-s-1-5-jet-flex-2015,2026-06-20T21:53:52.742477,Jac J3 Turin S 1.5 Jet Flex 2015,"9,9 s",196 km/h,1465 mm,,4155 mm,2400 mm,1650 mm,1100 kg,490 litros,111 mm,Disco ventilado,,Tambor,Hidráulica,,,,,"8,7 kg/cv","70,1 kg/kgfm",,,Manual,,Dianteira,"Independente, McPherson",Mola helicoidal,"Independente, McPherson",,,,,,,Injeção multiponto,Natural,,4 em linha,,"Duplo no cabeçote, corrente","84,8 mm",,75 mm,Transversal,Dianteiro,"84,7 cv/litro",127 cv (A) 125 cv (G) a 6000 rpm,"10,5:1",,,,"10,5 kgfm/litro","15,7 kgfm (A) 15,5 kgfm (G) a 4000 rpm",4,Embreagem monodisco a seco,,,1425 mm,1415 mm,,,,48 litros,,,,,,10 m,5,1499 cm³,,,Admissão,600 km,466 km,"12,5 km/l","9,7 km/l",403 km,312 km,"8,4 km/l","6,5 km/l",,,,,,,,,,,,,,,,,,
jac,J5,j5,j5-1-5-2012,j5-1-5-2012,https://www.fichacompleta.com.br/carros/jac/j5-1-5-2012,2026-06-20T21:54:10.895620,Jac J5 1.5 2012,"11,8 s",188 km/h,1465 mm,,4590 mm,2710 mm,1765 mm,1315 kg,460 litros,113 mm,Disco ventilado,,Disco sólido,Hidráulica,Não informado,,,,"10,5 kg/cv","84,8 kg/kgfm",,,Manual,5,Dianteira,"Indep., McPherson",Mola helicoidal,"Indep., McPherson",,,,,,Corrente,Injeção multiponto,Natural,,4 em linha,,Duplo no cabeçote,"84,8 mm",,75 mm,Transversal,Dianteiro,"83,4 cv/litro",125 cv,"10,5:1",,,,"10,3 kgfm/litro","15,5 kgfm",4,Embreagem monodisco a seco,,,,,,,,57 litros,,,,,,Não informado,5,1499 cm³,5500 rpm,4000 rpm,Admissão,650 km,507 km,"11,4 km/l","8,9 km/l",,,,,,,,,,,,,,,,,,,,,,
jac,J5,j5,j5-1-5-2013,j5-1-5-2013,https://www.fichacompleta.com.br/carros/jac/j5-1-5-2013,2026-06-20T21:54:13.403399,Jac J5 1.5 2013,"11,8 s",188 km/h,1465 mm,,4590 mm,2710 mm,1765 mm,1315 kg,460 litros,113 mm,Disco ventilado,,Disco sólido,Hidráulica,,,,,"10,5 kg/cv","84,8 kg/kgfm",,,Manual,,Dianteira,"Independente, McPherson",Mola helicoidal,"Independente, McPherson",,,,,,,Injeção multiponto,Natural,,4 em linha,,"Duplo no cabeçote, corrente","84,8 mm",,75 mm,Transversal,Dianteiro,"83,4 cv/litro",125 cv a 5500 rpm,"10,5:1",,,,"10,3 kgfm/litro","15,5 kgfm a 4000 rpm",4,Embreagem monodisco a seco,,,,,,,,57 litros,,,,,,Não informado,5,1499 cm³,,,Admissão,650 km,507 km,"11,4 km/l","8,9 km/l",,,,,,,,,,,,,,,,,,,,,,
jac,J5,j5,j5-1-5-2014,j5-1-5-2014,https://www.fichacompleta.com.br/carros/jac/j5-1-5-2014,2026-06-20T21:54:16.010697,Jac J5 1.5 2014,"11,8 s",188 km/h,1465 mm,,4590 mm,2710 mm,1765 mm,1315 kg,460 litros,113 mm,Disco ventilado,,Disco sólido,Hidráulica,,,,,"10,5 kg/cv","84,8 kg/kgfm",,,Manual,,Dianteira,"Independente, McPherson",Mola helicoidal,"Independente, McPherson",,,,,,,Injeção multiponto,Natural,,4 em linha,,"Duplo no cabeçote, corrente","84,8 mm",,75 mm,Transversal,Dianteiro,"83,4 cv/litro",125 cv a 5500 rpm,"10,5:1",,,,"10,3 kgfm/litro","15,5 kgfm a 4000 rpm",4,Embreagem monodisco a seco,,,,,,,,57 litros,,,,,,Não informado,5,1499 cm³,,,Admissão,650 km,507 km,"11,4 km/l","8,9 km/l",,,,,,,,,,,,,,,,,,,,,,
jac,J5,j5,j5-1-5-2015,j5-1-5-2015,https://www.fichacompleta.com.br/carros/jac/j5-1-5-2015,2026-06-20T21:54:20.760469,Jac J5 1.5 2015,"11,8 s",188 km/h,1465 mm,,4590 mm,2710 mm,1765 mm,1315 kg,460 litros,113 mm,Disco ventilado,,Disco sólido,Hidráulica,,,,,"10,5 kg/cv","84,8 kg/kgfm",,,Manual,,Dianteira,"Independente, McPherson",Mola helicoidal,"Independente, McPherson",,,,,,,Injeção multiponto,Natural,,4 em linha,,"Duplo no cabeçote, corrente","84,8 mm",,75 mm,Transversal,Dianteiro,"83,4 cv/litro",125 cv a 5500 rpm,"10,5:1",,,,"10,3 kgfm/litro","15,5 kgfm a 4000 rpm",4,Embreagem monodisco a seco,,,,,,,,57 litros,,,,,,Não informado,5,1499 cm³,,,Admissão,650 km,507 km,"11,4 km/l","8,9 km/l",,,,,,,,,,,,,,,,,,,,,,
jac,J5,j5,j5-1-5-2016,j5-1-5-2016,https://www.fichacompleta.com.br/carros/jac/j5-1-5-2016,2026-06-20T21:54:24.787052,Jac J5 1.5 2016,"11,8 s",188 km/h,1465 mm,,4590 mm,2710 mm,1765 mm,1315 kg,460 litros,113 mm,Disco ventilado,,Disco sólido,Hidráulica,,,,,"10,5 kg/cv","84,8 kg/kgfm",,,Manual,,Dianteira,"Independente, McPherson",Mola helicoidal,"Independente, McPherson",,,,,,,Injeção multiponto,Natural,,4 em linha,,"Duplo no cabeçote, corrente","84,8 mm",,75 mm,Transversal,Dianteiro,"83,4 cv/litro",125 cv a 5500 rpm,"10,5:1",,,,"10,3 kgfm/litro","15,5 kgfm a 4000 rpm",4,Embreagem monodisco a seco,,,,,,,,57 litros,,,,,,Não informado,5,1499 cm³,,,Admissão,661 km,542 km,"11,6 km/l","9,5 km/l",,,,,,,,,,,,,,,,,,,,,,
jac,J6,j6,j6-2-0-2011,j6-2-0-2011,https://www.fichacompleta.com.br/carros/jac/j6-2-0-2011,2026-06-20T21:54:44.573406,Jac J6 2.0 2011,"13,1 s",183 km/h,1660 mm,,4550 mm,2710 mm,1775 mm,1500 kg,500 litros,113 mm,Disco ventilado,,Disco sólido,Hidráulica,Não informado,,,,"11,0 kg/cv","78,5 kg/kgfm",,,Manual,5,Dianteira,"Indep., McPherson",Mola helicoidal,"Indep., McPherson",,,,,,Correia dentada,Injeção multiponto,Natural,,4 em linha,,Duplo no cabeçote,88 mm,,85 mm,Transversal,Dianteiro,"68,1 cv/litro",136 cv,10:1,5500 rpm,4000 rpm,,"9,6 kgfm/litro","19,1 kgfm",4,Embreagem monodisco a seco,,,,,,,,68 litros,,,,,,,,1997 cm³,,,,619 km,476 km,"9,1 km/l",7 km/l,,,,,,,,,,,,,,,,,,,,,,
jac,J6,j6,j6-diamond-2-0-2011,j6-diamond-2-0-2011,https://www.fichacompleta.com.br/carros/jac/j6-diamond-2-0-2011,2026-06-20T21:54:48.224628,Jac J6 Diamond 2.0 2011,"13,1 s",183 km/h,1660 mm,,4550 mm,2710 mm,1775 mm,1500 kg,,113 mm,Disco ventilado,,Disco sólido,Hidráulica,Não informado,,,,"11,0 kg/cv","78,5 kg/kgfm",,,Manual,5,Dianteira,"Indep., McPherson",Mola helicoidal,"Indep., McPherson",,,,,,Correia dentada,Injeção multiponto,Natural,,4 em linha,,Duplo no cabeçote,88 mm,,85 mm,Transversal,Dianteiro,"68,1 cv/litro",136 cv,10:1,,,,"9,6 kgfm/litro","19,1 kgfm",4,Embreagem monodisco a seco,,,,,,,,68 litros,,,,,,Não informado,5,1997 cm³,5500 rpm,4000 rpm,,619 km,476 km,"9,1 km/l",7 km/l,,,,,,,,,,,,,450 litros,198 litros,450 litros,198 litros,,,,,,
jac,J6,j6,j6-2-0-2012,j6-2-0-2012,https://www.fichacompleta.com.br/carros/jac/j6-2-0-2012,2026-06-20T21:54:50.836442,Jac J6 2.0 2012,"13,1 s",183 km/h,1660 mm,,4550 mm,2710 mm,1775 mm,1500 kg,500 litros,113 mm,Disco ventilado,,Disco sólido,Hidráulica,Não informado,,,,"11,0 kg/cv","78,5 kg/kgfm",,,Manual,5,Dianteira,"Indep., McPherson",Mola helicoidal,"Indep., McPherson",,,,,,Correia dentada,Injeção multiponto,Natural,,4 em linha,,Duplo no cabeçote,88 mm,,85 mm,Transversal,Dianteiro,"68,1 cv/litro",136 cv,10:1,5500 rpm,4000 rpm,,"9,6 kgfm/litro","19,1 kgfm",4,Embreagem monodisco a seco,,,,,,,,68 litros,,,,,,,,1997 cm³,,,,619 km,476 km,"9,1 km/l",7 km/l,,,,,,,,,,,,,,,,,,,,,,
jac,J6,j6,j6-diamond-2-0-2012,j6-diamond-2-0-2012,https://www.fichacompleta.com.br/carros/jac/j6-diamond-2-0-2012,2026-06-20T21:54:54.870581,Jac J6 Diamond 2.0 2012,"13,1 s",183 km/h,1660 mm,,4550 mm,2710 mm,1775 mm,1500 kg,,113 mm,Disco ventilado,,Disco sólido,Hidráulica,,,,,"11,0 kg/cv","78,5 kg/kgfm",,,Manual,,Dianteira,"Independente, McPherson",Mola helicoidal,"Independente, McPherson",,,,,,,Injeção multiponto,Natural,,4 em linha,,"Duplo no cabeçote, correia dentada",88 mm,,85 mm,Transversal,Dianteiro,"68,1 cv/litro",136 cv a 5500 rpm,10:1,,,,"9,6 kgfm/litro","19,1 kgfm a 4000 rpm",4,Embreagem monodisco a seco,,,,,,,,68 litros,,,,,,Não informado,5,1997 cm³,,,,619 km,476 km,"9,1 km/l",7 km/l,,,,,,,,,,,,,,,450 litros,198 litros,,,,,,
jac,J6,j6,j6-2-0-2013,j6-2-0-2013,https://www.fichacompleta.com.br/carros/jac/j6-2-0-2013,2026-06-20T21:54:59.403260,Jac J6 2.0 2013,"13,1 s",183 km/h,1660 mm,,4550 mm,2710 mm,1775 mm,1500 kg,500 litros,113 mm,Disco ventilado,,Disco sólido,Hidráulica,Não informado,,,,"11,0 kg/cv","78,5 kg/kgfm",,,Manual,5,Dianteira,"Indep., McPherson",Mola helicoidal,"Indep., McPherson",,,,,,Correia dentada,Injeção multiponto,Natural,,4 em linha,,Duplo no cabeçote,88 mm,,85 mm,Transversal,Dianteiro,"68,1 cv/litro",136 cv,10:1,5500 rpm,4000 rpm,,"9,6 kgfm/litro","19,1 kgfm",4,Embreagem monodisco a seco,,,,,,,,68 litros,,,,,,,,1997 cm³,,,,619 km,476 km,"9,1 km/l",7 km/l,,,,,,,,,,,,,,,,,,,,,,
jac,J6,j6,j6-diamond-2-0-2013,j6-diamond-2-0-2013,https://www.fichacompleta.com.br/carros/jac/j6-diamond-2-0-2013,2026-06-20T21:55:03.005129,Jac J6 Diamond 2.0 2013,"13,1 s",183 km/h,1660 mm,,4550 mm,2710 mm,1775 mm,1500 kg,,113 mm,Disco ventilado,,Disco sólido,Hidráulica,,,,,"11,0 kg/cv","78,5 kg/kgfm",,,Manual,,Dianteira,"Independente, McPherson",Mola helicoidal,"Independente, McPherson",,,,,,,Injeção multiponto,Natural,,4 em linha,,"Duplo no cabeçote, correia dentada",88 mm,,85 mm,Transversal,Dianteiro,"68,1 cv/litro",136 cv a 5500 rpm,10:1,,,,"9,6 kgfm/litro","19,1 kgfm a 4000 rpm",4,Embreagem monodisco a seco,,,,,,,,68 litros,,,,,,Não informado,5,1997 cm³,,,,619 km,476 km,"9,1 km/l",7 km/l,,,,,,,,,,,,,,,450 litros,198 litros,,,,,,
jac,J6,j6,j6-diamond-2-0-2014,j6-diamond-2-0-2014,https://www.fichacompleta.com.br/carros/jac/j6-diamond-2-0-2014,2026-06-20T21:55:06.631321,Jac J6 Diamond 2.0 2014,"13,1 s",183 km/h,1660 mm,,4550 mm,2710 mm,1775 mm,1500 kg,,113 mm,Disco ventilado,,Disco sólido,Hidráulica,Não informado,,,,"11,0 kg/cv","78,5 kg/kgfm",,,Manual,5,Dianteira,"Indep., McPherson",Mola helicoidal,"Indep., McPherson",,,,,,Correia dentada,Injeção multiponto,Natural,,4 em linha,,Duplo no cabeçote,88 mm,,85 mm,Transversal,Dianteiro,"68,1 cv/litro",136 cv,10:1,,,,"9,6 kgfm/litro","19,1 kgfm",4,Embreagem monodisco a seco,,,,,,,,68 litros,,,,,,Não informado,5,1997 cm³,5500 rpm,4000 rpm,,619 km,476 km,"9,1 km/l",7 km/l,,,,,,,,,,,,,450 litros,198 litros,450 litros,198 litros,,,,,,
jac,J6,j6,j6-diamond-2-0-2015,j6-diamond-2-0-2015,https://www.fichacompleta.com.br/carros/jac/j6-diamond-2-0-2015,2026-06-20T21:55:10.124658,Jac J6 Diamond 2.0 2015,"11,9 s",187 km/h,1660 mm,,4550 mm,2710 mm,1775 mm,1500 kg,,113 mm,Disco ventilado,,Disco sólido,Hidráulica,,,,,"9,4 kg/cv","72,8 kg/kgfm",,,Manual,,Dianteira,"Independente, McPherson",Mola helicoidal,"Independente, McPherson",,,,,,,Injeção multiponto,Natural,,4 em linha,,"Duplo no cabeçote, correia dentada",88 mm,,85 mm,Transversal,Dianteiro,"80,1 cv/litro",160 cv (A) 155 cv (G) a 5500 rpm,10:1,,,,"10,3 kgfm/litro","20,6 kgfm (A) 20 kgfm (G) a 4000 rpm",4,Embreagem monodisco a seco,,,,,,,,68 litros,,,,,,Não informado,5,1997 cm³,,,Admissão,612 km,483 km,9 km/l,"7,1 km/l",422 km,340 km,"6,2 km/l",5 km/l,,,,,,,,,,,450 litros,198 litros,,,,,,
jac,J6,j6,j6-diamond-2-0-2016,j6-diamond-2-0-2016,https://www.fichacompleta.com.br/carros/jac/j6-diamond-2-0-2016,2026-06-20T21:55:14.451036,Jac J6 Diamond 2.0 2016,"11,9 s",187 km/h,1660 mm,,4550 mm,2710 mm,1775 mm,1500 kg,,113 mm,Disco ventilado,,Disco sólido,Hidráulica,,,,,"9,4 kg/cv","72,8 kg/kgfm",,,Manual,,Dianteira,"Independente, McPherson",Mola helicoidal,"Independente, McPherson",,,,,,,Injeção multiponto,Natural,,4 em linha,,"Duplo no cabeçote, correia dentada",88 mm,,85 mm,Transversal,Dianteiro,"80,1 cv/litro",160 cv (A) 155 cv (G) a 5500 rpm,10:1,,,,"10,3 kgfm/litro","20,6 kgfm (A) 20 kgfm (G) a 4000 rpm",4,Embreagem monodisco a seco,,,,,,,,68 litros,,,,,,Não informado,5,1997 cm³,,,Admissão,612 km,483 km,9 km/l,"7,1 km/l",422 km,340 km,"6,2 km/l",5 km/l,,,,,,,,,,,450 litros,198 litros,,,,,,
jac,T40,t40,t40-1-5-2018,t40-1-5-2018,https://www.fichacompleta.com.br/carros/jac/t40-1-5-2018,2026-06-20T21:55:31.482931,Jac T40 1.5 2018,"9,8 s",191 km/h,1568 mm,375 kg,4135 mm,2490 mm,1750 mm,1155 kg,450 litros,113 mm,Disco ventilado,,Disco sólido,Elétrica,,,,,"9,1 kg/cv","73,6 kg/kgfm",,,Manual,,Dianteira,"Independente, McPherson",Mola helicoidal,Eixo de torção,180 mm,,18 graus,23 graus,,,Injeção multiponto,Natural,,4 em linha,,"Duplo no cabeçote, corrente","84,8 mm",,75 mm,Transversal,Dianteiro,"84,7 cv/litro",127 cv (A) 125 cv (G) a 6000 rpm,10:1,,,6400 rpm,"10,5 kgfm/litro","15,7 kgfm (A) 15,5 kgfm (G) a 4000 rpm",4,Embreagem monodisco a seco,,,,,,,,42 litros,,,,,,"10,9 m",5,1499 cm³,,,Admissão,525 km,479 km,"12,5 km/l","11,4 km/l",357 km,323 km,"8,5 km/l","7,7 km/l",,,,,,,,,,,,,,,,,,
jac,T40,t40,t40-1-5-2019,t40-1-5-2019,https://www.fichacompleta.com.br/carros/jac/t40-1-5-2019,2026-06-20T21:55:36.134615,Jac T40 1.5 2019,"9,8 s",191 km/h,1568 mm,375 kg,4135 mm,2490 mm,1750 mm,1155 kg,450 litros,113 mm,Disco ventilado,,Disco sólido,Elétrica,,,,,"9,1 kg/cv","73,6 kg/kgfm",,,Manual,,Dianteira,"Independente, McPherson",Mola helicoidal,Eixo de torção,180 mm,,18 graus,23 graus,,,Injeção multiponto,Natural,,4 em linha,,"Duplo no cabeçote, corrente","84,8 mm",,75 mm,Transversal,Dianteiro,"84,7 cv/litro",127 cv (A) 125 cv (G) a 6000 rpm,10:1,,,6400 rpm,"10,5 kgfm/litro","15,7 kgfm (A) 15,5 kgfm (G) a 4000 rpm",4,Embreagem monodisco a seco,,,,,,,,42 litros,,,,,,"10,9 m",5,1499 cm³,,,Admissão,538 km,500 km,"12,8 km/l","11,9 km/l",365 km,340 km,"8,7 km/l","8,1 km/l",,,,,,,,,,,,,,,,,,
jac,T40,t40,t40-1-6-at-2019,t40-1-6-at-2019,https://www.fichacompleta.com.br/carros/jac/t40-1-6-at-2019,2026-06-20T21:55:38.888163,Jac T40 1.6 AT 2019,"11,1 s",190 km/h,1568 mm,,4135 mm,2490 mm,1750 mm,1220 kg,450 litros,113 mm,Disco ventilado,,Disco sólido,Elétrica,,,,,"8,8 kg/cv","71,3 kg/kgfm",,,CVT,,Dianteira,"Independente, McPherson",Mola helicoidal,Eixo de torção,180 mm,,18 graus,23 graus,,,Injeção multiponto,Natural,,4 em linha,,"Duplo no cabeçote, corrente",90 mm,,75 mm,Transversal,Dianteiro,"86,8 cv/litro",138 cv a 6000 rpm,"10,5:1",,,,"10,8 kgfm/litro","17,1 kgfm a 4000 rpm",4,Embreagem monodisco a seco,,,,,,,,42 litros,,,,,,"10,9 m",6,1590 cm³,,,Admissão e escape,508 km,487 km,"12,1 km/l","11,6 km/l",,,,,,,,,,,,,,,,,,,,,,
jac,T40,t40,t40-1-5-2020,t40-1-5-2020,https://www.fichacompleta.com.br/carros/jac/t40-1-5-2020,2026-06-20T21:55:42.538145,Jac T40 1.5 2020,"9,8 s",191 km/h,1568 mm,375 kg,4135 mm,2490 mm,1750 mm,1155 kg,450 litros,113 mm,Disco ventilado,,Disco sólido,Elétrica,"10,9 m",,,,"9,1 kg/cv","73,6 kg/kgfm",,,Manual,5,Dianteira,"Indep., McPherson",Mola helicoidal,Eixo de torção,180 mm,,18 graus,23 graus,,Corrente,Injeção multiponto,Natural,,4 em linha,,Duplo no cabeçote,"84,8 mm",,75 mm,Transversal,Dianteiro,"84,7 cv/litro",,10:1,6000 rpm,4000 rpm,6400 rpm,"10,5 kgfm/litro",,4,Embreagem monodisco a seco,,,,,,,,42 litros,,,,,,,,1499 cm³,,,Admissão,538 km,500 km,"12,8 km/l","11,9 km/l",365 km,340 km,"8,7 km/l","8,1 km/l",,,,,127 cv,125 cv,"15,7 kgfm","15,5 kgfm",,,,,,,,,,
jac,T40,t40,t40-1-6-at-2020,t40-1-6-at-2020,https://www.fichacompleta.com.br/carros/jac/t40-1-6-at-2020,2026-06-20T21:55:46.247642,Jac T40 1.6 AT 2020,"11,1 s",190 km/h,1568 mm,,4135 mm,2490 mm,1750 mm,1220 kg,450 litros,113 mm,Disco ventilado,,Disco sólido,Elétrica,"10,9 m",,,,"8,8 kg/cv","71,3 kg/kgfm",,,CVT,6,Dianteira,"Indep., McPherson",Mola helicoidal,Eixo de torção,180 mm,,18 graus,23 graus,,Corrente,Injeção multiponto,Natural,,4 em linha,,Duplo no cabeçote,90 mm,,75 mm,Transversal,Dianteiro,"86,8 cv/litro",138 cv,"10,5:1",6000 rpm,4000 rpm,,"10,8 kgfm/litro","17,1 kgfm",4,Embreagem monodisco a seco,,,,,,,,42 litros,,,,,,,,1590 cm³,,,Admissão e escape,508 km,487 km,"12,1 km/l","11,6 km/l",,,,,,,,,,,,,,,,,,,,,,
jac,T40,t40,t40-1-5-2021,t40-1-5-2021,https://www.fichacompleta.com.br/carros/jac/t40-1-5-2021,2026-06-20T21:55:49.765991,Jac T40 1.5 2021,"9,8 s",191 km/h,1568 mm,375 kg,4135 mm,2490 mm,1750 mm,1155 kg,450 litros,113 mm,Disco ventilado,,Disco sólido,Elétrica,"10,9 m",,,,"9,1 kg/cv","73,6 kg/kgfm",,,Manual,5,Dianteira,"Indep., McPherson",Mola helicoidal,Eixo de torção,180 mm,,18 graus,23 graus,,Corrente,Injeção multiponto,Natural,,4 em linha,,Duplo no cabeçote,"84,8 mm",,75 mm,Transversal,Dianteiro,"84,7 cv/litro",,10:1,6000 rpm,4000 rpm,6400 rpm,"10,5 kgfm/litro",,4,Embreagem monodisco a seco,,,,,,,,42 litros,,,,,,,,1499 cm³,,,Admissão,538 km,500 km,"12,8 km/l","11,9 km/l",365 km,340 km,"8,7 km/l","8,1 km/l",,,,,127 cv,125 cv,"15,7 kgfm","15,5 kgfm",,,,,,,,,,
jac,T40,t40,t40-1-6-at-2021,t40-1-6-at-2021,https://www.fichacompleta.com.br/carros/jac/t40-1-6-at-2021,2026-06-20T21:55:54.490094,Jac T40 1.6 AT 2021,"11,1 s",190 km/h,1568 mm,,4135 mm,2490 mm,1750 mm,1220 kg,450 litros,113 mm,Disco ventilado,,Disco sólido,Elétrica,"10,9 m",,,,"8,8 kg/cv","71,3 kg/kgfm",,,CVT,6,Dianteira,"Indep., McPherson",Mola helicoidal,Eixo de torção,180 mm,,18 graus,23 graus,,Corrente,Injeção multiponto,Natural,,4 em linha,,Duplo no cabeçote,90 mm,,75 mm,Transversal,Dianteiro,"86,8 cv/litro",138 cv,"10,5:1",6000 rpm,4000 rpm,,"10,8 kgfm/litro","17,1 kgfm",4,Embreagem monodisco a seco,,,,,,,,42 litros,,,,,,,,1590 cm³,,,Admissão e escape,508 km,487 km,"12,1 km/l","11,6 km/l",,,,,,,,,,,,,,,,,,,,,,
jac,T40,t40,t40-plus-1-5-2022,t40-plus-1-5-2022,https://www.fichacompleta.com.br/carros/jac/t40-plus-1-5-2022,2026-06-20T21:55:57.559279,Jac T40 Plus 1.5 2022,"9,8 s",191 km/h,1568 mm,375 kg,4135 mm,2490 mm,1750 mm,1155 kg,450 litros,113 mm,Disco ventilado,,Disco sólido,Elétrica,"10,9 m",,,,"9,1 kg/cv","73,6 kg/kgfm",,,Manual,5,Dianteira,"Indep., McPherson",Mola helicoidal,Eixo de torção,180 mm,,18 graus,23 graus,,Corrente,Injeção multiponto,Natural,,4 em linha,,Duplo no cabeçote,"84,8 mm",,75 mm,Transversal,Dianteiro,"84,7 cv/litro",,10:1,,,6400 rpm,"10,5 kgfm/litro",,4,Embreagem monodisco a seco,,,,,,,,42 litros,,,,,,,,1499 cm³,6000 rpm,4000 rpm,Admissão,538 km,500 km,"12,8 km/l","11,9 km/l",365 km,340 km,"8,7 km/l","8,1 km/l",,,,,,,,,,,,,127 cv,125 cv,"15,7 kgfm","15,5 kgfm",,
jac,T40,t40,t40-plus-1-6-at-2022,t40-plus-1-6-at-2022,https://www.fichacompleta.com.br/carros/jac/t40-plus-1-6-at-2022,2026-06-20T21:56:01.277449,Jac T40 Plus 1.6 AT 2022,"11,1 s",190 km/h,1568 mm,,4135 mm,2490 mm,1750 mm,1220 kg,450 litros,113 mm,Disco ventilado,,Disco sólido,Elétrica,"10,9 m",,,,"8,8 kg/cv","71,3 kg/kgfm",138 cv,"17,1 kgfm",CVT,6,Dianteira,"Indep., McPherson",Mola helicoidal,Eixo de torção,180 mm,,18 graus,23 graus,,Corrente,Injeção multiponto,Natural,,4 em linha,,Duplo no cabeçote,90 mm,,75 mm,Transversal,Dianteiro,"86,8 cv/litro",,"10,5:1",,,,"10,8 kgfm/litro",,4,Embreagem monodisco a seco,,,,,,,,42 litros,,,,,,,,1590 cm³,6000 rpm,4000 rpm,Admissão e escape,508 km,487 km,"12,1 km/l","11,6 km/l",,,,,,,,,,,,,,,,,,,,,,
jac,T5,t5,t5-1-5-2015,t5-1-5-2015,https://www.fichacompleta.com.br/carros/jac/t5-1-5-2015,2026-06-20T21:56:38.879561,Jac T5 1.5 2015,"10,8 s",194 km/h,1625 mm,425 kg,4325 mm,2560 mm,1765 mm,1210 kg,400 litros,113 mm,Disco ventilado,,Disco sólido,Elétrica,11 m,,,,"9,53 kg/cv","77,1 kg/kgfm",,,Manual,6,Dianteira,"Indep., McPherson",Mola helicoidal,Eixo de torção,200 mm,,17 graus,25 graus,,Corrente,Injeção multiponto,Natural,375 cm³,4 em linha,,Duplo no cabeçote,"84,8 mm",1499 cm³,75 mm,Transversal,Dianteiro,"84,7 cv/litro",,10:1,6000 rpm,4000 rpm,,"10,5 kgfm/litro",,4,Embreagem monodisco a seco,,,1480 mm,1475 mm,,,,45 litros,,,,,,,,,,,Admissão,594 km,504 km,"13,2 km/l","11,2 km/l",414 km,360 km,"9,2 km/l",8 km/l,,,,,127 cv,125 cv,"15,7 kgfm","15,5 kgfm",,,,,,,,,,
jac,T5,t5,t5-1-5-2016,t5-1-5-2016,https://www.fichacompleta.com.br/carros/jac/t5-1-5-2016,2026-06-20T21:56:42.922322,Jac T5 1.5 2016,"10,8 s",194 km/h,1625 mm,425 kg,4325 mm,2560 mm,1765 mm,1210 kg,400 litros,113 mm,Disco ventilado,,Disco sólido,Elétrica,,,,,"9,5 kg/cv","77,1 kg/kgfm",,,Manual,,Dianteira,"Independente, McPherson",Mola helicoidal,Eixo de torção,200 mm,,17 graus,25 graus,,,Injeção multiponto,Natural,,4 em linha,,"Duplo no cabeçote, corrente","84,8 mm",,75 mm,Transversal,Dianteiro,"84,7 cv/litro",127 cv (A) 125 cv (G) a 6000 rpm,10:1,,,,"10,5 kgfm/litro","15,7 kgfm (A) 15,5 kgfm (G) a 4000 rpm",4,Embreagem monodisco a seco,,,1480 mm,1475 mm,,,,45 litros,,,,,,11 m,6,1499 cm³,,,Admissão,594 km,504 km,"13,2 km/l","11,2 km/l",414 km,360 km,"9,2 km/l",8 km/l,,,,,,,,,,,,,,,,,,
jac,T5,t5,t5-1-5-2017,t5-1-5-2017,https://www.fichacompleta.com.br/carros/jac/t5-1-5-2017,2026-06-20T21:56:47.772346,Jac T5 1.5 2017,"10,8 s",194 km/h,1625 mm,425 kg,4325 mm,2560 mm,1765 mm,1210 kg,400 litros,113 mm,Disco ventilado,,Disco sólido,Elétrica,,,,,"9,5 kg/cv","77,1 kg/kgfm",,,Manual,,Dianteira,"Independente, McPherson",Mola helicoidal,Eixo de torção,200 mm,,17 graus,25 graus,,,Injeção multiponto,Natural,,4 em linha,,"Duplo no cabeçote, corrente","84,8 mm",,75 mm,Transversal,Dianteiro,"84,7 cv/litro",127 cv (A) 125 cv (G) a 6000 rpm,10:1,,,,"10,5 kgfm/litro","15,7 kgfm (A) 15,5 kgfm (G) a 4000 rpm",4,Embreagem monodisco a seco,,,1480 mm,1475 mm,,,,45 litros,,,,,,11 m,6,1499 cm³,,,Admissão,594 km,504 km,"13,2 km/l","11,2 km/l",414 km,360 km,"9,2 km/l",8 km/l,,,,,,,,,,,,,,,,,,
jac,T5,t5,t5-1-5-at-2017,t5-1-5-at-2017,https://www.fichacompleta.com.br/carros/jac/t5-1-5-at-2017,2026-06-20T21:56:52.014496,Jac T5 1.5 AT 2017,"12,3 s",192 km/h,1625 mm,425 kg,4325 mm,2560 mm,1765 mm,1220 kg,400 litros,113 mm,Disco ventilado,,Disco sólido,Elétrica,,,,,"9,6 kg/cv","77,7 kg/kgfm",,,CVT,,Dianteira,"Independente, McPherson",Mola helicoidal,Eixo de torção,200 mm,,17 graus,25 graus,,,Injeção multiponto,Natural,,4 em linha,,"Duplo no cabeçote, corrente","84,8 mm",,75 mm,Transversal,Dianteiro,"84,7 cv/litro",127 cv (A) 125 cv (G) a 6000 rpm,10:1,,,,"10,5 kgfm/litro","15,7 kgfm (A) 15,5 kgfm (G) a 4000 rpm",4,Embreagem monodisco a seco,,,1480 mm,1475 mm,,,,45 litros,,,,,,11 m,6,1499 cm³,,,Admissão,522 km,436 km,"11,6 km/l","9,7 km/l",351 km,302 km,"7,8 km/l","6,7 km/l",,,,,,,,,,,,,,,,,,
jac,T5,t5,t5-1-5-2018,t5-1-5-2018,https://www.fichacompleta.com.br/carros/jac/t5-1-5-2018,2026-06-20T21:56:56.164557,Jac T5 1.5 2018,"10,8 s",194 km/h,1625 mm,425 kg,4325 mm,2560 mm,1765 mm,1210 kg,400 litros,113 mm,Disco ventilado,,Disco sólido,Elétrica,,,,,"9,5 kg/cv","77,1 kg/kgfm",,,Manual,,Dianteira,"Independente, McPherson",Mola helicoidal,Eixo de torção,200 mm,,17 graus,25 graus,,,Injeção multiponto,Natural,,4 em linha,,"Duplo no cabeçote, corrente","84,8 mm",,75 mm,Transversal,Dianteiro,"84,7 cv/litro",127 cv (A) 125 cv (G) a 6000 rpm,10:1,,,,"10,5 kgfm/litro","15,7 kgfm (A) 15,5 kgfm (G) a 4000 rpm",4,Embreagem monodisco a seco,,,1480 mm,1475 mm,,,,45 litros,,,,,,11 m,6,1499 cm³,,,Admissão,594 km,504 km,"13,2 km/l","11,2 km/l",414 km,360 km,"9,2 km/l",8 km/l,,,,,,,,,,,,,,,,,,
jac,T5,t5,t5-1-5-at-2018,t5-1-5-at-2018,https://www.fichacompleta.com.br/carros/jac/t5-1-5-at-2018,2026-06-20T21:56:59.108736,Jac T5 1.5 AT 2018,"12,3 s",192 km/h,1625 mm,425 kg,4325 mm,2560 mm,1765 mm,1220 kg,400 litros,113 mm,Disco ventilado,,Disco sólido,Elétrica,,,,,"9,6 kg/cv","77,7 kg/kgfm",,,CVT,,Dianteira,"Independente, McPherson",Mola helicoidal,Eixo de torção,200 mm,,17 graus,25 graus,,,Injeção multiponto,Natural,,4 em linha,,"Duplo no cabeçote, corrente","84,8 mm",,75 mm,Transversal,Dianteiro,"84,7 cv/litro",127 cv (A) 125 cv (G) a 6000 rpm,10:1,,,,"10,5 kgfm/litro","15,7 kgfm (A) 15,5 kgfm (G) a 4000 rpm",4,Embreagem monodisco a seco,,,1480 mm,1475 mm,,,,45 litros,,,,,,11 m,6,1499 cm³,,,Admissão,522 km,436 km,"11,6 km/l","9,7 km/l",351 km,302 km,"7,8 km/l","6,7 km/l",,,,,,,,,,,,,,,,,,
jac,T5,t5,t5-1-5-at-2019,t5-1-5-at-2019,https://www.fichacompleta.com.br/carros/jac/t5-1-5-at-2019,2026-06-20T21:57:02.397548,Jac T5 1.5 AT 2019,"12,3 s",192 km/h,1625 mm,425 kg,4325 mm,2560 mm,1765 mm,1220 kg,400 litros,113 mm,Disco ventilado,,Disco sólido,Elétrica,,,,,"9,6 kg/cv","77,7 kg/kgfm",,,CVT,,Dianteira,"Independente, McPherson",Mola helicoidal,Eixo de torção,200 mm,,17 graus,25 graus,,,Injeção multiponto,Natural,,4 em linha,,"Duplo no cabeçote, corrente","84,8 mm",,75 mm,Transversal,Dianteiro,"84,7 cv/litro",127 cv (A) 125 cv (G) a 6000 rpm,10:1,,,,"10,5 kgfm/litro","15,7 kgfm (A) 15,5 kgfm (G) a 4000 rpm",4,Embreagem monodisco a seco,,,1480 mm,1475 mm,,,,45 litros,,,,,,11 m,6,1499 cm³,,,Admissão,522 km,436 km,"11,6 km/l","9,7 km/l",351 km,302 km,"7,8 km/l","6,7 km/l",,,,,,,,,,,,,,,,,,
jac,T50,t50,t50-1-6-at-2017,t50-1-6-at-2017,https://www.fichacompleta.com.br/carros/jac/t50-1-6-at-2017,2026-06-20T21:57:20.102345,Jac T50 1.6 AT 2017,"11,3 s",198 km/h,1640 mm,,4345 mm,2560 mm,1765 mm,1320 kg,400 litros,113 mm,Disco ventilado,205/55 R16,Disco sólido,Elétrica,11 m,,,,"9,57 kg/cv","77,2 kg/kgfm",,,CVT,6,Dianteira,"Indep., McPherson",Mola helicoidal,Eixo de torção,180 mm,,,,,Corrente,Injeção multiponto,Natural,398 cm³,4 em linha,,Duplo no cabeçote,90 mm,1590 cm³,75 mm,Transversal,Dianteiro,"86,8 cv/litro",138 cv,"10,5:1",6000 rpm,4000 rpm,,"10,8 kgfm/litro","17,1 kgfm",4,Embreagem monodisco a seco,,,,,,,,45 litros,,,,,,,,,,,Admissão e escape,518 km,509 km,"11,5 km/l","11,3 km/l",,,,,,,,,,,,,,,,,,,,,,
jac,T50,t50,t50-1-6-at-2019,t50-1-6-at-2019,https://www.fichacompleta.com.br/carros/jac/t50-1-6-at-2019,2026-06-20T21:57:22.913575,Jac T50 1.6 AT 2019,"11,3 s",198 km/h,1640 mm,,4345 mm,2560 mm,1765 mm,1320 kg,400 litros,113 mm,Disco ventilado,205/55 R16,Disco sólido,Elétrica,,,,,"9,6 kg/cv","77,2 kg/kgfm",,,CVT,,Dianteira,"Independente, McPherson",Mola helicoidal,Eixo de torção,180 mm,,,,,,Injeção multiponto,Natural,,4 em linha,,"Duplo no cabeçote, corrente",90 mm,,75 mm,Transversal,Dianteiro,"86,8 cv/litro",138 cv a 6000 rpm,"10,5:1",,,,"10,8 kgfm/litro","17,1 kgfm a 4000 rpm",4,Embreagem monodisco a seco,,,,,,,,45 litros,,,,,,11 m,6,1590 cm³,,,Admissão e escape,518 km,509 km,"11,5 km/l","11,3 km/l",,,,,,,,,,,,,,,,,,,,,,
jac,T50,t50,t50-1-6-at-2019-gasolina,t50-1-6-at-2019-gasolina,https://www.fichacompleta.com.br/carros/jac/t50-1-6-at-2019-gasolina,2026-06-20T21:57:27.579711,Jac T50 1.6 AT 2019,"11,3 s",198 km/h,1640 mm,,4345 mm,2560 mm,1765 mm,1320 kg,400 litros,113 mm,Disco ventilado,205/55 R16,Disco sólido,Elétrica,11 m,,,,"9,57 kg/cv","77,2 kg/kgfm",,,CVT,6,Dianteira,"Indep., McPherson",Mola helicoidal,Eixo de torção,180 mm,,,,,Corrente,Injeção multiponto,Natural,398 cm³,4 em linha,,Duplo no cabeçote,90 mm,1590 cm³,75 mm,Transversal,Dianteiro,"86,8 cv/litro",138 cv,"10,5:1",6000 rpm,4000 rpm,,"10,8 kgfm/litro","17,1 kgfm",4,Embreagem monodisco a seco,,,,,,,,45 litros,,,,,,,,,,,Admissão e escape,518 km,509 km,"11,5 km/l","11,3 km/l",,,,,,,,,,,,,,,,,,,,,,
jac,T50,t50,t50-1-6-at-2020,t50-1-6-at-2020,https://www.fichacompleta.com.br/carros/jac/t50-1-6-at-2020,2026-06-20T21:57:30.150303,Jac T50 1.6 AT 2020,"11,3 s",198 km/h,1640 mm,,4345 mm,2560 mm,1765 mm,1320 kg,400 litros,113 mm,Disco ventilado,205/55 R16,Disco sólido,Elétrica,11 m,,,,"9,6 kg/cv","77,2 kg/kgfm",,,CVT,6,Dianteira,"Indep., McPherson",Mola helicoidal,Eixo de torção,180 mm,,,,,Corrente,Injeção multiponto,Natural,,4 em linha,,Duplo no cabeçote,90 mm,,75 mm,Transversal,Dianteiro,"86,8 cv/litro",138 cv,"10,5:1",6000 rpm,4000 rpm,,"10,8 kgfm/litro","17,1 kgfm",4,Embreagem monodisco a seco,,,,,,,,45 litros,,,,,,,,1590 cm³,,,Admissão e escape,518 km,509 km,"11,5 km/l","11,3 km/l",,,,,,,,,,,,,,,,,,,,,,
jac,T50,t50,t50-1-6-at-2021,t50-1-6-at-2021,https://www.fichacompleta.com.br/carros/jac/t50-1-6-at-2021,2026-06-20T21:57:34.665067,Jac T50 1.6 AT 2021,"11,3 s",198 km/h,1640 mm,,4345 mm,2560 mm,1765 mm,1220 kg,400 litros,113 mm,Disco ventilado,205/55 R16,Disco sólido,Elétrica,11 m,,,,"8,8 kg/cv","71,3 kg/kgfm",,,CVT,6,Dianteira,"Indep., McPherson",Mola helicoidal,Eixo de torção,180 mm,,,,,Corrente,Injeção multiponto,Natural,,4 em linha,,Duplo no cabeçote,90 mm,,75 mm,Transversal,Dianteiro,"86,8 cv/litro",138 cv,"10,5:1",6000 rpm,4000 rpm,,"10,8 kgfm/litro","17,1 kgfm",4,Embreagem monodisco a seco,,,,,,,,42 litros,,,,,,,,1590 cm³,,,Admissão e escape,483 km,475 km,"11,5 km/l","11,3 km/l",,,,,,,,,,,,,,,,,,,,,,
jac,T50,t50,t50-1-6-at-2021-gasolina,t50-1-6-at-2021-gasolina,https://www.fichacompleta.com.br/carros/jac/t50-1-6-at-2021-gasolina,2026-06-20T21:57:38.850121,Jac T50 1.6 AT 2021,"11,3 s",198 km/h,1640 mm,,4345 mm,2560 mm,1765 mm,1320 kg,400 litros,113 mm,Disco ventilado,205/55 R16,Disco sólido,Elétrica,11 m,,,,"9,6 kg/cv","77,2 kg/kgfm",138 cv,"17,1 kgfm",CVT,6,Dianteira,"Indep., McPherson",Mola helicoidal,Eixo de torção,180 mm,,,,,Corrente,Injeção multiponto,Natural,,4 em linha,,Duplo no cabeçote,90 mm,,75 mm,Transversal,Dianteiro,"86,8 cv/litro",,"10,5:1",,,,"10,8 kgfm/litro",,4,Embreagem monodisco a seco,,,,,,,,45 litros,,,,,,,,1590 cm³,6000 rpm,4000 rpm,Admissão e escape,518 km,509 km,"11,5 km/l","11,3 km/l",,,,,,,,,,,,,,,,,,,,,,
jac,T50,t50,t50-plus-1-6-at-2022,t50-plus-1-6-at-2022,https://www.fichacompleta.com.br/carros/jac/t50-plus-1-6-at-2022,2026-06-20T21:57:41.423923,Jac T50 Plus 1.6 AT 2022,"11,3 s",198 km/h,1640 mm,,4345 mm,2560 mm,1765 mm,1220 kg,400 litros,113 mm,Disco ventilado,205/55 R16,Disco sólido,Elétrica,11 m,,,,"8,8 kg/cv","71,3 kg/kgfm",138 cv,"17,1 kgfm",CVT,6,Dianteira,"Indep., McPherson",Mola helicoidal,Eixo de torção,180 mm,,,,,Corrente,Injeção multiponto,Natural,,4 em linha,,Duplo no cabeçote,90 mm,,75 mm,Transversal,Dianteiro,"86,8 cv/litro",,"10,5:1",,,,"10,8 kgfm/litro",,4,Embreagem monodisco a seco,,,,,,,,42 litros,,,,,,,,1590 cm³,6000 rpm,4000 rpm,Admissão e escape,483 km,475 km,"11,5 km/l","11,3 km/l",,,,,,,,,,,,,,,,,,,,,,
jac,T6,t6,t6-2-0-2014,t6-2-0-2014,https://www.fichacompleta.com.br/carros/jac/t6-2-0-2014,2026-06-20T21:57:58.993811,Jac T6 2.0 2014,"12,2 s",186 km/h,1670 mm,,4475 mm,2645 mm,1840 mm,1505 kg,500 litros,135 mm,Disco ventilado,,Disco sólido,Elétrica,11 m,,,,"9,41 kg/cv","73,1 kg/kgfm",,,Manual,5,Dianteira,"Indep., McPherson",Mola helicoidal,"Indep., McPherson",210 mm,,,,,Correia dentada,Injeção multiponto,Natural,499 cm³,4 em linha,,Duplo no cabeçote,88 mm,1997 cm³,85 mm,Transversal,Dianteiro,"80,1 cv/litro",,10:1,6000 rpm,3500 rpm,,"10,3 kgfm/litro",,4,Embreagem monodisco a seco,,,1590 mm,1590 mm,,,,60 litros,,,,,,,,,,,Admissão,546 km,420 km,"9,1 km/l",7 km/l,384 km,294 km,"6,4 km/l","4,9 km/l",,,,,160 cv,155 cv,"20,6 kgfm",20 kgfm,,,,,,,,,,
jac,T6,t6,t6-2-0-2015,t6-2-0-2015,https://www.fichacompleta.com.br/carros/jac/t6-2-0-2015,2026-06-20T21:58:03.060231,Jac T6 2.0 2015,"12,2 s",186 km/h,1670 mm,,4475 mm,2645 mm,1840 mm,1505 kg,500 litros,135 mm,Disco ventilado,,Disco sólido,Elétrica,,,,,"9,4 kg/cv","73,1 kg/kgfm",,,Manual,,Dianteira,"Independente, McPherson",Mola helicoidal,"Independente, McPherson",210 mm,,,,,,Injeção multiponto,Natural,,4 em linha,,"Duplo no cabeçote, correia dentada",88 mm,,85 mm,Transversal,Dianteiro,"80,1 cv/litro",160 cv (A) 155 cv (G) a 6000 rpm,10:1,,,,"10,3 kgfm/litro","20,6 kgfm (A) 20 kgfm (G) a 3500 rpm",4,Embreagem monodisco a seco,,,1590 mm,1590 mm,,,,60 litros,,,,,,11 m,5,1997 cm³,,,Admissão,546 km,420 km,"9,1 km/l",7 km/l,384 km,294 km,"6,4 km/l","4,9 km/l",,,,,,,,,,,,,,,,,,
jac,T6,t6,t6-2-0-2016,t6-2-0-2016,https://www.fichacompleta.com.br/carros/jac/t6-2-0-2016,2026-06-20T21:58:06.846705,Jac T6 2.0 2016,"12,2 s",186 km/h,1670 mm,450 kg,4475 mm,2645 mm,1840 mm,1505 kg,500 litros,135 mm,Disco ventilado,,Disco sólido,Elétrica,,,,,"9,4 kg/cv","73,1 kg/kgfm",,,Manual,,Dianteira,"Independente, McPherson",Mola helicoidal,"Independente, McPherson",210 mm,,26 graus,22 graus,,,Injeção multiponto,Natural,,4 em linha,,"Duplo no cabeçote, correia dentada",88 mm,,85 mm,Transversal,Dianteiro,"80,1 cv/litro",160 cv (A) 155 cv (G) a 6000 rpm,10:1,,,,"10,3 kgfm/litro","20,6 kgfm (A) 20 kgfm (G) a 3500 rpm",4,Embreagem monodisco a seco,,,1590 mm,1590 mm,,,,60 litros,,,,,,11 m,5,1997 cm³,,,Admissão,582 km,486 km,"9,7 km/l","8,1 km/l",396 km,336 km,"6,6 km/l","5,6 km/l",,,,,,,,,,,,,,,,,,
jac,T60,t60,t60-1-5-turbo-2020,t60-1-5-turbo-2020,https://www.fichacompleta.com.br/carros/jac/t60-1-5-turbo-2020,2026-06-20T21:58:24.604311,Jac T60 1.5 Turbo 2020,"9,6 s",195 km/h,1660 mm,,4410 mm,2620 mm,1800 mm,1365 kg,450 litros,108 mm,Disco ventilado,215/50 R17,Disco sólido,Elétrica,11 m,,,,"8,1 kg/cv","63,8 kg/kgfm",,,CVT,6,Dianteira,"Indep., McPherson",Mola helicoidal,Eixo de torção,204 mm,,,,,Corrente,Injeção multiponto,Turbocompressor,,4 em linha,,Duplo no cabeçote,"84,8 mm",,75 mm,Transversal,Dianteiro,"112,1 cv/litro",168 cv,"9,5:1",5500 rpm,2000 rpm,,"14,3 kgfm/litro","21,4 kgfm",4,Embreagem monodisco a seco,,,,,,,,50 litros,,,,,,,,1499 cm³,,,Admissão,560 km,480 km,"11,2 km/l","9,6 km/l",,,,,,,,,,,,,,,,,,,,,,
jac,T60,t60,t60-1-5-turbo-2020-gasolina,t60-1-5-turbo-2020-gasolina,https://www.fichacompleta.com.br/carros/jac/t60-1-5-turbo-2020-gasolina,2026-06-20T21:58:28.171665,Jac T60 1.5 Turbo 2020,"9,6 s",195 km/h,1660 mm,,4410 mm,2620 mm,1800 mm,1365 kg,450 litros,108 mm,Disco ventilado,215/50 R17,Disco sólido,Elétrica,11 m,,,,"8,1 kg/cv","63,8 kg/kgfm",168 cv,"21,4 kgfm",CVT,6,Dianteira,"Indep., McPherson",Mola helicoidal,Eixo de torção,204 mm,,,,,Corrente,Injeção multiponto,Turbocompressor,,4 em linha,,Duplo no cabeçote,"84,8 mm",,75 mm,Transversal,Dianteiro,"112,1 cv/litro",,"9,5:1",,,,"14,3 kgfm/litro",,4,Embreagem monodisco a seco,,,,,,,,50 litros,,,,,,,,1499 cm³,5500 rpm,2000 rpm,Admissão,560 km,480 km,"11,2 km/l","9,6 km/l",,,,,,,,,,,,,,,,,,,,,,
jac,T60,t60,t60-1-5-turbo-2021,t60-1-5-turbo-2021,https://www.fichacompleta.com.br/carros/jac/t60-1-5-turbo-2021,2026-06-20T21:58:30.734567,Jac T60 1.5 Turbo 2021,"9,6 s",195 km/h,1660 mm,,4410 mm,2620 mm,1800 mm,1365 kg,450 litros,108 mm,Disco ventilado,215/50 R17,Disco sólido,Elétrica,,,,,"8,1 kg/cv","63,8 kg/kgfm",,,CVT,,Dianteira,"Independente, McPherson",Mola helicoidal,Eixo de torção,204 mm,,,,,,Injeção multiponto,Turbocompressor,,4 em linha,,"Duplo no cabeçote, corrente",,,,Transversal,Dianteiro,"112,1 cv/litro",168 cv a 5500 rpm,"9,5:1",,,,"14,3 kgfm/litro","21,4 kgfm a 2000 rpm",4,Embreagem monodisco a seco,,,,,,,,50 litros,,,,,,11 m,6,1499 cm³,,,Admissão,560 km,480 km,"11,2 km/l","9,6 km/l",,,,,,,,,,,,,,,,,,,,,"84,8 mm",75 mm
jac,T60,t60,t60-1-5-turbo-2021-gasolina,t60-1-5-turbo-2021-gasolina,https://www.fichacompleta.com.br/carros/jac/t60-1-5-turbo-2021-gasolina,2026-06-20T21:58:34.387090,Jac T60 1.5 Turbo 2021,"9,6 s",195 km/h,1660 mm,,4410 mm,2620 mm,1800 mm,1365 kg,450 litros,108 mm,Disco ventilado,215/50 R17,Disco sólido,Elétrica,11 m,,,,"8,1 kg/cv","63,8 kg/kgfm",168 cv,"21,4 kgfm",CVT,6,Dianteira,"Indep., McPherson",Mola helicoidal,Eixo de torção,204 mm,,,,,Corrente,Injeção multiponto,Turbocompressor,,4 em linha,,Duplo no cabeçote,"84,8 mm",,75 mm,Transversal,Dianteiro,"112,1 cv/litro",,"9,5:1",,,,"14,3 kgfm/litro",,4,Embreagem monodisco a seco,,,,,,,,50 litros,,,,,,,,1499 cm³,5500 rpm,2000 rpm,Admissão,560 km,480 km,"11,2 km/l","9,6 km/l",,,,,,,,,,,,,,,,,,,,,,
jac,T60,t60,t60-1-5-turbo-2022,t60-1-5-turbo-2022,https://www.fichacompleta.com.br/carros/jac/t60-1-5-turbo-2022,2026-06-20T21:58:39.218281,Jac T60 1.5 Turbo 2022,"9,6 s",195 km/h,1660 mm,,4410 mm,2620 mm,1800 mm,1365 kg,450 litros,108 mm,Disco ventilado,215/50 R17,Disco sólido,Elétrica,11 m,,,,"8,1 kg/cv","63,8 kg/kgfm",168 cv,"21,4 kgfm",CVT,6,Dianteira,"Indep., McPherson",Mola helicoidal,Eixo de torção,204 mm,,,,,Corrente,Injeção multiponto,Turbocompressor,,4 em linha,,Duplo no cabeçote,"84,8 mm",,75 mm,Transversal,Dianteiro,"112,1 cv/litro",,"9,5:1",,,,"14,3 kgfm/litro",,4,Embreagem monodisco a seco,,,,,,,,50 litros,,,,,,,,1499 cm³,5500 rpm,2000 rpm,Admissão,560 km,480 km,"11,2 km/l","9,6 km/l",,,,,,,,,,,,,,,,,,,,,,
jac,T60,t60,t60-plus-1-5-turbo-2023,t60-plus-1-5-turbo-2023,https://www.fichacompleta.com.br/carros/jac/t60-plus-1-5-turbo-2023,2026-06-20T21:58:41.767158,Jac T60 Plus 1.5 Turbo 2023,"9,6 s",195 km/h,1660 mm,,4410 mm,2620 mm,1800 mm,1365 kg,450 litros,108 mm,Disco ventilado,215/50 R17,Disco sólido,Elétrica,11 m,,,,"8,1 kg/cv","63,8 kg/kgfm",,,CVT,6,Dianteira,"Indep., McPherson",Mola helicoidal,Eixo de torção,204 mm,,,,,Corrente,Injeção multiponto,Turbocompressor,,4 em linha,,Duplo no cabeçote,"84,8 mm",,75 mm,Transversal,Dianteiro,"112,1 cv/litro",168 cv,"9,5:1",,,,"14,3 kgfm/litro","21,4 kgfm",4,Embreagem monodisco a seco,,,,,,,,50 litros,,,,,,,,1499 cm³,5500 rpm,2000 rpm,Admissão,560 km,480 km,"11,2 km/l","9,6 km/l",,,,,,,,,,,,,,,,,,,,,,
jac,T8,t8,t8-2-0-turbo-2013,t8-2-0-turbo-2013,https://www.fichacompleta.com.br/carros/jac/t8-2-0-turbo-2013,2026-06-20T21:58:58.823881,Jac T8 2.0 Turbo 2013,15 s,175 km/h,1970 mm,,5100 mm,3080 mm,1840 mm,2100 kg,,135 mm,Disco ventilado,,Disco sólido,Hidráulica,Não informado,,,,"12,00 kg/cv","79,2 kg/kgfm",,,Manual,6,Traseira,"Indep., braços sobrepostos",Mola helicoidal,Eixo rígido,,,,,,,Injeção multiponto,Turbocompressor,499 cm³,4 em linha,,Duplo no cabeçote,88 mm,1997 cm³,85 mm,Longitudinal,Dianteiro,"87,6 cv/litro",175 cv,"8,5:1",5400 rpm,2000 rpm,,"13,3 kgfm/litro","26,5 kgfm",4,Embreagem monodisco a seco,,,,,,,,80 litros,,,,,,,,,,,,504 km,424 km,"6,3 km/l","5,3 km/l",,,,,,,,,,,,,600 litros,200 litros,,,,,,,,
jac,T8,t8,t8-2-0-turbo-2014,t8-2-0-turbo-2014,https://www.fichacompleta.com.br/carros/jac/t8-2-0-turbo-2014,2026-06-20T21:59:02.241726,Jac T8 2.0 Turbo 2014,15 s,175 km/h,1970 mm,,5100 mm,3080 mm,1840 mm,2100 kg,,135 mm,Disco ventilado,,Disco sólido,Hidráulica,Não informado,,,,"12,0 kg/cv","79,2 kg/kgfm",,,Manual,6,Traseira,"Indep., braços sobrepostos",Mola helicoidal,Eixo rígido,,,,,,,Injeção multiponto,Turbocompressor,,4 em linha,,Duplo no cabeçote,88 mm,,85 mm,Longitudinal,Dianteiro,"87,6 cv/litro",175 cv,"8,5:1",,,,"13,3 kgfm/litro","26,5 kgfm",4,Embreagem monodisco a seco,,,,,,,,80 litros,,,,,,Não informado,6,1997 cm³,5400 rpm,2000 rpm,,504 km,424 km,"6,3 km/l","5,3 km/l",,,,,,,,,,,,,600 litros,200 litros,600 litros,200 litros,,,,,,
jac,T8,t8,t8-2-0-turbo-2017,t8-2-0-turbo-2017,https://www.fichacompleta.com.br/carros/jac/t8-2-0-turbo-2017,2026-06-20T21:59:04.961029,Jac T8 2.0 Turbo 2017,15 s,175 km/h,1970 mm,,5100 mm,3080 mm,1840 mm,2100 kg,,135 mm,Disco ventilado,,Disco sólido,Hidráulica,Não informado,,,,"12,0 kg/cv","79,2 kg/kgfm",,,Manual,6,Traseira,"Indep., braços sobrepostos",,Eixo rígido,,,,,,,Injeção multiponto,Turbocompressor,,4 em linha,,Duplo no cabeçote,88 mm,,85 mm,Longitudinal,Dianteiro,"87,6 cv/litro",175 cv,"8,5:1",5400 rpm,2000 rpm,,"13,3 kgfm/litro","26,5 kgfm",4,Embreagem monodisco a seco,,,,,,,,80 litros,,,,,,,,1997 cm³,,,,504 km,424 km,"6,3 km/l","5,3 km/l",,,,,,,,,,,,,1310 litros,200 litros,,,,,,,,
jac,T8,t8,t8-2-0-turbo-2018,t8-2-0-turbo-2018,https://www.fichacompleta.com.br/carros/jac/t8-2-0-turbo-2018,2026-06-20T21:59:09.568642,Jac T8 2.0 Turbo 2018,15 s,175 km/h,1970 mm,,5100 mm,3080 mm,1840 mm,2100 kg,,135 mm,Disco ventilado,,Disco sólido,Hidráulica,,,,,"12,0 kg/cv","79,2 kg/kgfm",,,Manual,,Traseira,"Independente, braços sobrepostos",Mola helicoidal,Eixo rígido,,,,,,,Injeção multiponto,Turbocompressor,,4 em linha,,Duplo no cabeçote,88 mm,,85 mm,Longitudinal,Dianteiro,"87,6 cv/litro",175 cv a 5400 rpm,"8,5:1",,,,"13,3 kgfm/litro","26,5 kgfm a 2000 rpm",4,Embreagem monodisco a seco,,,,,,,,80 litros,,,,,,Não informado,6,1997 cm³,,,,504 km,424 km,"6,3 km/l","5,3 km/l",,,,,,,,,,,,,,,600 litros,200 litros,,,,,,
jac,T80,t80,t80-2-0-turbo-2018,t80-2-0-turbo-2018,https://www.fichacompleta.com.br/carros/jac/t80-2-0-turbo-2018,2026-06-20T21:59:28.348690,Jac T80 2.0 Turbo 2018,"9,2 s",217 km/h,1760 mm,540 kg,4790 mm,2750 mm,1900 mm,1775 kg,,141 mm,Disco ventilado,235/60 R18,Disco sólido,Elétrica,12 m,,,,"8,45 kg/cv","58,0 kg/kgfm",,,Automatizado,6,Dianteira,"Indep., McPherson",Mola helicoidal,"Indep., multibraço",220 mm,,21 graus,19 graus,,Corrente,Injeção multiponto,Turbocompressor,499 cm³,4 em linha,HFC4GA3.4D,Duplo no cabeçote,88 mm,1997 cm³,85 mm,Transversal,Dianteiro,"105,2 cv/litro",210 cv,"8,5:1",5000 rpm,1800 rpm,,"15,3 kgfm/litro","30,6 kgfm",4,Embreagem dupla a seco,,,,,,,,64 litros,,,,,,,,,,,Admissão,666 km,506 km,"10,4 km/l","7,9 km/l",,,,,"2,84 m²","0,984 m²","0,3464",,,,,,500 litros,150 litros,,,,,,,,
jac,T80,t80,t80-2-0-turbo-2019,t80-2-0-turbo-2019,https://www.fichacompleta.com.br/carros/jac/t80-2-0-turbo-2019,2026-06-20T21:59:31.368117,Jac T80 2.0 Turbo 2019,"9,2 s",217 km/h,1760 mm,540 kg,4790 mm,2750 mm,1900 mm,1775 kg,,141 mm,Disco ventilado,,Disco sólido,Elétrica,,,,,"8,5 kg/cv","58,0 kg/kgfm",,,Automatizado,,Dianteira,"Independente, McPherson",Mola helicoidal,"Independente, multibraço",220 mm,,21 graus,19 graus,,,Injeção multiponto,Turbocompressor,,4 em linha,HFC4GA3.4D,"Duplo no cabeçote, corrente",88 mm,,85 mm,Transversal,Dianteiro,"105,2 cv/litro",210 cv a 5000 rpm,"8,5:1",,,,"15,3 kgfm/litro","30,6 kgfm a 1800 rpm",4,Embreagem dupla a seco,,,,,,,,64 litros,,,,,,12 m,6,1997 cm³,,,Admissão,640 km,384 km,10 km/l,6 km/l,,,,,"2,84 m²","0,984 m²",,"0,3464",,,,,,,500 litros,150 litros,,,,,,
jac,T80,t80,t80-2-0-turbo-2020,t80-2-0-turbo-2020,https://www.fichacompleta.com.br/carros/jac/t80-2-0-turbo-2020,2026-06-20T21:59:35.254678,Jac T80 2.0 Turbo 2020,"9,2 s",217 km/h,1760 mm,540 kg,4790 mm,2750 mm,1900 mm,1775 kg,,141 mm,Disco ventilado,235/60 R18,Disco sólido,Elétrica,12 m,,,,"8,5 kg/cv","58,0 kg/kgfm",,,Automatizado,6,Dianteira,"Indep., McPherson",Mola helicoidal,"Indep., multibraço",220 mm,,21 graus,19 graus,,Corrente,Injeção multiponto,Turbocompressor,,4 em linha,HFC4GA3.4D,Duplo no cabeçote,88 mm,,85 mm,Transversal,Dianteiro,"105,2 cv/litro",210 cv,"8,5:1",5000 rpm,1800 rpm,,"15,3 kgfm/litro","30,6 kgfm",4,Embreagem dupla a seco,,,,,,,,64 litros,,,,,,,,1997 cm³,,,Admissão,666 km,506 km,"10,4 km/l","7,9 km/l",,,,,"2,84 m²","0,984 m²","0,3464",,,,,,500 litros,150 litros,,,,,,,,
jac,V260,v260,v260-1-9-2018,v260-1-9-2018,https://www.fichacompleta.com.br/carros/jac/v260-1-9-2018,2026-06-20T21:59:52.594500,Jac V260 1.9 2018,"35,9 s",130 km/h,1953 mm,1510 kg,4845 mm,2470 mm,1750 mm,1690 kg,1510 litros,137 mm,Disco ventilado,,Tambor,Hidráulica,,,,,"16,4 kg/cv","63,8 kg/kgfm",,,Manual,,Traseira,"Independente, braços sobrepostos",Feixe de molas semielípticas,Eixo rígido,,,,,,,Injeção direta,Turbocompressor,,4 em linha,,Duplo no cabeçote,,,,Longitudinal,Dianteiro,"53,9 cv/litro",103 cv a 3600 rpm,,,,,"13,9 kgfm/litro","26,5 kgfm a 1800 rpm",4,Embreagem monodisco a seco,,,1485 mm,1420 mm,,,,65 litros,,553 km,579 km,"8,5 km/l","8,9 km/l",Não informado,6,1910 cm³,,,,,,,,,,,,,,,,,,,,,,,,,,,,,
jac,V260,v260,v260-1-9-2018-diesel,v260-1-9-2018-diesel,https://www.fichacompleta.com.br/carros/jac/v260-1-9-2018-diesel,2026-06-20T21:59:56.803848,Jac V260 1.9 2018,"35,9 s",130 km/h,1953 mm,1510 kg,4845 mm,2470 mm,1750 mm,1690 kg,1510 litros,137 mm,Disco ventilado,,Tambor,Hidráulica,Não informado,,,,"16,41 kg/cv","63,8 kg/kgfm",,,Manual,6,Traseira,"Indep., braços sobrepostos",Feixe de molas semielípticas,Eixo rígido,,,,,,,Injeção direta,Turbocompressor,,4 em linha,,Duplo no cabeçote,,1910 cm³,,Longitudinal,Dianteiro,"53,9 cv/litro",103 cv,,3600 rpm,1800 rpm,,"13,9 kgfm/litro","26,5 kgfm",4,Embreagem monodisco a seco,,,1485 mm,1420 mm,,,,65 litros,,553 km,579 km,"8,5 km/l","8,9 km/l",,,,,,,,,,,,,,,,,,,,,,,,,,,,,,,,
jac,V260,v260,v260-1-9-2019,v260-1-9-2019,https://www.fichacompleta.com.br/carros/jac/v260-1-9-2019,2026-06-20T22:00:01.586613,Jac V260 1.9 2019,"35,9 s",130 km/h,1953 mm,1510 kg,4845 mm,2470 mm,1750 mm,1690 kg,1510 litros,137 mm,Disco ventilado,,Tambor,Hidráulica,,,,,"16,4 kg/cv","63,8 kg/kgfm",,,Manual,,Traseira,"Independente, braços sobrepostos",Feixe de molas semielípticas,Eixo rígido,,,,,,,Injeção direta,Turbocompressor,,4 em linha,,Duplo no cabeçote,,,,Longitudinal,Dianteiro,"53,9 cv/litro",103 cv a 3600 rpm,,,,,"13,9 kgfm/litro","26,5 kgfm a 1800 rpm",4,Embreagem monodisco a seco,,,1485 mm,1420 mm,,,,65 litros,,813 km,605 km,"12,5 km/l","9,3 km/l",Não informado,6,1910 cm³,,,,,,,,,,,,,,,,,,,,,,,,,,,,,
jac,V260,v260,v260-1-9-2020,v260-1-9-2020,https://www.fichacompleta.com.br/carros/jac/v260-1-9-2020,2026-06-20T22:00:05.245133,Jac V260 1.9 2020,"35,9 s",130 km/h,1953 mm,1510 kg,4845 mm,2470 mm,1750 mm,1690 kg,1510 litros,137 mm,Disco ventilado,,Tambor,Hidráulica,Não informado,,,,"16,4 kg/cv","63,8 kg/kgfm",,,Manual,6,Traseira,"Indep., braços sobrepostos",Feixe de molas semielípticas,Eixo rígido,,,,,,,Injeção direta,Turbocompressor,,4 em linha,,Duplo no cabeçote,,,,Longitudinal,Dianteiro,"53,9 cv/litro",103 cv,,3600 rpm,1800 rpm,,"13,9 kgfm/litro","26,5 kgfm",4,Embreagem monodisco a seco,,,1485 mm,1420 mm,,,,65 litros,,553 km,579 km,"8,5 km/l","8,9 km/l",,,1910 cm³,,,,,,,,,,,,,,,,,,,,,,,,,,,,,
jac,V260,v260,v260-1-9-2021,v260-1-9-2021,https://www.fichacompleta.com.br/carros/jac/v260-1-9-2021,2026-06-20T22:00:07.683187,Jac V260 1.9 2021,"35,9 s",130 km/h,1953 mm,1510 kg,4845 mm,2470 mm,1750 mm,1690 kg,1510 litros,137 mm,Disco ventilado,,Tambor,Hidráulica,Não informado,,,,"16,4 kg/cv","63,8 kg/kgfm",,,Manual,6,Traseira,"Indep., braços sobrepostos",Feixe de molas semielípticas,Eixo rígido,,,,,,,Injeção direta,Turbocompressor,,4 em linha,,Duplo no cabeçote,,,,Longitudinal,Dianteiro,"53,9 cv/litro",103 cv,,3600 rpm,1800 rpm,,"13,9 kgfm/litro","26,5 kgfm",4,Embreagem monodisco a seco,,,1485 mm,1420 mm,,,,65 litros,,553 km,579 km,"8,5 km/l","8,9 km/l",,,1910 cm³,,,,,,,,,,,,,,,,,,,,,,,,,,,,,
jac,V260,v260,v260-1-9-2022,v260-1-9-2022,https://www.fichacompleta.com.br/carros/jac/v260-1-9-2022,2026-06-20T22:00:12.083250,Jac V260 1.9 2022,"35,9 s",130 km/h,1953 mm,1510 kg,4845 mm,2470 mm,1750 mm,1690 kg,1510 litros,137 mm,Disco ventilado,,Tambor,Hidráulica,Não informado,,,,"16,4 kg/cv","63,8 kg/kgfm",103 cv,"26,5 kgfm",Manual,6,Traseira,"Indep., braços sobrepostos",Feixe de molas semielípticas,Eixo rígido,,,,,,,Injeção direta,Turbocompressor,,4 em linha,,Duplo no cabeçote,,,,Longitudinal,Dianteiro,"53,9 cv/litro",,,,,,"13,9 kgfm/litro",,4,Embreagem monodisco a seco,,,1485 mm,1420 mm,,,,65 litros,,553 km,579 km,"8,5 km/l","8,9 km/l",,,1910 cm³,3600 rpm,1800 rpm,,,,,,,,,,,,,,,,,,,,,,,,,,,
