marca,modelo,modelo_slug,versao,versao_slug,url,coletado_em,titulo_pagina,geral__aceleracao_0100_kmh,geral__velocidade_maxima,geral__altura,geral__altura_minima_do_solo,geral__angulo_de_entrada,geral__angulo_de_saida,geral__bitola_dianteira,geral__bitola_traseira,geral__comprimento,geral__distancia_entreeixos,geral__largura,geral__peso,geral__portamalas,geral__rampa_maxima,geral__altura_do_flanco,geral__dianteiros,geral__traseiros,geral__assistencia,geral__diametro_de_giro,geral__autonomia,geral__capacidade_da_bateria,geral__pesopotencia,geral__pesotorque,geral__potencia,geral__torque,geral__cambio,geral__codigo_do_cambio,geral__marchas,geral__tracao,geral__dianteira,geral__elemento_elastico,geral__traseira,geral__potencia_de_recarga,geral__carga_util,geral__estepe,geral__area_frontal_a,geral__area_frontal_corrigida,geral__coef_de_arrasto_cx,geral__consumo_eletrico,geral__frenagem_1000_kmh,geral__potencia_combinada,geral__torque_combinado,geral__acionam_do_comando,geral__alimentacao,geral__aspiracao,geral__cilindros,geral__codigo_do_motor,geral__comando_de_valvulas,geral__deslocamento,geral__disposicao,geral__instalacao,geral__potencia_especifica,geral__potencia_maxima,geral__razao_de_compressao,geral__regime_potencia_max,geral__regime_torque_max,geral__torque_especifico,geral__torque_maximo,geral__valvulas_por_cilindro,geral__variacao_do_comando,geral__viscosidade_do_oleo,geral__acoplamento,geral__tanque_de_combustivel,geral__autonomia_eletrica,geral__rodoviaria,geral__urbana,geral__rodoviario,geral__urbano,geral__tuchos,geral__pesopotencia_sistema,geral__pesotorque_sistema,geral__veloc_max_modo_elet,geral__cacamba,geral__reboque_com_freio,geral__reboque_sem_freio,geral__portamalas_5_lugares,geral__portamalas_7_lugares
byd,D1,d1,d1-ev-2023,d1-ev-2023,https://www.fichacompleta.com.br/carros/byd/d1-ev-2023,2026-06-14T14:02:21.510374,Byd D1 EV 2023,14 s,130 km/h,1650 mm,125 mm,15 graus,18 graus,1590 mm,1590 mm,4390 mm,2800 mm,1850 mm,1640 kg,400 litros,"16,7 graus",117 mm,Disco ventilado,Disco sólido,Elétrica,"11,2 m",371 km,53 kWh,"12,06 kg/cv","89,62 kg/kgfm",136 cv (dianteiro),"18,3 kgfm (dianteiro)",Automático,BYDNT18,1,Dianteira,"Indep., McPherson",Mola helicoidal,Eixo de torção,,,,,,,,,,,,,,,,,,,,,,,,,,,,,,,,,,,,,,,,,,,,,
byd,D1,d1,d1-ev-2023-eletricidade,d1-ev-2023-eletricidade,https://www.fichacompleta.com.br/carros/byd/d1-ev-2023-eletricidade,2026-06-14T14:02:25.487013,Byd D1 EV 2023,14 s,130 km/h,1650 mm,125 mm,15 graus,18 graus,1590 mm,1590 mm,4390 mm,2800 mm,1850 mm,1640 kg,400 litros,"16,7 graus",117 mm,Disco ventilado,Disco sólido,Elétrica,"11,2 m",258 km,53 kWh,"12,06 kg/cv","89,62 kg/kgfm",136 cv (dianteiro),"18,3 kgfm (dianteiro)",Automático,BYDNT18,1,Dianteira,"Indep., McPherson",Mola helicoidal,Eixo de torção,60 kW (DC),,,,,,,,,,,,,,,,,,,,,,,,,,,,,,,,,,,,,,,,,,,,
byd,Dolphin,dolphin,dolphin-diamond-2024,dolphin-diamond-2024,https://www.fichacompleta.com.br/carros/byd/dolphin-diamond-2024,2026-06-14T14:02:55.440566,Byd Dolphin Diamond 2024,"10,9 s",150 km/h,1570 mm,120 mm,17 graus,23 graus,1530 mm,1530 mm,4125 mm,2700 mm,1770 mm,1405 kg,250 litros,,117 mm,Disco ventilado,Disco sólido,Elétrica,"10,5 m",291 km,"44,9 kWh","14,79 kg/cv","76,78 kg/kgfm",95 cv (dianteiro),"18,3 kgfm (dianteiro)",Automático,,1,Dianteira,"Indep., McPherson",Mola helicoidal,Eixo de torção,,410 kg,125/90 R16,"2,36 m²","0,708 m²","0,3",,,,,,,,,,,,,,,,,,,,,,,,,,,,,,,,,,,,,,,
byd,Dolphin,dolphin,dolphin-ev-2024,dolphin-ev-2024,https://www.fichacompleta.com.br/carros/byd/dolphin-ev-2024,2026-06-14T14:03:19.505753,Byd Dolphin EV 2024,"10,9 s",150 km/h,1570 mm,120 mm,17 graus,23 graus,1530 mm,1530 mm,4125 mm,2700 mm,1770 mm,1405 kg,250 litros,,117 mm,Disco ventilado,Disco sólido,Elétrica,"10,5 m",291 km,"44,9 kWh","14,79 kg/cv","76,78 kg/kgfm",95 cv (dianteiro),"18,3 kgfm (dianteiro)",Automático,,1,Dianteira,"Indep., McPherson",Mola helicoidal,Eixo de torção,,410 kg,125/90 R16,"2,36 m²","0,708 m²","0,3",,,,,,,,,,,,,,,,,,,,,,,,,,,,,,,,,,,,,,,
byd,Dolphin,dolphin,dolphin-plus-2024,dolphin-plus-2024,https://www.fichacompleta.com.br/carros/byd/dolphin-plus-2024,2026-06-14T14:03:21.846791,Byd Dolphin Plus 2024,7 s,160 km/h,1570 mm,120 mm,17 graus,23 graus,1530 mm,1530 mm,4290 mm,2700 mm,1770 mm,1658 kg,250 litros,,103 mm,Disco ventilado,Disco sólido,Elétrica,"10,5 m",309 km,"60,5 kWh","8,13 kg/cv","52,47 kg/kgfm",204 cv (dianteiro),"31,6 kgfm (dianteiro)",Automático,,1,Dianteira,"Indep., McPherson",Mola helicoidal,Eixo de torção,,410 kg,125/90 R16,"2,36 m²","0,708 m²","0,3",,,,,,,,,,,,,,,,,,,,,,,,,,,,,,,,,,,,,,,
byd,Dolphin,dolphin,dolphin-ev-2025,dolphin-ev-2025,https://www.fichacompleta.com.br/carros/byd/dolphin-ev-2025,2026-06-14T14:03:25.621393,Byd Dolphin EV 2025,"10,9 s",160 km/h,1570 mm,120 mm,17 graus,23 graus,1530 mm,1530 mm,4125 mm,2700 mm,1770 mm,1405 kg,250 litros,,117 mm,Disco ventilado,Disco sólido,Elétrica,"10,5 m",291 km,"44,9 kWh","14,79 kg/cv","76,78 kg/kgfm",95 cv (dianteiro),"18,3 kgfm (dianteiro)",Automático,,1,Dianteira,"Indep., McPherson",Mola helicoidal,Eixo de torção,60 kW (DC),375 kg,125/90 R16,"2,36 m²","0,708 m²","0,3",,,,,,,,,,,,,,,,,,,,,,,,,,,,,,,,,,,,,,,
byd,Dolphin,dolphin,dolphin-plus-2025,dolphin-plus-2025,https://www.fichacompleta.com.br/carros/byd/dolphin-plus-2025,2026-06-14T14:03:28.615721,Byd Dolphin Plus 2025,7 s,160 km/h,1570 mm,120 mm,17 graus,23 graus,1530 mm,1530 mm,4290 mm,2700 mm,1770 mm,1658 kg,345 litros,,103 mm,Disco ventilado,Disco sólido,Elétrica,"10,5 m",330 km,"60,5 kWh","8,13 kg/cv","52,47 kg/kgfm",204 cv (dianteiro),"31,6 kgfm (dianteiro)",Automático,,1,Dianteira,"Indep., McPherson",Mola helicoidal,"Indep., multibraço",80 kW (DC),375 kg,Kit de reparo,"2,36 m²","0,708 m²","0,3",,,,,,,,,,,,,,,,,,,,,,,,,,,,,,,,,,,,,,,
byd,Dolphin,dolphin,dolphin-gs-2026,dolphin-gs-2026,https://www.fichacompleta.com.br/carros/byd/dolphin-gs-2026,2026-06-14T14:03:30.998742,Byd Dolphin GS 2026,"10,9 s",160 km/h,1570 mm,120 mm,17 graus,23 graus,1530 mm,1530 mm,4125 mm,2700 mm,1770 mm,1405 kg,250 litros,,117 mm,Disco ventilado,Disco sólido,Elétrica,"10,5 m",291 km,"44,9 kWh","14,79 kg/cv","76,78 kg/kgfm",95 cv (dianteiro),"18,3 kgfm (dianteiro)",Automático,,1,Dianteira,"Indep., McPherson",Mola helicoidal,Eixo de torção,60 kW (DC),375 kg,125/90 R16,"2,36 m²","0,708 m²","0,3",,,,,,,,,,,,,,,,,,,,,,,,,,,,,,,,,,,,,,,
byd,Dolphin,dolphin,dolphin-plus-2026,dolphin-plus-2026,https://www.fichacompleta.com.br/carros/byd/dolphin-plus-2026,2026-06-14T14:03:34.125563,Byd Dolphin Plus 2026,7 s,160 km/h,1570 mm,120 mm,17 graus,23 graus,1530 mm,1530 mm,4290 mm,2700 mm,1770 mm,1658 kg,345 litros,,103 mm,Disco ventilado,Disco sólido,Elétrica,"10,5 m",330 km,"60,5 kWh","8,13 kg/cv","52,47 kg/kgfm",204 cv (dianteiro),"31,6 kgfm (dianteiro)",Automático,,1,Dianteira,"Indep., McPherson",Mola helicoidal,"Indep., multibraço",80 kW (DC),375 kg,Kit de reparo,"2,36 m²","0,708 m²","0,3",,,,,,,,,,,,,,,,,,,,,,,,,,,,,,,,,,,,,,,
byd,Dolphin Mini,dolphin-mini,dolphin-mini-ev-2024,dolphin-mini-ev-2024,https://www.fichacompleta.com.br/carros/byd/dolphin-mini-ev-2024,2026-06-14T14:03:44.477680,Byd Dolphin Mini EV 2024,"14,9 s",130 km/h,1580 mm,110 mm,,,1500 mm,1500 mm,3780 mm,2500 mm,1715 mm,1239 kg,230 litros,,96 mm,Disco ventilado,Disco sólido,Elétrica,"9,9 m",280 km,38 kWh,"16,52 kg/cv","89,78 kg/kgfm",75 cv (dianteiro),"13,8 kgfm (dianteiro)",Automático,,1,Dianteira,"Indep., McPherson",Mola helicoidal,Eixo de torção,40 kW (DC),329 kg,Kit de reparo,,,,"9,6 kWh/100 km",39 m,,,,,,,,,,,,,,,,,,,,,,,,,,,,,,,,,,,,,
byd,Dolphin Mini,dolphin-mini,dolphin-mini-ev-2025,dolphin-mini-ev-2025,https://www.fichacompleta.com.br/carros/byd/dolphin-mini-ev-2025,2026-06-14T14:03:48.329950,Byd Dolphin Mini EV 2025,"14,9 s",130 km/h,1580 mm,110 mm,,,1500 mm,1500 mm,3780 mm,2500 mm,1715 mm,1239 kg,230 litros,,96 mm,Disco ventilado,Disco sólido,Elétrica,"9,9 m",280 km,38 kWh,"16,52 kg/cv","89,78 kg/kgfm",75 cv (dianteiro),"13,8 kgfm (dianteiro)",Automático,,1,Dianteira,"Indep., McPherson",Mola helicoidal,Eixo de torção,40 kW (DC),329 kg,Kit de reparo,,,,"9,6 kWh/100 km",39 m,,,,,,,,,,,,,,,,,,,,,,,,,,,,,,,,,,,,,
byd,Dolphin Mini,dolphin-mini,dolphin-mini-gs-2025,dolphin-mini-gs-2025,https://www.fichacompleta.com.br/carros/byd/dolphin-mini-gs-2025,2026-06-14T14:03:50.623723,Byd Dolphin Mini GS 2025,"14,9 s",130 km/h,1580 mm,110 mm,,,1500 mm,1500 mm,3780 mm,2500 mm,1715 mm,1239 kg,230 litros,,96 mm,Disco ventilado,Disco sólido,Elétrica,"9,9 m",280 km,38 kWh,"16,52 kg/cv","89,78 kg/kgfm",75 cv (dianteiro),"13,8 kgfm (dianteiro)",Automático,,1,Dianteira,"Indep., McPherson",Mola helicoidal,Eixo de torção,40 kW (DC),329 kg,Kit de reparo,,,,"9,6 kWh/100 km",39 m,,,,,,,,,,,,,,,,,,,,,,,,,,,,,,,,,,,,,
byd,Dolphin Mini,dolphin-mini,dolphin-mini-gl-2026,dolphin-mini-gl-2026,https://www.fichacompleta.com.br/carros/byd/dolphin-mini-gl-2026,2026-06-14T14:03:52.770826,Byd Dolphin Mini GL 2026,"14,9 s",130 km/h,1580 mm,110 mm,,,1500 mm,1500 mm,3780 mm,2500 mm,1715 mm,1239 kg,230 litros,,96 mm,Disco ventilado,Disco sólido,Elétrica,"9,9 m",224 km,30 kWh,"16,52 kg/cv","89,78 kg/kgfm",75 cv (dianteiro),"13,8 kgfm (dianteiro)",Automático,,1,Dianteira,"Indep., McPherson",Mola helicoidal,Eixo de torção,30 kW (DC),329 kg,Kit de reparo,,,,"9,6 kWh/100 km",39 m,,,,,,,,,,,,,,,,,,,,,,,,,,,,,,,,,,,,,
byd,Dolphin Mini,dolphin-mini,dolphin-mini-gs-2026,dolphin-mini-gs-2026,https://www.fichacompleta.com.br/carros/byd/dolphin-mini-gs-2026,2026-06-14T14:03:56.459870,Byd Dolphin Mini GS 2026,"14,9 s",130 km/h,1580 mm,110 mm,,,1500 mm,1500 mm,3780 mm,2500 mm,1715 mm,1239 kg,230 litros,,96 mm,Disco ventilado,Disco sólido,Elétrica,"9,9 m",280 km,38 kWh,"16,52 kg/cv","89,78 kg/kgfm",75 cv (dianteiro),"13,8 kgfm (dianteiro)",Automático,,1,Dianteira,"Indep., McPherson",Mola helicoidal,Eixo de torção,40 kW (DC),329 kg,Kit de reparo,,,,"9,6 kWh/100 km",39 m,,,,,,,,,,,,,,,,,,,,,,,,,,,,,,,,,,,,,
byd,Et3,et3,et3-bev-2022,et3-bev-2022,https://www.fichacompleta.com.br/carros/byd/et3-bev-2022,2026-06-14T14:04:04.987835,Byd Et3 BEV 2022,"18,9 s",100 km/h,1875 mm,120 mm,21 graus,22 graus,1490 mm,1533 mm,4460 mm,2725 mm,1720 mm,1612 kg,3300 litros,"11,3 graus",117 mm,Disco ventilado,Disco sólido,Elétrica,"11,4 m",300 km,"44,9 kWh","14,79 kg/cv","88,09 kg/kgfm",109 cv (dianteiro),"18,3 kgfm (dianteiro)",Automático,,1,Dianteira,"Indep., McPherson",Feixe de molas semielípticas,Eixo rígido,,808 kg,,,,,,,,,,,,,,,,,,,,,,,,,,,,,,,,,,,,,,,,,,,
byd,Et3,et3,et3-bev-2023,et3-bev-2023,https://www.fichacompleta.com.br/carros/byd/et3-bev-2023,2026-06-14T14:04:08.445400,Byd Et3 BEV 2023,"18,9 s",100 km/h,1875 mm,120 mm,21 graus,22 graus,1490 mm,1533 mm,4460 mm,2725 mm,1720 mm,1612 kg,3300 litros,"11,3 graus",117 mm,Disco ventilado,Disco sólido,Elétrica,"11,4 m",170 km,"44,9 kWh","14,79 kg/cv","88,09 kg/kgfm",109 cv (dianteiro),"18,3 kgfm (dianteiro)",Automático,,1,Dianteira,"Indep., McPherson",Feixe de molas semielípticas,Eixo rígido,30 kW (DC),808 kg,,,,,,,,,,,,,,,,,,,,,,,,,,,,,,,,,,,,,,,,,,,
byd,Han,han,han-ev-2022,han-ev-2022,https://www.fichacompleta.com.br/carros/byd/han-ev-2022,2026-06-14T14:04:15.493534,Byd Han EV 2022,"3,9 s",186 km/h,1495 mm,125 mm,,,1640 mm,1640 mm,4980 mm,2920 mm,1910 mm,2170 kg,410 litros,,110 mm,Disco ventilado,Disco ventilado,Elétrica,"12,3 m",500 km,"76,9 kWh","4,39 kg/cv","31,31 kg/kgfm",272 cv (traseiro),"35,7 kgfm (traseiro)",Automático,,1,Integral sob demanda,"Indep., McPherson",Mola helicoidal,"Indep., multibraço",,,Kit de reparo e enchimento,"2,43 m²","0,566 m²","0,233",,"32,8 m",494 cv,"69,3 kgfm",,,,,,,,,,,,,,,,,,,,,,,,,,,,,,,,,,,
byd,Han,han,han-ev-2023,han-ev-2023,https://www.fichacompleta.com.br/carros/byd/han-ev-2023,2026-06-14T14:04:17.447445,Byd Han EV 2023,"3,9 s",186 km/h,1495 mm,125 mm,,,1640 mm,1640 mm,4995 mm,2920 mm,1910 mm,2250 kg,410 litros,,110 mm,Disco ventilado,Disco ventilado,Elétrica,"12,3 m",349 km,"85,4 kWh","4,35 kg/cv","31,51 kg/kgfm",272 cv (traseiro),"35,7 kgfm (traseiro)",Automático,,1,Integral sob demanda,"Indep., McPherson",Mola helicoidal,"Indep., multibraço",,410 kg,Kit de reparo e enchimento,"2,43 m²","0,566 m²","0,233",,"32,8 m",517 cv,"71,4 kgfm",,,,,,,,,,,,,,,,,,,,,,,,,,,,,,,,,,,
byd,Han,han,han-ev-2024,han-ev-2024,https://www.fichacompleta.com.br/carros/byd/han-ev-2024,2026-06-14T14:04:20.375221,Byd Han EV 2024,"3,9 s",186 km/h,1495 mm,125 mm,,,1640 mm,1640 mm,4995 mm,2920 mm,1910 mm,2250 kg,410 litros,,110 mm,Disco ventilado,Disco ventilado,Elétrica,"12,3 m",349 km,"85,4 kWh","4,35 kg/cv","31,51 kg/kgfm",272 cv (traseiro),"35,7 kgfm (traseiro)",Automático,,1,Integral sob demanda,"Indep., McPherson",Mola helicoidal,"Indep., multibraço",120 kW (DC),410 kg,Kit de reparo,"2,43 m²","0,566 m²","0,233",,"32,8 m",517 cv,"71,4 kgfm",,,,,,,,,,,,,,,,,,,,,,,,,,,,,,,,,,,
byd,Han,han,han-ev-2025,han-ev-2025,https://www.fichacompleta.com.br/carros/byd/han-ev-2025,2026-06-14T14:04:22.430419,Byd Han EV 2025,"3,9 s",186 km/h,1495 mm,125 mm,,,1640 mm,1640 mm,4995 mm,2920 mm,1910 mm,2250 kg,410 litros,,110 mm,Disco ventilado,Disco ventilado,Elétrica,"12,3 m",349 km,"85,4 kWh","4,35 kg/cv","31,51 kg/kgfm",272 cv (traseiro),"35,7 kgfm (traseiro)",Automático,,1,Integral sob demanda,"Indep., McPherson",Mola helicoidal,"Indep., multibraço",120 kW (DC),410 kg,Kit de reparo,"2,43 m²","0,566 m²","0,233",,"32,8 m",517 cv,"71,4 kgfm",,,,,,,,,,,,,,,,,,,,,,,,,,,,,,,,,,,
byd,King,king,king-gl-1-5-2025,king-gl-1-5-2025,https://www.fichacompleta.com.br/carros/byd/king-gl-1-5-2025,2026-06-14T14:04:31.021148,Byd King GL 1.5 2025,"7,9 s",185 km/h,1495 mm,120 mm,,,1580 mm,1590 mm,4780 mm,2718 mm,1837 mm,1500 kg,450 litros,,118 mm,Disco ventilado,Disco sólido,Elétrica,"10,2 m",,"8,3 kWh","13,64 kg/cv","108,7 kg/kgfm",179 cv (dianteiro),"32,2 kgfm (dianteiro)",Automático,,1,Dianteira,"Indep., McPherson",Mola helicoidal,Eixo de torção,"3,3 kW (AC)",,Kit de reparo,,,,,,209 cv,"32,2 kgfm",Corrente,Injeção multiponto,Natural,4 em linha,BYD472QA,Duplo no cabeçote,1498 cm³,Transversal,Dianteiro,"73,4 cv/litro",110 cv,"15,5:1",6000 rpm,4500 rpm,"9,2 kgfm/litro","13,8 kgfm",4,Admissão,0W-20 ³,Engrenagem epicicloidal,48 litros,38 km,720 km,806 km,15 km/l,"16,8 km/l",,,,,,,,,
byd,King,king,king-gs-1-5-2025,king-gs-1-5-2025,https://www.fichacompleta.com.br/carros/byd/king-gs-1-5-2025,2026-06-14T14:04:33.949753,Byd King GS 1.5 2025,"7,3 s",185 km/h,1495 mm,120 mm,,,1580 mm,1590 mm,4780 mm,2718 mm,1837 mm,1500 kg,450 litros,,118 mm,Disco ventilado,Disco sólido,Elétrica,"10,2 m",,"18,3 kWh","13,64 kg/cv","108,7 kg/kgfm",197 cv (dianteiro),"33,1 kgfm (dianteiro)",Automático,,1,Dianteira,"Indep., McPherson",Mola helicoidal,Eixo de torção,"6,6 kW (AC)",,Kit de reparo,,,,,,235 cv,"33,1 kgfm",Corrente,Injeção multiponto,Natural,4 em linha,BYD472QA,Duplo no cabeçote,1498 cm³,Transversal,Dianteiro,"73,4 cv/litro",110 cv,"15,5:1",6000 rpm,4500 rpm,"9,2 kgfm/litro","13,8 kgfm",4,Admissão,0W-20 ³,Engrenagem epicicloidal,48 litros,80 km,720 km,806 km,15 km/l,"16,8 km/l",,,,,,,,,
byd,King,king,king-gl-1-5-2026,king-gl-1-5-2026,https://www.fichacompleta.com.br/carros/byd/king-gl-1-5-2026,2026-06-14T14:04:36.468914,Byd King GL 1.5 2026,"7,9 s",185 km/h,1495 mm,120 mm,13 graus,14 graus,1580 mm,1590 mm,4780 mm,2718 mm,1837 mm,1515 kg,450 litros,,118 mm,Disco ventilado,Disco sólido,Elétrica,"10,2 m",,"8,3 kWh","13,77 kg/cv","109,8 kg/kgfm",179 cv (dianteiro),"32,2 kgfm (dianteiro)",Automático,,1,Dianteira,"Indep., McPherson",Mola helicoidal,Eixo de torção,"3,3 kW (AC)",375 kg,Kit de reparo,,,,,,209 cv,"32,2 kgfm",Corrente,Injeção multiponto,Natural,4 em linha,BYD472QA,Duplo no cabeçote,1498 cm³,Transversal,Dianteiro,"73,4 cv/litro",110 cv,"15,5:1",6000 rpm,4500 rpm,"9,2 kgfm/litro","13,8 kgfm",4,Admissão,0W-20 ³,Embreagem multidisco,48 litros,32 km,653 km,821 km,"13,6 km/l","17,1 km/l",Hidráulicos,"7,25 kg/cv","47,05 kg/kgfm",140 km/h,,,,,
byd,King,king,king-gs-1-5-2026,king-gs-1-5-2026,https://www.fichacompleta.com.br/carros/byd/king-gs-1-5-2026,2026-06-14T14:04:39.439768,Byd King GS 1.5 2026,"7,3 s",185 km/h,1495 mm,120 mm,13 graus,14 graus,1580 mm,1590 mm,4780 mm,2718 mm,1837 mm,1620 kg,450 litros,,118 mm,Disco ventilado,Disco sólido,Elétrica,"10,2 m",,"18,3 kWh","14,73 kg/cv","117,4 kg/kgfm",197 cv (dianteiro),"33,1 kgfm (dianteiro)",Automático,,1,Dianteira,"Indep., McPherson",Mola helicoidal,Eixo de torção,"6,6 kW (AC)",375 kg,Kit de reparo,,,,,,235 cv,"33,1 kgfm",Corrente,Injeção multiponto,Natural,4 em linha,BYD472QA,Duplo no cabeçote,1498 cm³,Transversal,Dianteiro,"73,4 cv/litro",110 cv,"15,5:1",6000 rpm,4500 rpm,"9,2 kgfm/litro","13,8 kgfm",4,Admissão,0W-20 ³,Embreagem multidisco,48 litros,78 km,619 km,787 km,"12,9 km/l","16,4 km/l",Hidráulicos,"6,89 kg/cv","48,94 kg/kgfm",140 km/h,,,,,
byd,Seal,seal,seal-ev-2024,seal-ev-2024,https://www.fichacompleta.com.br/carros/byd/seal-ev-2024,2026-06-14T14:04:50.967413,Byd Seal EV 2024,"3,8 s",180 km/h,1460 mm,120 mm,13 graus,14 graus,1620 mm,1625 mm,4800 mm,2920 mm,1875 mm,2185 kg,400 litros,,106 mm,Disco ventilado,Disco ventilado,Elétrica,"11,4 m",372 km,"82,5 kWh","4,12 kg/cv","36,30 kg/kgfm",313 cv (traseiro),"36,7 kgfm (traseiro)",Automático,,1,Integral sob demanda,"Indep., braços sobrepostos",Mola helicoidal,"Indep., multibraço",,446 kg,Kit de reparo e enchimento,"2,33 m²","0,510 m²","0,219",,,530 cv,"60,2 kgfm",,,,,,,,,,,,,,,,,,,,,,,,,,,,,,,,,,,
byd,Seal,seal,seal-ev-2025,seal-ev-2025,https://www.fichacompleta.com.br/carros/byd/seal-ev-2025,2026-06-14T14:04:53.395457,Byd Seal EV 2025,"3,8 s",180 km/h,1460 mm,120 mm,13 graus,14 graus,1620 mm,1625 mm,4800 mm,2920 mm,1875 mm,2185 kg,400 litros,,106 mm,Disco ventilado,Disco ventilado,Elétrica,"11,4 m",372 km,"82,5 kWh","4,12 kg/cv","36,30 kg/kgfm",313 cv (traseiro),"36,7 kgfm (traseiro)",Automático,,1,Integral sob demanda,"Indep., braços sobrepostos",Mola helicoidal,"Indep., multibraço",150 kW (DC),446 kg,Kit de reparo,"2,33 m²","0,510 m²","0,219",,,530 cv,"60,2 kgfm",,,,,,,,,,,,,,,,,,,,,,,,,,,,,,,,,,,
byd,Shark,shark,shark-gs-1-5-2025,shark-gs-1-5-2025,https://www.fichacompleta.com.br/carros/byd/shark-gs-1-5-2025,2026-06-14T14:05:06.820544,Byd Shark GS 1.5 2025,"5,7 s",160 km/h,1925 mm,210 mm,31 graus,"19,3 graus",1660 mm,1660 mm,5457 mm,3260 mm,1971 mm,2665 kg,,30 graus,172 mm,Disco ventilado,Disco ventilado,Elétrica,"13,5 m",,"29,6 kWh","14,81 kg/cv","106,6 kg/kgfm",204 cv (traseiro),"34,7 kgfm (traseiro)",Automático,,1,Integral sob demanda,"Indep., braços sobrepostos",Mola helicoidal,"Indep., braços sobrepostos",40 kW (DC),835 kg,265/65 R18,,,,,,435 cv,,,Injeção multiponto,Turbocompressor,4 em linha,BYD476ZQF,Único no cabeçote,1498 cm³,Longitudinal,Dianteiro,"120,2 cv/litro",180 cv,,4500 rpm,3000 rpm,"16,7 kgfm/litro",25 kgfm,4,Admissão,,Engrenagem epicicloidal,57 litros,70 km,570 km,627 km,10 km/l,11 km/l,,,,,1450 litros,2500 kg,,,
byd,Shark,shark,shark-embaixador-1-5-phev-2026,shark-embaixador-1-5-phev-2026,https://www.fichacompleta.com.br/carros/byd/shark-embaixador-1-5-phev-2026,2026-06-14T14:05:09.458103,Byd Shark Embaixador 1.5 PHEV 2026,"5,7 s",160 km/h,1925 mm,210 mm,31 graus,"19,3 graus",1660 mm,1660 mm,5457 mm,3260 mm,1971 mm,2710 kg,,30 graus,172 mm,Disco ventilado,Disco ventilado,Elétrica,"13,4 m",,"29,6 kWh","14,81 kg/cv","102,3 kg/kgfm",204 cv (traseiro),"34,7 kgfm (traseiro)",Automático,,1,Integral sob demanda,"Indep., braços sobrepostos",Mola helicoidal,"Indep., braços sobrepostos",55 kW (DC),790 kg,265/65 R18,,,,,,437 cv,65 kgfm,,Injeção direta,Turbocompressor,4 em linha,BYD476ZQF,Duplo no cabeçote,1497 cm³,Longitudinal,Dianteiro,"122,2 cv/litro",183 cv,,6000 rpm,4500 rpm,"17,7 kgfm/litro","26,5 kgfm",4,Admissão,0W-20 ³,Embreagem multidisco,57 litros,57 km,439 km,542 km,"7,7 km/l","9,5 km/l",,"6,20 kg/cv","41,69 kg/kgfm",,1200 litros,2500 kg,750 kg,,
byd,Shark,shark,shark-gs-1-5-phev-2026,shark-gs-1-5-phev-2026,https://www.fichacompleta.com.br/carros/byd/shark-gs-1-5-phev-2026,2026-06-14T14:05:12.422120,Byd Shark GS 1.5 PHEV 2026,"5,7 s",160 km/h,1925 mm,210 mm,31 graus,"19,3 graus",1660 mm,1660 mm,5457 mm,3260 mm,1971 mm,2710 kg,,30 graus,172 mm,Disco ventilado,Disco ventilado,Elétrica,"13,4 m",,"29,6 kWh","14,81 kg/cv","102,3 kg/kgfm",204 cv (traseiro),"34,7 kgfm (traseiro)",Automático,,1,Integral sob demanda,"Indep., braços sobrepostos",Mola helicoidal,"Indep., braços sobrepostos",55 kW (DC),790 kg,265/65 R18,,,,,,437 cv,65 kgfm,,Injeção direta,Turbocompressor,4 em linha,BYD476ZQF,Duplo no cabeçote,1497 cm³,Longitudinal,Dianteiro,"122,2 cv/litro",183 cv,,6000 rpm,4500 rpm,"17,7 kgfm/litro","26,5 kgfm",4,Admissão,0W-20 ³,Embreagem multidisco,57 litros,57 km,439 km,542 km,"7,7 km/l","9,5 km/l",,"6,20 kg/cv","41,69 kg/kgfm",,1200 litros,2500 kg,750 kg,,
byd,Song Plus,song-plus,song-plus-dm-i-2023,song-plus-dm-i-2023,https://www.fichacompleta.com.br/carros/byd/song-plus-dm-i-2023,2026-06-14T14:05:22.183005,Byd Song Plus DM-i 2023,"7,9 s",186 km/h,1680 mm,180 mm,,,1630 mm,1630 mm,4705 mm,2765 mm,1890 mm,1700 kg,574 litros,,118 mm,Disco ventilado,Disco sólido,Elétrica,"11,1 m",,"8,3 kWh","15,45 kg/cv","123,2 kg/kgfm",179 cv (dianteiro),"32,2 kgfm (dianteiro)",Automatizado,,7,Dianteira,"Indep., McPherson",Mola helicoidal,"Indep., multibraço",,,,,,,,,,,Corrente,Injeção multiponto,Natural,4 em linha,BYD472ZQA,Único no cabeçote,1498 cm³,Transversal,Dianteiro,"73,4 cv/litro",110 cv,,6000 rpm,4500 rpm,"9,2 kgfm/litro","13,8 kgfm",,,,Embreagem dupla a seco,40 litros,51 km,932 km,1000 km,"23,3 km/l",25 km/l,,,,,,,,,
byd,Song Plus,song-plus,song-plus-dm-i-1-5-2024,song-plus-dm-i-1-5-2024,https://www.fichacompleta.com.br/carros/byd/song-plus-dm-i-1-5-2024,2026-06-14T14:05:25.290728,Byd Song Plus DM-i 1.5 2024,"8,5 s",140 km/h,1680 mm,180 mm,19 graus,21 graus,1630 mm,1630 mm,4705 mm,2765 mm,1890 mm,1700 kg,574 litros,,118 mm,Disco ventilado,Disco sólido,Elétrica,"11,1 m",,"8,3 kWh","15,45 kg/cv","123,2 kg/kgfm",179 cv (dianteiro),"32,2 kgfm (dianteiro)",CVT,,0,Dianteira,"Indep., McPherson",Mola helicoidal,"Indep., multibraço",,,Kit de reparo e enchimento,,,,,,235 cv,"40,8 kgfm",Corrente,Injeção multiponto,Natural,4 em linha,BYD472ZQA,Único no cabeçote,1498 cm³,Transversal,Dianteiro,"73,4 cv/litro",110 cv,"15,5:1",6000 rpm,4500 rpm,"9,2 kgfm/litro","13,8 kgfm",4,Admissão,,Engrenagem epicicloidal,52 litros,28 km,686 km,785 km,"13,2 km/l","15,1 km/l",,,,,,,,,
byd,Song Plus,song-plus,song-plus-dm-i-1-5-2025,song-plus-dm-i-1-5-2025,https://www.fichacompleta.com.br/carros/byd/song-plus-dm-i-1-5-2025,2026-06-14T14:05:27.721833,Byd Song Plus DM-i 1.5 2025,"8,5 s",170 km/h,1680 mm,180 mm,19 graus,21 graus,1630 mm,1630 mm,4705 mm,2765 mm,1890 mm,1790 kg,574 litros,,118 mm,Disco ventilado,Disco sólido,Elétrica,11 m,,"18,3 kWh","17,05 kg/cv","129,7 kg/kgfm",194 cv (dianteiro),"33,1 kgfm (dianteiro)",Automático,,1,Dianteira,"Indep., McPherson",Mola helicoidal,"Indep., multibraço","6,6 kW (AC)",410 kg,Kit de reparo,,,,,,235 cv,"40,8 kgfm",Corrente,Injeção multiponto,Natural,4 em linha,BYD472QA,Duplo no cabeçote,1498 cm³,Transversal,Dianteiro,"70,1 cv/litro",105 cv,"15,5:1",6000 rpm,4500 rpm,"9,2 kgfm/litro","13,8 kgfm",4,Admissão,0W-20 ³,Engrenagem epicicloidal,57 litros,68 km,690 km,849 km,"12,1 km/l","14,9 km/l",,,,,,,,,
byd,Song Plus,song-plus,song-plus-premium-1-5-awd-2025,song-plus-premium-1-5-awd-2025,https://www.fichacompleta.com.br/carros/byd/song-plus-premium-1-5-awd-2025,2026-06-14T14:05:30.303252,Byd Song Plus Premium 1.5 AWD 2025,"5,2 s",180 km/h,1670 mm,180 mm,,,1630 mm,1630 mm,4775 mm,2765 mm,1890 mm,2020 kg,574 litros,,118 mm,Disco ventilado,Disco sólido,Elétrica,11 m,,"18,3 kWh","15,66 kg/cv","90,2 kg/kgfm",161 cv (traseiro),"30,6 kgfm (traseiro)",Automático,,1,Integral sob demanda,"Indep., McPherson",Mola helicoidal,"Indep., multibraço","6,6 kW (AC)",,Kit de reparo,,,,,,308 cv,"56,1 kgfm",Corrente,Injeção multiponto,Turbocompressor,4 em linha,,Duplo no cabeçote,1498 cm³,Transversal,Dianteiro,"86,1 cv/litro",129 cv,,6000 rpm,4500 rpm,"15,0 kgfm/litro","22,4 kgfm",4,Admissão,0W-20 ³,Engrenagem epicicloidal,57 litros,52 km,633 km,747 km,"11,1 km/l","13,1 km/l",,,,,,,,,
byd,Song Plus,song-plus,song-plus-premium-1-5-awd-2025-eletricidade-gasolina,song-plus-premium-1-5-awd-2025-eletricidade-gasolina,https://www.fichacompleta.com.br/carros/byd/song-plus-premium-1-5-awd-2025-eletricidade-gasolina,2026-06-14T14:05:32.712664,Byd Song Plus Premium 1.5 AWD 2025,"5,2 s",180 km/h,1670 mm,180 mm,,,1630 mm,1630 mm,4775 mm,2765 mm,1890 mm,2020 kg,574 litros,,118 mm,Disco ventilado,Disco sólido,Elétrica,11 m,,"18,3 kWh","15,66 kg/cv","90,2 kg/kgfm",161 cv (traseiro),"30,6 kgfm (traseiro)",Automático,,1,Integral sob demanda,"Indep., McPherson",Mola helicoidal,"Indep., multibraço","6,6 kW (AC)",,Kit de reparo,,,,,,308 cv,"56,1 kgfm",Corrente,Injeção multiponto,Turbocompressor,4 em linha,,Duplo no cabeçote,1498 cm³,Transversal,Dianteiro,"86,1 cv/litro",129 cv,,6000 rpm,4500 rpm,"15,0 kgfm/litro","22,4 kgfm",4,Admissão,0W-20 ³,Engrenagem epicicloidal,57 litros,52 km,633 km,747 km,"11,1 km/l","13,1 km/l",,,,,,,,,
byd,Song Plus,song-plus,song-plus-gs-1-5-2026,song-plus-gs-1-5-2026,https://www.fichacompleta.com.br/carros/byd/song-plus-gs-1-5-2026,2026-06-14T14:05:35.275092,Byd Song Plus GS 1.5 2026,"7,9 s",170 km/h,1670 mm,180 mm,19 graus,21 graus,1630 mm,1630 mm,4775 mm,2765 mm,1890 mm,1790 kg,552 litros,,118 mm,Disco ventilado,Disco sólido,Elétrica,11 m,,"18,3 kWh","18,27 kg/cv","144,4 kg/kgfm",197 cv (dianteiro),"30,6 kgfm (dianteiro)",Automático,,1,Dianteira,"Indep., McPherson",Mola helicoidal,"Indep., multibraço","6,6 kW (AC)",410 kg,Kit de reparo,,,,,,235 cv,"40,8 kgfm",Corrente,Injeção multiponto,Natural,4 em linha,,Duplo no cabeçote,1498 cm³,Transversal,Dianteiro,"65,4 cv/litro",98 cv,"15,5:1",6000 rpm,4500 rpm,"8,3 kgfm/litro","12,4 kgfm",4,Admissão,0W-20 ³,Embreagem multidisco,57 litros,63 km,690 km,849 km,"12,1 km/l","14,9 km/l",,"7,62 kg/cv","43,87 kg/kgfm",,,,,,
byd,Song Plus,song-plus,song-plus-premium-1-5-awd-2026,song-plus-premium-1-5-awd-2026,https://www.fichacompleta.com.br/carros/byd/song-plus-premium-1-5-awd-2026,2026-06-14T14:05:38.942684,Byd Song Plus Premium 1.5 AWD 2026,"5,2 s",180 km/h,1670 mm,180 mm,,,1630 mm,1630 mm,4775 mm,2765 mm,1890 mm,2020 kg,552 litros,,118 mm,Disco ventilado,Disco sólido,Elétrica,11 m,,"26,6 kWh","15,54 kg/cv","90,2 kg/kgfm",163 cv (traseiro),"25,5 kgfm (traseiro)",Automático,,1,Integral sob demanda,"Indep., McPherson",Mola helicoidal,"Indep., multibraço",18 kW (DC),,Kit de reparo,,,,,,324 cv,"56,1 kgfm",Corrente,Injeção multiponto,Turbocompressor,4 em linha,,Duplo no cabeçote,1498 cm³,Transversal,Dianteiro,"86,8 cv/litro",130 cv,,6000 rpm,4500 rpm,"15,0 kgfm/litro","22,4 kgfm",4,Admissão,0W-20 ³,Embreagem multidisco,57 litros,87 km,576 km,695 km,"10,1 km/l","12,2 km/l",,"6,23 kg/cv","36,01 kg/kgfm",,,,,,
byd,Song Pro,song-pro,song-pro-dm-i-1-5-2025,song-pro-dm-i-1-5-2025,https://www.fichacompleta.com.br/carros/byd/song-pro-dm-i-1-5-2025,2026-06-14T14:05:45.383275,Byd Song Pro DM-i 1.5 2025,"8,5 s",170 km/h,1710 mm,,,,1565 mm,1565 mm,4738 mm,2712 mm,1860 mm,1700 kg,574 litros,,135 mm,Disco ventilado,Disco sólido,Elétrica,"11,6 m",,"8,3 kWh","15,45 kg/cv","123,2 kg/kgfm",179 cv (dianteiro),"32,2 kgfm (dianteiro)",Automático,,1,Dianteira,"Indep., McPherson",Mola helicoidal,"Indep., multibraço","3,3 kW (AC)",410 kg,Kit de reparo,,,,,,235 cv,"40,8 kgfm",Corrente,Injeção multiponto,Natural,4 em linha,BYD472QA,Duplo no cabeçote,1498 cm³,Transversal,Dianteiro,"73,4 cv/litro",110 cv,"15,5:1",6000 rpm,4500 rpm,"9,2 kgfm/litro","13,8 kgfm",4,Admissão,0W-20 ³,Engrenagem epicicloidal,52 litros,28 km,686 km,785 km,"13,2 km/l","15,1 km/l",,,,,,,,,
byd,Song Pro,song-pro,song-pro-gs-1-5-2025,song-pro-gs-1-5-2025,https://www.fichacompleta.com.br/carros/byd/song-pro-gs-1-5-2025,2026-06-14T14:05:48.350264,Byd Song Pro GS 1.5 2025,"7,9 s",185 km/h,1710 mm,156 mm,,,1565 mm,1565 mm,4738 mm,2712 mm,1860 mm,1700 kg,520 litros,,135 mm,Disco ventilado,Disco sólido,Elétrica,"11,6 m",,"18,3 kWh","17,35 kg/cv","137,1 kg/kgfm",197 cv (dianteiro),"30,6 kgfm (dianteiro)",Automático,,1,Dianteira,"Indep., McPherson",Mola helicoidal,"Indep., multibraço","6,6 kW (AC)",410 kg,Kit de reparo,,,,,,235 cv,43 kgfm,Corrente,Injeção multiponto,Natural,4 em linha,BYD472QA,Duplo no cabeçote,1498 cm³,Transversal,Dianteiro,"65,4 cv/litro",98 cv,"15,5:1",6000 rpm,4500 rpm,"8,3 kgfm/litro","12,4 kgfm",4,Admissão,0W-20 ³,Engrenagem epicicloidal,52 litros,68 km,634 km,790 km,"12,2 km/l","15,2 km/l",Hidráulicos,,,,,,,,
byd,Song Pro,song-pro,song-pro-gl-1-5-2026,song-pro-gl-1-5-2026,https://www.fichacompleta.com.br/carros/byd/song-pro-gl-1-5-2026,2026-06-14T14:05:50.811686,Byd Song Pro GL 1.5 2026,"8,3 s",185 km/h,1710 mm,156 mm,,,1565 mm,1565 mm,4738 mm,2712 mm,1860 mm,1700 kg,520 litros,,135 mm,Disco ventilado,Disco sólido,Elétrica,"11,6 m",,"12,9 kWh","17,35 kg/cv","137,1 kg/kgfm",197 cv (dianteiro),"30,6 kgfm (dianteiro)",Automático,,1,Dianteira,"Indep., McPherson",Mola helicoidal,"Indep., multibraço","6,6 kW (AC)",410 kg,Kit de reparo,,,,,,223 cv,"40,8 kgfm",Corrente,Injeção multiponto,Natural,4 em linha,BYD472QA,Duplo no cabeçote,1498 cm³,Transversal,Dianteiro,"65,4 cv/litro",98 cv,"15,5:1",6000 rpm,4500 rpm,"8,3 kgfm/litro","12,4 kgfm",4,Admissão,0W-20 ³,Embreagem multidisco,52 litros,39 km,655 km,770 km,"12,6 km/l","14,8 km/l",Hidráulicos,"7,62 kg/cv","41,67 kg/kgfm",,,,,,
byd,Song Pro,song-pro,song-pro-gs-1-5-2026,song-pro-gs-1-5-2026,https://www.fichacompleta.com.br/carros/byd/song-pro-gs-1-5-2026,2026-06-14T14:05:54.504160,Byd Song Pro GS 1.5 2026,"7,9 s",185 km/h,1710 mm,156 mm,,,1565 mm,1565 mm,4738 mm,2712 mm,1860 mm,1700 kg,520 litros,,135 mm,Disco ventilado,Disco sólido,Elétrica,"11,6 m",,"18,3 kWh","17,35 kg/cv","137,1 kg/kgfm",197 cv (dianteiro),"30,6 kgfm (dianteiro)",Automático,,1,Dianteira,"Indep., McPherson",Mola helicoidal,"Indep., multibraço","6,6 kW (AC)",410 kg,Kit de reparo,,,,,,235 cv,43 kgfm,Corrente,Injeção multiponto,Natural,4 em linha,BYD472QA,Duplo no cabeçote,1498 cm³,Transversal,Dianteiro,"65,4 cv/litro",98 cv,"15,5:1",6000 rpm,4500 rpm,"8,3 kgfm/litro","12,4 kgfm",4,Admissão,0W-20 ³,Embreagem multidisco,52 litros,62 km,624 km,770 km,12 km/l,"14,8 km/l",Hidráulicos,"7,23 kg/cv","39,53 kg/kgfm",,,,,,
byd,Tan,tan,tan-ev-2022,tan-ev-2022,https://www.fichacompleta.com.br/carros/byd/tan-ev-2022,2026-06-14T14:06:07.546397,Byd Tan EV 2022,"4,6 s",186 km/h,1725 mm,150 mm,22 graus,20 graus,,,4870 mm,2820 mm,1950 mm,2479 kg,,,106 mm,Disco ventilado,Disco ventilado,Elétrica,Não informado,437 km,"86,4 kWh","4,79 kg/cv","35,77 kg/kgfm",272 cv (traseiro),"35,7 kgfm (traseiro)",Automático,,1,Integral sob demanda,"Indep., McPherson",Mola helicoidal,"Indep., multibraço",,,Kit de reparo e enchimento,,,,,36 m,517 cv,"69,3 kgfm",,,,,,,,,,,,,,,,,,,,,,,,,,,,,,,,,,235 litros,600 litros
byd,Tan,tan,tan-ev-2023,tan-ev-2023,https://www.fichacompleta.com.br/carros/byd/tan-ev-2023,2026-06-14T14:06:10.067517,Byd Tan EV 2023,"4,6 s",186 km/h,1725 mm,150 mm,22 graus,20 graus,,,4870 mm,2820 mm,1950 mm,2479 kg,,,106 mm,Disco ventilado,Disco ventilado,Elétrica,"11,8 m",309 km,"86,4 kWh","4,79 kg/cv","35,77 kg/kgfm",272 cv (traseiro),"35,7 kgfm (traseiro)",Automático,,1,Integral sob demanda,"Indep., McPherson",Mola helicoidal,"Indep., multibraço",,571 kg,Kit de reparo e enchimento,,,,,36 m,517 cv,"69,3 kgfm",,,,,,,,,,,,,,,,,,,,,,,,,,,,,,,,,,235 litros,600 litros
byd,Tan,tan,tan-ev-2025,tan-ev-2025,https://www.fichacompleta.com.br/carros/byd/tan-ev-2025,2026-06-14T14:06:13.326071,Byd Tan EV 2025,"4,9 s",190 km/h,1745 mm,150 mm,22 graus,20 graus,1650 mm,1630 mm,4970 mm,2820 mm,1955 mm,2630 kg,,"26,6 graus",106 mm,Disco ventilado,Disco ventilado,Elétrica,"11,8 m",430 km,"108,8 kWh","5,09 kg/cv","36,83 kg/kgfm",272 cv (traseiro),"35,7 kgfm (traseiro)",Automático,,1,Integral sob demanda,"Indep., McPherson",Mola helicoidal,"Indep., multibraço",170 kW (DC),574 kg,Kit de reparo,,,,,,517 cv,"71,4 kgfm",,,,,,,,,,,,,,,,,,,,,,,,,,,,,,,,,,235 litros,600 litros
byd,Yuan Plus,yuan-plus,yuan-plus-ev-2023,yuan-plus-ev-2023,https://www.fichacompleta.com.br/carros/byd/yuan-plus-ev-2023,2026-06-14T14:06:25.861218,Byd Yuan Plus EV 2023,"7,3 s",160 km/h,1615 mm,175 mm,,,,,4455 mm,2720 mm,1875 mm,1700 kg,440 litros,,118 mm,Disco ventilado,Disco sólido,Elétrica,Não informado,294 km,"60,5 kWh","8,33 kg/cv","53,80 kg/kgfm",204 cv (dianteiro),"31,6 kgfm (dianteiro)",Automático,,1,Dianteira,"Indep., McPherson",Mola helicoidal,"Indep., multibraço",,,125/90 R16,"2,57 m²","0,745 m²","0,29",,,,,,,,,,,,,,,,,,,,,,,,,,,,,,,,,,,,,,,
byd,Yuan Plus,yuan-plus,yuan-plus-ev-2024,yuan-plus-ev-2024,https://www.fichacompleta.com.br/carros/byd/yuan-plus-ev-2024,2026-06-14T14:06:29.595908,Byd Yuan Plus EV 2024,"7,3 s",160 km/h,1615 mm,175 mm,,,,,4455 mm,2720 mm,1875 mm,1700 kg,440 litros,,118 mm,Disco ventilado,Disco sólido,Elétrica,"11,1 m",294 km,"60,5 kWh","8,33 kg/cv","53,80 kg/kgfm",204 cv (dianteiro),"31,6 kgfm (dianteiro)",Automático,,1,Dianteira,"Indep., McPherson",Mola helicoidal,"Indep., multibraço",,,125/90 R16,"2,57 m²","0,745 m²","0,29",,,,,,,,,,,,,,,,,,,,,,,,,,,,,,,,,,,,,,,
byd,Yuan Plus,yuan-plus,yuan-plus-ev-2025,yuan-plus-ev-2025,https://www.fichacompleta.com.br/carros/byd/yuan-plus-ev-2025,2026-06-14T14:06:33.363370,Byd Yuan Plus EV 2025,"7,3 s",160 km/h,1615 mm,175 mm,,,,,4455 mm,2720 mm,1875 mm,1700 kg,440 litros,,118 mm,Disco ventilado,Disco sólido,Elétrica,"11,1 m",294 km,"60,5 kWh","8,33 kg/cv","53,80 kg/kgfm",204 cv (dianteiro),"31,6 kgfm (dianteiro)",Automático,,1,Dianteira,"Indep., McPherson",Mola helicoidal,"Indep., multibraço",80 kW (DC),,125/90 R16,"2,57 m²","0,745 m²","0,29",18 kWh/100 km,,,,,,,,,,,,,,,,,,,,,,,,,,,,,,,,,,,,,,
byd,Yuan Plus,yuan-plus,yuan-plus-gl-2026,yuan-plus-gl-2026,https://www.fichacompleta.com.br/carros/byd/yuan-plus-gl-2026,2026-06-14T14:06:36.723760,Byd Yuan Plus GL 2026,"7,3 s",160 km/h,1615 mm,175 mm,,,,,4455 mm,2720 mm,1875 mm,1700 kg,312 litros,,118 mm,Disco ventilado,Disco sólido,Elétrica,"11,1 m",294 km,"60,5 kWh","8,33 kg/cv","53,80 kg/kgfm",204 cv (dianteiro),"31,6 kgfm (dianteiro)",Automático,,1,Dianteira,"Indep., McPherson",Mola helicoidal,"Indep., multibraço",80 kW (DC),,125/90 R16,"2,57 m²","0,745 m²","0,29",18 kWh/100 km,,,,,,,,,,,,,,,,,,,,,,,,,,,,,,,,,,,,,,
byd,Yuan Pro,yuan-pro,yuan-pro-ev-2025,yuan-pro-ev-2025,https://www.fichacompleta.com.br/carros/byd/yuan-pro-ev-2025,2026-06-14T14:06:45.719530,Byd Yuan Pro EV 2025,"7,9 s",160 km/h,1675 mm,,,,,,4310 mm,2620 mm,1830 mm,1540 kg,440 litros,,140 mm,Disco ventilado,Disco sólido,Elétrica,"11,1 m",280 km,45 kWh,"8,70 kg/cv","52,03 kg/kgfm",177 cv (dianteiro),"29,6 kgfm (dianteiro)",Automático,,1,Dianteira,"Indep., McPherson",Mola helicoidal,Eixo de torção,,,Kit de reparo,,,,,,,,,,,,,,,,,,,,,,,,,,,,,,,,,,,,,,,,,,
byd,Yuan Pro,yuan-pro,yuan-pro-gs-2026,yuan-pro-gs-2026,https://www.fichacompleta.com.br/carros/byd/yuan-pro-gs-2026,2026-06-14T14:06:47.579811,Byd Yuan Pro GS 2026,"7,9 s",160 km/h,1675 mm,170 mm,,,,,4310 mm,2620 mm,1830 mm,1550 kg,265 litros,,129 mm,Disco ventilado,Disco sólido,Elétrica,"10,5 m",250 km,"45,1 kWh","8,76 kg/cv","52,36 kg/kgfm",177 cv (dianteiro),"29,6 kgfm (dianteiro)",Automático,,1,Dianteira,"Indep., McPherson",Mola helicoidal,Eixo de torção,60 kW (DC),,125/90 R16,,,,,,,,,,,,,,,,,,,,,,,,,,,,,,,,,,,,,,,,,,
