marca,modelo,modelo_slug,versao,versao_slug,url,coletado_em,titulo_pagina,geral__aceleracao_0100_kmh,geral__velocidade_maxima,geral__acoplamento,geral__cambio,geral__codigo_do_cambio,geral__marchas,geral__tracao,geral__alimentacao,geral__aspiracao,geral__cilindrada,geral__cilindros,geral__codigo_do_motor,geral__comando_de_valvulas,geral__curso_do_pistao,geral__diametro_do_cilindro,geral__disposicao,geral__instalacao,geral__pesopotencia,geral__pesotorque,geral__potencia_especifica,geral__potencia_maxima,geral__razao_de_compressao,geral__regime_potencia_max,geral__regime_torque_max,geral__rotacao_maxima,geral__torque_especifico,geral__torque_maximo,geral__tuchos,geral__valvulas_por_cilindro,geral__variacao_do_comando,geral__altura,geral__angulo_central,geral__angulo_de_entrada,geral__angulo_de_saida,geral__bitola_dianteira,geral__bitola_traseira,geral__cacamba,geral__carga_util,geral__comprimento,geral__distancia_entreeixos,geral__largura,geral__peso,geral__reboque_com_freio,geral__tanque_de_combustivel,geral__altura_do_flanco,geral__dianteiros,geral__estepe,geral__traseiros,geral__assistencia,geral__diametro_de_giro,geral__dianteira,geral__elemento_elastico,geral__traseira,geral__rodoviaria_g,geral__urbana_g,geral__rodoviario_g,geral__urbano_g,geral__altura_minima_do_solo,geral__quantidade_de_marchas,geral__curso_dos_pistoes,geral__diametro_dos_cilindros,geral__portamalas,geral__diametro_minimo_de_giro,geral__cilindrada_unitaria,geral__deslocamento,geral__rotacao_potencia_max,geral__rotacao_torque_max,geral__acionam_do_comando,geral__rodoviaria_d,geral__urbana_d,geral__rodoviario_d,geral__urbano_d,geral__potencia,geral__torque,erro
ram,1500,1500,1500-rebel-5-7-v8-cd-2021,1500-rebel-5-7-v8-cd-2021,https://www.fichacompleta.com.br/carros/ram/1500-rebel-5-7-v8-cd-2021,2026-06-20T20:45:46.851303,Ram 1500 Rebel 5.7 V8 CD 2021,"6,4 s",174 km/h,Conversor de torque,Automático,ZF 8HP,8,Integral temporária,Injeção multiponto,Natural,5654 cm³,8 em V,Hemi,Único no bloco,"90,9 mm","99,5 mm",Longitudinal,Dianteiro,"6,5 kg/cv","46,0 kg/kgfm","70,7 cv/litro",400 cv,"10,5:1",5600 rpm,3950 rpm,5800 rpm,"10,0 kgfm/litro","56,7 kgfm",Hidráulicos,2,Admissão,2012 mm,"19,1 graus","25,1 graus","22,6 graus",1741 mm,1729 mm,1200 litros,610 kg,5929 mm,3672 mm,2084 mm,2610 kg,5062 kg,98 litros,179 mm,Disco ventilado,275/65 R18,Disco sólido,Elétrica,"14,1 m","Indep., braços sobrepostos",Mola helicoidal,Eixo rígido,647 km,519 km,"6,6 km/l","5,3 km/l",249 mm,,,,,,,,,,,,,,,,,
ram,1500,1500,1500-rebel-night-edition-5-7-v8-cd-2021,1500-rebel-night-edition-5-7-v8-cd-2021,https://www.fichacompleta.com.br/carros/ram/1500-rebel-night-edition-5-7-v8-cd-2021,2026-06-20T20:45:50.690282,Ram 1500 Rebel Night Edition 5.7 V8 CD 2021,"6,4 s",174 km/h,Conversor de torque,Automático,ZF 8HP,,Integral temporária,Injeção multiponto,Natural,5654 cm³,8 em V,Hemi,no bloco,,,Longitudinal,Dianteiro,"6,5 kg/cv","46,0 kg/kgfm","70,7 cv/litro",400 cv a 5600 rpm,"10,5:1",,,,"10,0 kgfm/litro","56,7 kgfm a 3950 rpm",,2,Admissão,2012 mm,"19,1 graus","25,1 graus","22,6 graus",1741 mm,1729 mm,,610 kg,5929 mm,3672 mm,2084 mm,2610 kg,5062 kg,98 litros,179 mm,Disco ventilado,275/65 R18,Disco sólido,Elétrica,,"Independente, braços sobrepostos",Mola helicoidal,Eixo rígido,647 km,519 km,"6,6 km/l","5,3 km/l",249 mm,8,"90,9 mm","99,5 mm",1406 litros,"14,1 m",,,,,,,,,,,,
ram,1500,1500,1500-classic-laie-5-7-v8-2022,1500-classic-laie-5-7-v8-2022,https://www.fichacompleta.com.br/carros/ram/1500-classic-laie-5-7-v8-2022,2026-06-20T20:45:53.833096,Ram 1500 Classic Laie 5.7 V8 2022,"7,7 s",174 km/h,Conversor de torque,Automático,Torqueflite 8HP75,8,Integral temporária,Injeção multiponto,Natural,,8 em V,Hemi,Único no bloco,"90,9 mm","99,5 mm",Longitudinal,Dianteiro,"6,38 kg/cv","45,0 kg/kgfm","70,7 cv/litro",400 cv,"10,5:1",5600 rpm,3950 rpm,5800 rpm,"10,0 kgfm/litro","56,7 kgfm",Hidráulicos,2,Admissão,1970 mm,"19,4 graus","18,3 graus","24,8 graus",1728 mm,1714 mm,1424 litros,531 kg,5816 mm,3570 mm,2017 mm,2553 kg,3534 kg,98 litros,165 mm,Disco ventilado,275/60 R20,Disco sólido,Elétrica,"12,1 m","Indep., braços sobrepostos",Mola helicoidal,Eixo rígido,627 km,510 km,"6,4 km/l","5,2 km/l",236 mm,,,,,,707 cm³,5654 cm³,,,,,,,,,,
ram,1500,1500,1500-classic-laie-night-edition-5-7-v8-2022,1500-classic-laie-night-edition-5-7-v8-2022,https://www.fichacompleta.com.br/carros/ram/1500-classic-laie-night-edition-5-7-v8-2022,2026-06-20T20:45:56.718578,Ram 1500 Classic Laie Night Edition 5.7 V8 2022,"7,7 s",174 km/h,Conversor de torque,Automático,Torqueflite 8HP75,8,Integral temporária,Injeção multiponto,Natural,,8 em V,Hemi,Único no bloco,"90,9 mm","99,5 mm",Longitudinal,Dianteiro,"6,38 kg/cv","45,0 kg/kgfm","70,7 cv/litro",400 cv,"10,5:1",5600 rpm,3950 rpm,5800 rpm,"10,0 kgfm/litro","56,7 kgfm",Hidráulicos,2,Admissão,1970 mm,"19,4 graus","18,3 graus","24,8 graus",1728 mm,1714 mm,1424 litros,531 kg,5816 mm,3570 mm,2017 mm,2553 kg,3534 kg,98 litros,165 mm,Disco ventilado,275/60 R20,Disco sólido,Elétrica,"12,1 m","Indep., braços sobrepostos",Mola helicoidal,Eixo rígido,627 km,510 km,"6,4 km/l","5,2 km/l",236 mm,,,,,,707 cm³,5654 cm³,,,,,,,,,,
ram,1500,1500,1500-limited-5-7-v8-2022,1500-limited-5-7-v8-2022,https://www.fichacompleta.com.br/carros/ram/1500-limited-5-7-v8-2022,2026-06-20T20:45:59.844648,Ram 1500 Limited 5.7 V8 2022,"7,7 s",174 km/h,Conversor de torque,Automático,Torqueflite 8HP75,8,Integral temporária,Injeção multiponto,Natural,,8 em V,Hemi,Único no bloco,"90,9 mm","99,5 mm",Longitudinal,Dianteiro,"6,73 kg/cv","47,5 kg/kgfm","70,7 cv/litro",400 cv,"10,5:1",5600 rpm,3950 rpm,5800 rpm,"10,0 kgfm/litro","56,7 kgfm",Hidráulicos,2,Admissão,1972 mm,"20,5 graus","23,5 graus",23 graus,1741 mm,1729 mm,1200 litros,528 kg,5916 mm,3670 mm,2085 mm,2692 kg,3647 kg,98 litros,128 mm,Disco ventilado,285/45 R22,Disco sólido,Elétrica,14 m,"Indep., braços sobrepostos",Mola pneumática,Eixo rígido,706 km,539 km,"7,2 km/l","5,5 km/l",262 mm,,,,,,707 cm³,5654 cm³,,,,,,,,,,
ram,1500,1500,1500-rebel-5-7-v8-cd-2022,1500-rebel-5-7-v8-cd-2022,https://www.fichacompleta.com.br/carros/ram/1500-rebel-5-7-v8-cd-2022,2026-06-20T20:46:04.059522,Ram 1500 Rebel 5.7 V8 CD 2022,"6,4 s",174 km/h,Conversor de torque,Automático,ZF 8HP,8,Integral temporária,Injeção multiponto,Natural,5654 cm³,8 em V,Hemi,Único no bloco,"90,9 mm","99,5 mm",Longitudinal,Dianteiro,"6,5 kg/cv","46,0 kg/kgfm","70,7 cv/litro",400 cv,"10,5:1",,,5800 rpm,"10,0 kgfm/litro","56,7 kgfm",Hidráulicos,2,Admissão,2012 mm,"19,1 graus","25,1 graus","22,6 graus",1741 mm,1729 mm,1200 litros,610 kg,5929 mm,3672 mm,2084 mm,2610 kg,5062 kg,98 litros,179 mm,Disco ventilado,275/65 R18,Disco sólido,Elétrica,"14,1 m","Indep., braços sobrepostos",Mola helicoidal,Eixo rígido,666 km,529 km,"6,8 km/l","5,4 km/l",249 mm,,,,1200 litros,,,,5600 rpm,3950 rpm,,,,,,,,
ram,1500,1500,1500-classic-laie-5-7-v8-2023,1500-classic-laie-5-7-v8-2023,https://www.fichacompleta.com.br/carros/ram/1500-classic-laie-5-7-v8-2023,2026-06-20T20:46:08.112553,Ram 1500 Classic Laie 5.7 V8 2023,"7,7 s",174 km/h,Conversor de torque,Automático,Torqueflite 8HP75,8,Integral temporária,Injeção multiponto,Natural,,8 em V,Hemi,Único no bloco,"90,9 mm","99,5 mm",Longitudinal,Dianteiro,"6,38 kg/cv","45,0 kg/kgfm","70,7 cv/litro",400 cv,"10,5:1",5600 rpm,3950 rpm,5800 rpm,"10,0 kgfm/litro","56,7 kgfm",Hidráulicos,2,Admissão,1970 mm,"19,4 graus","18,3 graus","24,8 graus",1728 mm,1714 mm,1424 litros,531 kg,5816 mm,3570 mm,2017 mm,2553 kg,3534 kg,98 litros,165 mm,Disco ventilado,275/60 R20,Disco sólido,Elétrica,"12,1 m","Indep., braços sobrepostos",Mola helicoidal,Eixo rígido,627 km,510 km,"6,4 km/l","5,2 km/l",236 mm,,,,,,707 cm³,5654 cm³,,,,,,,,,,
ram,1500,1500,1500-classic-laie-night-edition-5-7-v8-2023,1500-classic-laie-night-edition-5-7-v8-2023,https://www.fichacompleta.com.br/carros/ram/1500-classic-laie-night-edition-5-7-v8-2023,2026-06-20T20:46:11.870648,Ram 1500 Classic Laie Night Edition 5.7 V8 2023,"7,7 s",174 km/h,Conversor de torque,Automático,Torqueflite 8HP75,8,Integral temporária,Injeção multiponto,Natural,,8 em V,Hemi,Único no bloco,"90,9 mm","99,5 mm",Longitudinal,Dianteiro,"6,38 kg/cv","45,0 kg/kgfm","70,7 cv/litro",400 cv,"10,5:1",5600 rpm,3950 rpm,5800 rpm,"10,0 kgfm/litro","56,7 kgfm",Hidráulicos,2,Admissão,1970 mm,"19,4 graus","18,3 graus","24,8 graus",1728 mm,1714 mm,1424 litros,531 kg,5816 mm,3570 mm,2017 mm,2553 kg,3534 kg,98 litros,165 mm,Disco ventilado,275/60 R20,Disco sólido,Elétrica,"12,1 m","Indep., braços sobrepostos",Mola helicoidal,Eixo rígido,627 km,510 km,"6,4 km/l","5,2 km/l",236 mm,,,,,,707 cm³,5654 cm³,,,,,,,,,,
ram,1500,1500,1500-classic-r-t-5-7-v8-2023,1500-classic-r-t-5-7-v8-2023,https://www.fichacompleta.com.br/carros/ram/1500-classic-r-t-5-7-v8-2023,2026-06-20T20:46:16.354983,Ram 1500 Classic R/T 5.7 V8 2023,"7,7 s",174 km/h,Conversor de torque,Automático,Torqueflite 8HP75,8,Integral temporária,Injeção multiponto,Natural,,8 em V,Hemi,Único no bloco,"90,9 mm","99,5 mm",Longitudinal,Dianteiro,"6,38 kg/cv","45,0 kg/kgfm","70,7 cv/litro",400 cv,"10,5:1",5600 rpm,3950 rpm,5800 rpm,"10,0 kgfm/litro","56,7 kgfm",Hidráulicos,2,Admissão,1970 mm,"19,4 graus","18,3 graus","24,8 graus",1728 mm,1714 mm,1424 litros,531 kg,5816 mm,3570 mm,2017 mm,2553 kg,3534 kg,98 litros,165 mm,Disco ventilado,275/60 R20,Disco sólido,Elétrica,"12,1 m","Indep., braços sobrepostos",Mola helicoidal,Eixo rígido,627 km,510 km,"6,4 km/l","5,2 km/l",236 mm,,,,,,707 cm³,5654 cm³,,,,,,,,,,
ram,1500,1500,1500-limited-5-7-v8-2023,1500-limited-5-7-v8-2023,https://www.fichacompleta.com.br/carros/ram/1500-limited-5-7-v8-2023,2026-06-20T20:46:21.267373,Ram 1500 Limited 5.7 V8 2023,"7,7 s",174 km/h,Conversor de torque,Automático,Torqueflite 8HP75,8,Integral temporária,Injeção multiponto,Natural,,8 em V,Hemi,Único no bloco,"90,9 mm","99,5 mm",Longitudinal,Dianteiro,"6,73 kg/cv","47,5 kg/kgfm","70,7 cv/litro",400 cv,"10,5:1",5600 rpm,3950 rpm,5800 rpm,"10,0 kgfm/litro","56,7 kgfm",Hidráulicos,2,Admissão,1972 mm,"20,5 graus","23,5 graus",23 graus,1741 mm,1729 mm,1200 litros,528 kg,5916 mm,3670 mm,2085 mm,2692 kg,3647 kg,98 litros,128 mm,Disco ventilado,285/45 R22,Disco sólido,Elétrica,14 m,"Indep., braços sobrepostos",Mola pneumática,Eixo rígido,706 km,539 km,"7,2 km/l","5,5 km/l",262 mm,,,,,,707 cm³,5654 cm³,,,,,,,,,,
ram,1500,1500,1500-limited-night-edition-5-7-v8-2023,1500-limited-night-edition-5-7-v8-2023,https://www.fichacompleta.com.br/carros/ram/1500-limited-night-edition-5-7-v8-2023,2026-06-20T20:46:25.796442,Ram 1500 Limited Night Edition 5.7 V8 2023,"7,7 s",174 km/h,Conversor de torque,Automático,Torqueflite 8HP75,8,Integral temporária,Injeção multiponto,Natural,,8 em V,Hemi,Único no bloco,"90,9 mm","99,5 mm",Longitudinal,Dianteiro,"6,73 kg/cv","47,5 kg/kgfm","70,7 cv/litro",400 cv,"10,5:1",5600 rpm,3950 rpm,5800 rpm,"10,0 kgfm/litro","56,7 kgfm",Hidráulicos,2,Admissão,1972 mm,"20,5 graus","23,5 graus",23 graus,1741 mm,1729 mm,1200 litros,528 kg,5916 mm,3670 mm,2085 mm,2692 kg,3647 kg,98 litros,128 mm,Disco ventilado,285/45 R22,Disco sólido,Elétrica,14 m,"Indep., braços sobrepostos",Mola pneumática,Eixo rígido,706 km,539 km,"7,2 km/l","5,5 km/l",262 mm,,,,,,707 cm³,5654 cm³,,,,,,,,,,
ram,1500,1500,1500-rebel-5-7-v8-2023,1500-rebel-5-7-v8-2023,https://www.fichacompleta.com.br/carros/ram/1500-rebel-5-7-v8-2023,2026-06-20T20:46:28.592742,Ram 1500 Rebel 5.7 V8 2023,"6,4 s",174 km/h,Conversor de torque,Automático,Torqueflite 8HP75,8,Integral temporária,Injeção multiponto,Natural,,8 em V,Hemi,Único no bloco,"90,9 mm","99,5 mm",Longitudinal,Dianteiro,"6,53 kg/cv","46,0 kg/kgfm","70,7 cv/litro",400 cv,"10,5:1",5600 rpm,3950 rpm,5800 rpm,"10,0 kgfm/litro","56,7 kgfm",Hidráulicos,2,Admissão,2012 mm,"19,1 graus","25,1 graus","22,6 graus",1741 mm,1729 mm,1200 litros,610 kg,5929 mm,3672 mm,2084 mm,2610 kg,5062 kg,98 litros,179 mm,Disco ventilado,275/65 R18,Disco sólido,Elétrica,"14,1 m","Indep., braços sobrepostos",Mola helicoidal,Eixo rígido,666 km,529 km,"6,8 km/l","5,4 km/l",249 mm,,,,,,707 cm³,5654 cm³,,,,,,,,,,
ram,1500,1500,1500-limited-5-7-v8-2024,1500-limited-5-7-v8-2024,https://www.fichacompleta.com.br/carros/ram/1500-limited-5-7-v8-2024,2026-06-20T20:46:32.054400,Ram 1500 Limited 5.7 V8 2024,"7,7 s",174 km/h,Conversor de torque,Automático,Torqueflite 8HP75,8,Integral temporária,Injeção multiponto,Natural,,8 em V,Hemi,Único no bloco,"90,9 mm","99,5 mm",Longitudinal,Dianteiro,"6,73 kg/cv","47,5 kg/kgfm","70,7 cv/litro",400 cv,"10,5:1",5600 rpm,3950 rpm,5800 rpm,"10,0 kgfm/litro","56,7 kgfm",Hidráulicos,2,Admissão,1972 mm,"20,5 graus","23,5 graus",23 graus,1741 mm,1729 mm,1200 litros,528 kg,5916 mm,3670 mm,2085 mm,2692 kg,3647 kg,98 litros,128 mm,Disco ventilado,285/45 R22,Disco sólido,Elétrica,14 m,"Indep., braços sobrepostos",Mola pneumática,Eixo rígido,706 km,539 km,"7,2 km/l","5,5 km/l",262 mm,,,,,,707 cm³,5654 cm³,,,,,,,,,,
ram,1500,1500,1500-limited-night-edition-5-7-v8-2024,1500-limited-night-edition-5-7-v8-2024,https://www.fichacompleta.com.br/carros/ram/1500-limited-night-edition-5-7-v8-2024,2026-06-20T20:46:35.600868,Ram 1500 Limited Night Edition 5.7 V8 2024,"7,7 s",174 km/h,Conversor de torque,Automático,Torqueflite 8HP75,8,Integral temporária,Injeção multiponto,Natural,,8 em V,Hemi,Único no bloco,"90,9 mm","99,5 mm",Longitudinal,Dianteiro,"6,73 kg/cv","47,5 kg/kgfm","70,7 cv/litro",400 cv,"10,5:1",5600 rpm,3950 rpm,5800 rpm,"10,0 kgfm/litro","56,7 kgfm",Hidráulicos,2,Admissão,1972 mm,"20,5 graus","23,5 graus",23 graus,1741 mm,1729 mm,1200 litros,528 kg,5916 mm,3670 mm,2085 mm,2692 kg,3647 kg,98 litros,128 mm,Disco ventilado,285/45 R22,Disco sólido,Elétrica,14 m,"Indep., braços sobrepostos",Mola pneumática,Eixo rígido,706 km,539 km,"7,2 km/l","5,5 km/l",262 mm,,,,,,707 cm³,5654 cm³,,,,,,,,,,
ram,1500,1500,1500-rebel-5-7-v8-2024,1500-rebel-5-7-v8-2024,https://www.fichacompleta.com.br/carros/ram/1500-rebel-5-7-v8-2024,2026-06-20T20:46:38.379314,Ram 1500 Rebel 5.7 V8 2024,"6,4 s",174 km/h,Conversor de torque,Automático,Torqueflite 8HP75,8,Integral temporária,Injeção multiponto,Natural,,8 em V,Hemi,Único no bloco,"90,9 mm","99,5 mm",Longitudinal,Dianteiro,"6,53 kg/cv","46,0 kg/kgfm","70,7 cv/litro",400 cv,"10,5:1",5600 rpm,3950 rpm,5800 rpm,"10,0 kgfm/litro","56,7 kgfm",Hidráulicos,2,Admissão,2012 mm,"19,1 graus","25,1 graus","22,6 graus",1741 mm,1729 mm,1200 litros,610 kg,5929 mm,3672 mm,2084 mm,2610 kg,5062 kg,98 litros,179 mm,Disco ventilado,275/65 R18,Disco sólido,Elétrica,"14,1 m","Indep., braços sobrepostos",Mola helicoidal,Eixo rígido,666 km,529 km,"6,8 km/l","5,4 km/l",249 mm,,,,,,707 cm³,5654 cm³,,,,,,,,,,
ram,1500,1500,1500-laie-3-0-2025,1500-laie-3-0-2025,https://www.fichacompleta.com.br/carros/ram/1500-laie-3-0-2025,2026-06-20T20:46:41.947199,Ram 1500 Laie 3.0 2025,"5,3 s",180 km/h,Conversor de torque,Automático,,8,Integral temporária,Injeção direta,Turbocompressor,,6 em linha,Hurricane T6,Duplo no cabeçote,90 mm,84 mm,Longitudinal,Dianteiro,"6,27 kg/cv","41,1 kg/kgfm","142,0 cv/litro",425 cv,"10,4:1",5200 rpm,3500 rpm,5800 rpm,"21,7 kgfm/litro","64,8 kgfm",Hidráulicos,4,Admissão e escape,1971 mm,"19,5 graus","19,1 graus","20,5 graus",1740 mm,1727 mm,1200 litros,557 kg,5903 mm,3672 mm,2062 mm,2663 kg,4490 kg,125 litros,151 mm,Disco ventilado,275/55 R20,Disco sólido,Elétrica,"14,1 m","Indep., braços sobrepostos",Mola pneumática,Eixo rígido,875 km,750 km,7 km/l,6 km/l,209 mm,,,,,,499 cm³,2993 cm³,,,Corrente,,,,,,,
ram,1500,1500,1500-laie-night-edition-3-0-2025,1500-laie-night-edition-3-0-2025,https://www.fichacompleta.com.br/carros/ram/1500-laie-night-edition-3-0-2025,2026-06-20T20:46:45.115010,Ram 1500 Laie Night Edition 3.0 2025,"5,3 s",180 km/h,Conversor de torque,Automático,,8,Integral temporária,Injeção direta,Turbocompressor,,6 em linha,Hurricane T6,Duplo no cabeçote,90 mm,84 mm,Longitudinal,Dianteiro,"6,27 kg/cv","41,1 kg/kgfm","142,0 cv/litro",425 cv,"10,4:1",5200 rpm,3500 rpm,5800 rpm,"21,7 kgfm/litro","64,8 kgfm",Hidráulicos,4,Admissão e escape,1971 mm,"19,5 graus","19,1 graus","20,5 graus",1740 mm,1727 mm,1200 litros,557 kg,5903 mm,3672 mm,2062 mm,2663 kg,4490 kg,125 litros,128 mm,Disco ventilado,285/45 R22,Disco sólido,Elétrica,"14,1 m","Indep., braços sobrepostos",Mola pneumática,Eixo rígido,875 km,750 km,7 km/l,6 km/l,209 mm,,,,,,499 cm³,2993 cm³,,,Corrente,,,,,,,
ram,2500,2500,2500-laie-6-7-turbo-cd-2012,2500-laie-6-7-turbo-cd-2012,https://www.fichacompleta.com.br/carros/ram/2500-laie-6-7-turbo-cd-2012,2026-06-20T20:47:24.267090,Ram 2500 Laie 6.7 Turbo CD 2012,11 s,160 km/h,Conversor de torque,Automático,,6,Integral temporária,Injeção direta,Turbocompressor,6690 cm³,6 em linha,Cummins,Único no bloco,124 mm,107 mm,Longitudinal,Dianteiro,"10,6 kg/cv","38,8 kg/kgfm","46,3 cv/litro",310 cv,"17,3:1",,,,"12,6 kgfm/litro","84,6 kgfm",Mecânicos,4,,1994 mm,"18,2 graus","21,8 graus",27 graus,1735 mm,1732 mm,1628 litros,1075 kg,5834 mm,3782 mm,2029 mm,3279 kg,5624 kg,128 litros,186 mm,Disco ventilado,265/70 R17,Disco sólido,Hidráulica,"13,3 m",Eixo rígido,Feixe de molas semielípticas,Eixo rígido,,,,,180 mm,6,,,1628 litros,"13,3 m",,,3000 rpm,1500 rpm,,973 km,653 km,"7,6 km/l","5,1 km/l",,,
ram,2500,2500,2500-laie-6-7-turbo-cd-2016,2500-laie-6-7-turbo-cd-2016,https://www.fichacompleta.com.br/carros/ram/2500-laie-6-7-turbo-cd-2016,2026-06-20T20:47:28.369918,Ram 2500 Laie 6.7 Turbo CD 2016,11 s,160 km/h,Conversor de torque,Automático,66RFE,,Integral temporária,Injeção direta,Turbocompressor,6690 cm³,6 em linha,Cummins,no bloco,124 mm,107 mm,Longitudinal,Dianteiro,"10,3 kg/cv","32,8 kg/kgfm","49,3 cv/litro",330 cv a 2800 rpm,"16,2:1",,,,"15,5 kgfm/litro",104 kgfm a 1600 rpm,Mecânicos,4,,1974 mm,"18,2 graus","21,8 graus",27 graus,1735 mm,1732 mm,,1030 kg,6030 mm,3797 mm,2009 mm,3410 kg,7750 kg,117 litros,193 mm,Disco ventilado,275/70 R18,Disco sólido,Hidráulica,,Eixo rígido,Mola helicoidal,Eixo rígido,,,,,188 mm,6,,,1240 litros,"13,4 m",,,,,,936 km,702 km,8 km/l,6 km/l,,,
ram,2500,2500,2500-laie-6-7-turbo-cd-2017,2500-laie-6-7-turbo-cd-2017,https://www.fichacompleta.com.br/carros/ram/2500-laie-6-7-turbo-cd-2017,2026-06-20T20:47:33.027807,Ram 2500 Laie 6.7 Turbo CD 2017,11 s,160 km/h,Conversor de torque,Automático,66RFE,,Integral temporária,Injeção direta,Turbocompressor,6690 cm³,6 em linha,Cummins,no bloco,124 mm,107 mm,Longitudinal,Dianteiro,"10,3 kg/cv","32,8 kg/kgfm","49,3 cv/litro",330 cv a 2800 rpm,"16,2:1",,,,"15,5 kgfm/litro",104 kgfm a 1600 rpm,Mecânicos,4,,1974 mm,"18,2 graus","21,8 graus",27 graus,1735 mm,1732 mm,,1030 kg,6030 mm,3797 mm,2009 mm,3410 kg,7750 kg,117 litros,193 mm,Disco ventilado,275/70 R18,Disco sólido,Hidráulica,,Eixo rígido,Mola helicoidal,Eixo rígido,,,,,188 mm,6,,,1240 litros,"13,4 m",,,,,,936 km,702 km,8 km/l,6 km/l,,,
ram,2500,2500,2500-laie-6-7-turbo-cd-2018,2500-laie-6-7-turbo-cd-2018,https://www.fichacompleta.com.br/carros/ram/2500-laie-6-7-turbo-cd-2018,2026-06-20T20:47:36.392326,Ram 2500 Laie 6.7 Turbo CD 2018,11 s,160 km/h,Conversor de torque,Automático,66RFE,,Integral temporária,Injeção direta,Turbocompressor,6690 cm³,6 em linha,Cummins,no bloco,124 mm,107 mm,Longitudinal,Dianteiro,"10,5 kg/cv","33,3 kg/kgfm","49,3 cv/litro",330 cv a 2800 rpm,"16,2:1",,,,"15,5 kgfm/litro",104 kgfm a 1600 rpm,Mecânicos,4,,1974 mm,"18,2 graus","21,8 graus",27 graus,1735 mm,1732 mm,,1071 kg,6030 mm,3797 mm,2009 mm,3465 kg,7750 kg,117 litros,193 mm,Disco ventilado,275/70 R18,Disco sólido,Hidráulica,,Eixo rígido,Mola helicoidal,Eixo rígido,,,,,188 mm,6,,,1240 litros,"13,4 m",,,,,,936 km,702 km,8 km/l,6 km/l,,,
ram,2500,2500,2500-laie-6-7-turbo-cd-2019,2500-laie-6-7-turbo-cd-2019,https://www.fichacompleta.com.br/carros/ram/2500-laie-6-7-turbo-cd-2019,2026-06-20T20:47:39.814244,Ram 2500 Laie 6.7 Turbo CD 2019,11 s,160 km/h,Conversor de torque,Automático,68RFE,6,Integral temporária,Injeção direta,Turbocompressor,6690 cm³,6 em linha,Cummins,Único no bloco,124 mm,107 mm,Longitudinal,Dianteiro,"9,4 kg/cv","31,1 kg/kgfm","54,6 cv/litro",365 cv,19:1,2600 rpm,1800 rpm,,"16,5 kgfm/litro","110,7 kgfm",Mecânicos,4,,2037 mm,"23,9 graus","22,9 graus","25,8 graus",1745 mm,1729 mm,1280 litros,1088 kg,6066 mm,3785 mm,2210 mm,3448 kg,7861 kg,138 litros,193 mm,Disco ventilado,275/70 R18,Disco sólido,Elétrica,"15,8 m",Eixo rígido,Mola helicoidal,Eixo rígido,,,,,334 mm,,,,,,,,,,,1049 km,704 km,"7,6 km/l","5,1 km/l",,,
ram,2500,2500,2500-laie-6-7-turbo-cd-2020,2500-laie-6-7-turbo-cd-2020,https://www.fichacompleta.com.br/carros/ram/2500-laie-6-7-turbo-cd-2020,2026-06-20T20:47:42.321298,Ram 2500 Laie 6.7 Turbo CD 2020,11 s,160 km/h,Conversor de torque,Automático,68RFE,6,Integral temporária,Injeção direta,Turbocompressor,6690 cm³,6 em linha,Cummins,Único no bloco,124 mm,107 mm,Longitudinal,Dianteiro,"9,4 kg/cv","31,1 kg/kgfm","54,6 cv/litro",365 cv,19:1,2600 rpm,1800 rpm,,"16,5 kgfm/litro","110,7 kgfm",Mecânicos,4,,2037 mm,"23,9 graus","22,9 graus","25,8 graus",1745 mm,1729 mm,1280 litros,1088 kg,6066 mm,3785 mm,2210 mm,3448 kg,7861 kg,138 litros,193 mm,Disco ventilado,275/70 R18,Disco sólido,Elétrica,"15,8 m",Eixo rígido,Mola helicoidal,Eixo rígido,,,,,334 mm,,,,,,,,,,,1049 km,704 km,"7,6 km/l","5,1 km/l",,,
ram,2500,2500,2500-night-edition-6-7-turbo-cd-2020,2500-night-edition-6-7-turbo-cd-2020,https://www.fichacompleta.com.br/carros/ram/2500-night-edition-6-7-turbo-cd-2020,2026-06-20T20:47:45.462282,Ram 2500 Night Edition 6.7 Turbo CD 2020,11 s,160 km/h,Conversor de torque,Automático,68RFE,6,Integral temporária,Injeção direta,Turbocompressor,6690 cm³,6 em linha,Cummins,Único no bloco,124 mm,107 mm,Longitudinal,Dianteiro,"9,4 kg/cv","31,1 kg/kgfm","54,6 cv/litro",365 cv,19:1,2600 rpm,1800 rpm,,"16,5 kgfm/litro","110,7 kgfm",Mecânicos,4,,2037 mm,"23,9 graus","22,9 graus","25,8 graus",1745 mm,1729 mm,1280 litros,1088 kg,6066 mm,3785 mm,2210 mm,3448 kg,7861 kg,138 litros,193 mm,Disco ventilado,275/70 R18,Disco sólido,Elétrica,"15,8 m",Eixo rígido,Mola helicoidal,Eixo rígido,,,,,334 mm,,,,,,,,,,,1049 km,704 km,"7,6 km/l","5,1 km/l",,,
ram,2500,2500,2500-laie-6-7-turbo-cd-2021,2500-laie-6-7-turbo-cd-2021,https://www.fichacompleta.com.br/carros/ram/2500-laie-6-7-turbo-cd-2021,2026-06-20T20:47:48.997897,Ram 2500 Laie 6.7 Turbo CD 2021,11 s,160 km/h,Conversor de torque,Automático,68RFE,6,Integral temporária,Injeção direta,Turbocompressor,6690 cm³,6 em linha,Cummins,Único no bloco,124 mm,107 mm,Longitudinal,Dianteiro,"9,4 kg/cv","31,1 kg/kgfm","54,6 cv/litro",365 cv,19:1,2600 rpm,1800 rpm,,"16,5 kgfm/litro","110,7 kgfm",Mecânicos,4,,2037 mm,"23,9 graus","22,9 graus","25,8 graus",1745 mm,1729 mm,1280 litros,1088 kg,6066 mm,3785 mm,2210 mm,3448 kg,7861 kg,138 litros,193 mm,Disco ventilado,275/70 R18,Disco sólido,Elétrica,"15,8 m",Eixo rígido,Mola helicoidal,Eixo rígido,,,,,334 mm,,,,,,,,,,,1049 km,704 km,"7,6 km/l","5,1 km/l",,,
ram,2500,2500,2500-night-edition-6-7-2021,2500-night-edition-6-7-2021,https://www.fichacompleta.com.br/carros/ram/2500-night-edition-6-7-2021,2026-06-20T20:47:51.541323,Ram 2500 Night Edition 6.7 2021,11 s,160 km/h,Conversor de torque,Automático,68RFE,6,Integral temporária,Injeção direta,Turbocompressor,,6 em linha,Cummins,Único no bloco,124 mm,107 mm,Longitudinal,Dianteiro,"9,45 kg/cv","31,1 kg/kgfm","54,6 cv/litro",365 cv,19:1,2600 rpm,1800 rpm,,"16,5 kgfm/litro","110,7 kgfm",Mecânicos,4,,2037 mm,"23,9 graus","22,9 graus","25,8 graus",1745 mm,1729 mm,1280 litros,1088 kg,6066 mm,3785 mm,2210 mm,3448 kg,7861 kg,138 litros,193 mm,Disco ventilado,275/70 R18,Disco sólido,Elétrica,"15,8 m",Eixo rígido,Mola helicoidal,Eixo rígido,,,,,334 mm,,,,,,1.115 cm³,6690 cm³,,,,1049 km,704 km,"7,6 km/l","5,1 km/l",,,
ram,2500,2500,2500-rodeo-6-7-turbo-cd-2021,2500-rodeo-6-7-turbo-cd-2021,https://www.fichacompleta.com.br/carros/ram/2500-rodeo-6-7-turbo-cd-2021,2026-06-20T20:47:55.914962,Ram 2500 Rodeo 6.7 Turbo CD 2021,11 s,160 km/h,Conversor de torque,Automático,68RFE,6,Integral temporária,Injeção direta,Turbocompressor,6690 cm³,6 em linha,Cummins,Único no bloco,124 mm,107 mm,Longitudinal,Dianteiro,"9,4 kg/cv","31,1 kg/kgfm","54,6 cv/litro",,19:1,,,,"16,5 kgfm/litro",,Mecânicos,4,,2037 mm,"23,9 graus","22,9 graus","25,8 graus",1745 mm,1729 mm,1628 litros,1088 kg,6066 mm,3785 mm,2210 mm,3448 kg,7861 kg,138 litros,193 mm,Disco ventilado,275/70 R18,Disco sólido,Elétrica,"15,8 m",Eixo rígido,Mola helicoidal,Eixo rígido,,,,,334 mm,,,,,,,,2600 rpm,1800 rpm,,1049 km,704 km,"7,6 km/l","5,1 km/l",365 cv,"110,7 kgfm",
ram,2500,2500,2500-laie-6-7-cd-2022,2500-laie-6-7-cd-2022,https://www.fichacompleta.com.br/carros/ram/2500-laie-6-7-cd-2022,2026-06-20T20:48:00.338614,Ram 2500 Laie 6.7 CD 2022,11 s,160 km/h,Conversor de torque,Automático,68RFE,6,Integral temporária,Injeção direta,Turbocompressor,6690 cm³,6 em linha,Cummins,Único no bloco,124 mm,107 mm,Longitudinal,Dianteiro,"9,4 kg/cv","31,1 kg/kgfm","54,6 cv/litro",365 cv,19:1,,,,"16,5 kgfm/litro","110,7 kgfm",Mecânicos,4,,2037 mm,"23,9 graus","22,9 graus","25,8 graus",1745 mm,1729 mm,1280 litros,1088 kg,6066 mm,3785 mm,2210 mm,3448 kg,7861 kg,138 litros,193 mm,Disco ventilado,275/70 R18,Disco sólido,Elétrica,"15,8 m",Eixo rígido,Mola helicoidal,Eixo rígido,,,,,334 mm,,,,1280 litros,,,,2600 rpm,1800 rpm,,1049 km,704 km,"7,6 km/l","5,1 km/l",,,
ram,2500,2500,2500-night-edition-6-7-cd-2022,2500-night-edition-6-7-cd-2022,https://www.fichacompleta.com.br/carros/ram/2500-night-edition-6-7-cd-2022,2026-06-20T20:48:04.439733,Ram 2500 Night Edition 6.7 CD 2022,11 s,160 km/h,Conversor de torque,Automático,68RFE,6,Integral temporária,Injeção direta,Turbocompressor,6690 cm³,6 em linha,Cummins,Único no bloco,124 mm,107 mm,Longitudinal,Dianteiro,"9,4 kg/cv","31,1 kg/kgfm","54,6 cv/litro",365 cv,19:1,,,,"16,5 kgfm/litro","110,7 kgfm",Mecânicos,4,,2037 mm,"23,9 graus","22,9 graus","25,8 graus",1745 mm,1729 mm,1280 litros,1088 kg,6066 mm,3785 mm,2210 mm,3448 kg,7861 kg,138 litros,193 mm,Disco ventilado,275/70 R18,Disco sólido,Elétrica,"15,8 m",Eixo rígido,Mola helicoidal,Eixo rígido,,,,,334 mm,,,,1280 litros,,,,2600 rpm,1800 rpm,,1049 km,704 km,"7,6 km/l","5,1 km/l",,,
ram,2500,2500,2500-laie-6-7-2023,2500-laie-6-7-2023,https://www.fichacompleta.com.br/carros/ram/2500-laie-6-7-2023,2026-06-20T20:48:38.363673,,,,,,,,,,,,,,,,,,,,,,,,,,,,,,,,,,,,,,,,,,,,,,,,,,,,,,,,,,,,,,,,,,,,,,,,,,,,falha_na_requisicao
ram,2500,2500,2500-night-edition-6-7-2023,2500-night-edition-6-7-2023,https://www.fichacompleta.com.br/carros/ram/2500-night-edition-6-7-2023,2026-06-20T20:49:08.395712,,,,,,,,,,,,,,,,,,,,,,,,,,,,,,,,,,,,,,,,,,,,,,,,,,,,,,,,,,,,,,,,,,,,,,,,,,,,falha_na_requisicao
ram,2500,2500,2500-laie-6-7-2024,2500-laie-6-7-2024,https://www.fichacompleta.com.br/carros/ram/2500-laie-6-7-2024,2026-06-20T20:49:38.439311,,,,,,,,,,,,,,,,,,,,,,,,,,,,,,,,,,,,,,,,,,,,,,,,,,,,,,,,,,,,,,,,,,,,,,,,,,,,falha_na_requisicao
ram,2500,2500,2500-night-edition-6-7-2024,2500-night-edition-6-7-2024,https://www.fichacompleta.com.br/carros/ram/2500-night-edition-6-7-2024,2026-06-20T20:50:08.462147,,,,,,,,,,,,,,,,,,,,,,,,,,,,,,,,,,,,,,,,,,,,,,,,,,,,,,,,,,,,,,,,,,,,,,,,,,,,falha_na_requisicao
ram,2500,2500,2500-rodeo-edition-6-7-2024,2500-rodeo-edition-6-7-2024,https://www.fichacompleta.com.br/carros/ram/2500-rodeo-edition-6-7-2024,2026-06-20T20:50:38.499594,,,,,,,,,,,,,,,,,,,,,,,,,,,,,,,,,,,,,,,,,,,,,,,,,,,,,,,,,,,,,,,,,,,,,,,,,,,,falha_na_requisicao
ram,2500,2500,2500-laie-6-7-2025,2500-laie-6-7-2025,https://www.fichacompleta.com.br/carros/ram/2500-laie-6-7-2025,2026-06-20T20:51:08.530349,,,,,,,,,,,,,,,,,,,,,,,,,,,,,,,,,,,,,,,,,,,,,,,,,,,,,,,,,,,,,,,,,,,,,,,,,,,,falha_na_requisicao
